-- MySQL dump 10.13  Distrib 8.0.44, for Win64 (x86_64)
--
-- Host: localhost    Database: TravelCheckinApp
-- ------------------------------------------------------
-- Server version	8.0.44

/*!40101 SET @OLD_CHARACTER_SET_CLIENT=@@CHARACTER_SET_CLIENT */;
/*!40101 SET @OLD_CHARACTER_SET_RESULTS=@@CHARACTER_SET_RESULTS */;
/*!40101 SET @OLD_COLLATION_CONNECTION=@@COLLATION_CONNECTION */;
/*!50503 SET NAMES utf8mb4 */;
/*!40103 SET @OLD_TIME_ZONE=@@TIME_ZONE */;
/*!40103 SET TIME_ZONE='+00:00' */;
/*!40014 SET @OLD_UNIQUE_CHECKS=@@UNIQUE_CHECKS, UNIQUE_CHECKS=0 */;
/*!40014 SET @OLD_FOREIGN_KEY_CHECKS=@@FOREIGN_KEY_CHECKS, FOREIGN_KEY_CHECKS=0 */;
/*!40101 SET @OLD_SQL_MODE=@@SQL_MODE, SQL_MODE='NO_AUTO_VALUE_ON_ZERO' */;
/*!40111 SET @OLD_SQL_NOTES=@@SQL_NOTES, SQL_NOTES=0 */;

--
-- Table structure for table `account_blacklist`
--

DROP TABLE IF EXISTS `account_blacklist`;
/*!40101 SET @saved_cs_client     = @@character_set_client */;
/*!50503 SET character_set_client = utf8mb4 */;
CREATE TABLE `account_blacklist` (
  `blacklist_id` bigint NOT NULL AUTO_INCREMENT,
  `user_id` int DEFAULT NULL,
  `email` varchar(255) DEFAULT NULL,
  `phone` varchar(30) DEFAULT NULL,
  `reason` varchar(255) DEFAULT NULL,
  `source_report_id` int DEFAULT NULL,
  `banned_by` int DEFAULT NULL,
  `created_at` datetime NOT NULL DEFAULT CURRENT_TIMESTAMP,
  PRIMARY KEY (`blacklist_id`),
  UNIQUE KEY `uniq_account_blacklist_email` (`email`),
  UNIQUE KEY `uniq_account_blacklist_phone` (`phone`),
  KEY `idx_account_blacklist_user` (`user_id`),
  KEY `fk_account_blacklist_admin` (`banned_by`),
  KEY `fk_account_blacklist_report` (`source_report_id`),
  CONSTRAINT `fk_account_blacklist_admin` FOREIGN KEY (`banned_by`) REFERENCES `users` (`user_id`) ON DELETE SET NULL,
  CONSTRAINT `fk_account_blacklist_report` FOREIGN KEY (`source_report_id`) REFERENCES `reports` (`report_id`) ON DELETE SET NULL,
  CONSTRAINT `fk_account_blacklist_user` FOREIGN KEY (`user_id`) REFERENCES `users` (`user_id`) ON DELETE SET NULL
) ENGINE=InnoDB DEFAULT CHARSET=utf8mb4 COLLATE=utf8mb4_0900_ai_ci;
/*!40101 SET character_set_client = @saved_cs_client */;

--
-- Dumping data for table `account_blacklist`
--

LOCK TABLES `account_blacklist` WRITE;
/*!40000 ALTER TABLE `account_blacklist` DISABLE KEYS */;
/*!40000 ALTER TABLE `account_blacklist` ENABLE KEYS */;
UNLOCK TABLES;

--
-- Table structure for table `ai_chat_history`
--

DROP TABLE IF EXISTS `ai_chat_history`;
/*!40101 SET @saved_cs_client     = @@character_set_client */;
/*!50503 SET character_set_client = utf8mb4 */;
CREATE TABLE `ai_chat_history` (
  `history_id` int NOT NULL AUTO_INCREMENT,
  `user_id` int NOT NULL,
  `ai_model` varchar(50) DEFAULT 'Gemini',
  `prompt` text NOT NULL,
  `response` text NOT NULL,
  `metadata` json DEFAULT NULL,
  `created_at` timestamp NULL DEFAULT CURRENT_TIMESTAMP,
  `response_time_ms` int DEFAULT NULL,
  `prompt_tokens` int DEFAULT NULL,
  `completion_tokens` int DEFAULT NULL,
  `total_tokens` int DEFAULT NULL,
  `error_message` text,
  `model_version` varchar(50) DEFAULT NULL,
  PRIMARY KEY (`history_id`),
  KEY `idx_user` (`user_id`),
  KEY `idx_chat_user_time` (`user_id`,`created_at`),
  CONSTRAINT `ai_chat_history_ibfk_1` FOREIGN KEY (`user_id`) REFERENCES `users` (`user_id`) ON DELETE CASCADE
) ENGINE=InnoDB DEFAULT CHARSET=utf8mb4 COLLATE=utf8mb4_0900_ai_ci;
/*!40101 SET character_set_client = @saved_cs_client */;

--
-- Dumping data for table `ai_chat_history`
--

LOCK TABLES `ai_chat_history` WRITE;
/*!40000 ALTER TABLE `ai_chat_history` DISABLE KEYS */;
/*!40000 ALTER TABLE `ai_chat_history` ENABLE KEYS */;
UNLOCK TABLES;

--
-- Table structure for table `audit_logs`
--

DROP TABLE IF EXISTS `audit_logs`;
/*!40101 SET @saved_cs_client     = @@character_set_client */;
/*!50503 SET character_set_client = utf8mb4 */;
CREATE TABLE `audit_logs` (
  `log_id` int NOT NULL AUTO_INCREMENT,
  `user_id` int DEFAULT NULL,
  `action` varchar(255) NOT NULL,
  `details` text,
  `created_at` timestamp NULL DEFAULT CURRENT_TIMESTAMP,
  PRIMARY KEY (`log_id`),
  KEY `audit_logs_user_fk` (`user_id`),
  CONSTRAINT `audit_logs_user_fk` FOREIGN KEY (`user_id`) REFERENCES `users` (`user_id`) ON DELETE SET NULL
) ENGINE=InnoDB AUTO_INCREMENT=504 DEFAULT CHARSET=utf8mb4 COLLATE=utf8mb4_0900_ai_ci;
/*!40101 SET character_set_client = @saved_cs_client */;

--
-- Dumping data for table `audit_logs`
--

LOCK TABLES `audit_logs` WRITE;
/*!40000 ALTER TABLE `audit_logs` DISABLE KEYS */;
INSERT INTO `audit_logs` VALUES (1,1,'UPDATE_COMMISSION_RATE','{\"ownerId\":4,\"newRate\":3,\"timestamp\":\"2026-02-02T14:39:17.740Z\"}','2026-02-02 14:39:17'),(2,1,'UPDATE_COMMISSION_RATE','{\"ownerId\":4,\"newRate\":4,\"timestamp\":\"2026-02-02T14:44:05.674Z\"}','2026-02-02 14:44:05'),(3,1,'APPROVE_OWNER','{\"ownerId\":\"4\",\"timestamp\":\"2026-02-02T16:50:27.305Z\"}','2026-02-02 16:50:27'),(4,1,'APPROVE_OWNER','{\"ownerId\":\"4\",\"timestamp\":\"2026-02-02T16:50:36.367Z\"}','2026-02-02 16:50:36'),(5,1,'UPDATE_COMMISSION_RATE','{\"ownerId\":4,\"newRate\":5.5,\"timestamp\":\"2026-02-02T16:51:37.824Z\"}','2026-02-02 16:51:37'),(6,1,'APPROVE_OWNER','{\"ownerId\":\"4\",\"timestamp\":\"2026-02-02T16:51:52.749Z\"}','2026-02-02 16:51:52'),(7,1,'UPDATE_COMMISSION_RATE','{\"ownerId\":4,\"oldRate\":null,\"newRate\":1.5,\"reason\":null,\"timestamp\":\"2026-02-02T17:37:13.243Z\"}','2026-02-02 17:37:13'),(8,1,'APPROVE_OWNER','{\"ownerId\":\"4\",\"timestamp\":\"2026-02-02T17:37:20.288Z\"}','2026-02-02 17:37:20'),(9,1,'UPLOAD_ADMIN_AVATAR','{\"mimetype\":\"image/jpeg\",\"size\":334352,\"avatar_path\":\"/uploads/avatars/avatar-1-1770136267845-28dd48cff1d2.jpg\",\"timestamp\":\"2026-02-03T16:31:07.858Z\"}','2026-02-03 16:31:07'),(10,1,'UPDATE_ADMIN_PROFILE','{\"full_name\":\"Mai Nhựt Minh\",\"phone\":\"0869378427\",\"skip_avatar\":true,\"timestamp\":\"2026-02-03T16:31:07.891Z\"}','2026-02-03 16:31:07'),(11,1,'UPDATE_ADMIN_BANK','{\"bank_name\":\"Eximbank\",\"bank_account_last4\":\"2004\",\"timestamp\":\"2026-02-03T16:54:47.046Z\"}','2026-02-03 16:54:47'),(12,4,'CREATE_OWNER_LOCATION','{\"location_id\":1,\"location_name\":\"Cafe Trung Nguyên\",\"location_type\":\"restaurant\",\"image_url\":\"/uploads/locations/location-4-1770137748448-742673641852.jpg\",\"timestamp\":\"2026-02-03T16:55:48.658Z\"}','2026-02-03 16:55:48'),(13,4,'CREATE_OWNER_LOCATION','{\"location_id\":2,\"location_name\":\"Nhà Trọ Phú Mỹ\",\"location_type\":\"hotel\",\"image_url\":\"/uploads/locations/location-4-1770137807261-b78586ed02ee.jpg\",\"timestamp\":\"2026-02-03T16:56:47.457Z\"}','2026-02-03 16:56:47'),(14,4,'CREATE_OWNER_LOCATION','{\"location_id\":3,\"location_name\":\"Bờ Kè Sông Hậu\",\"location_type\":\"tourist\",\"image_url\":\"/uploads/locations/location-4-1770137918199-2eb3920a2fb9.webp\",\"timestamp\":\"2026-02-03T16:58:38.208Z\"}','2026-02-03 16:58:38'),(15,1,'UPDATE_LOCATION_COMMISSION_RATE','{\"locationId\":3,\"oldRate\":2.5,\"newRate\":1,\"timestamp\":\"2026-02-03T16:59:02.996Z\"}','2026-02-03 16:59:02'),(16,1,'UPDATE_LOCATION_COMMISSION_RATE','{\"locationId\":2,\"oldRate\":2.5,\"newRate\":2,\"timestamp\":\"2026-02-03T16:59:12.472Z\"}','2026-02-03 16:59:12'),(17,1,'UPDATE_LOCATION_COMMISSION_RATE','{\"locationId\":1,\"oldRate\":2.5,\"newRate\":2,\"timestamp\":\"2026-02-03T16:59:17.451Z\"}','2026-02-03 16:59:17'),(18,1,'APPROVE_LOCATION','{\"locationId\":\"3\",\"timestamp\":\"2026-02-03T16:59:18.463Z\"}','2026-02-03 16:59:18'),(19,1,'APPROVE_LOCATION','{\"locationId\":\"2\",\"timestamp\":\"2026-02-03T16:59:19.103Z\"}','2026-02-03 16:59:19'),(20,1,'APPROVE_LOCATION','{\"locationId\":\"1\",\"timestamp\":\"2026-02-03T16:59:19.604Z\"}','2026-02-03 16:59:19'),(21,4,'UPLOAD_OWNER_SERVICE_IMAGE','{\"mimetype\":\"image/jpeg\",\"size\":153129,\"image_path\":\"/uploads/services/service-4-1770138525156-fe5ffb2aad0e.jpg\",\"timestamp\":\"2026-02-03T17:08:45.158Z\"}','2026-02-03 17:08:45'),(22,4,'CREATE_OWNER_SERVICE','{\"owner_id\":4,\"location_id\":1,\"service_id\":1,\"timestamp\":\"2026-02-03T17:08:56.670Z\"}','2026-02-03 17:08:56'),(23,4,'UPLOAD_OWNER_SERVICE_IMAGE','{\"mimetype\":\"image/jpeg\",\"size\":637111,\"image_path\":\"/uploads/services/service-4-1770138544156-dd278575e0e1.jpg\",\"timestamp\":\"2026-02-03T17:09:04.160Z\"}','2026-02-03 17:09:04'),(24,4,'CREATE_OWNER_SERVICE','{\"owner_id\":4,\"location_id\":1,\"service_id\":2,\"timestamp\":\"2026-02-03T17:09:30.630Z\"}','2026-02-03 17:09:30'),(25,4,'UPLOAD_OWNER_SERVICE_IMAGE','{\"mimetype\":\"image/png\",\"size\":615179,\"image_path\":\"/uploads/services/service-4-1770138590078-5c2d6b9234cc.png\",\"timestamp\":\"2026-02-03T17:09:50.082Z\"}','2026-02-03 17:09:50'),(26,4,'CREATE_OWNER_SERVICE','{\"owner_id\":4,\"location_id\":1,\"service_id\":3,\"timestamp\":\"2026-02-03T17:10:05.731Z\"}','2026-02-03 17:10:05'),(27,4,'UPLOAD_OWNER_SERVICE_IMAGE','{\"mimetype\":\"image/jpeg\",\"size\":149483,\"image_path\":\"/uploads/services/service-4-1770138620805-5dbfff48e9d6.jpg\",\"timestamp\":\"2026-02-03T17:10:20.847Z\"}','2026-02-03 17:10:20'),(28,4,'CREATE_OWNER_SERVICE','{\"owner_id\":4,\"location_id\":1,\"service_id\":4,\"timestamp\":\"2026-02-03T17:11:04.839Z\"}','2026-02-03 17:11:04'),(29,4,'UPDATE_OWNER_PROFILE','{\"full_name\":\"Phan Khánh Quyên\",\"phone\":\"0869378422\",\"skip_avatar\":false,\"timestamp\":\"2026-02-03T17:12:15.518Z\"}','2026-02-03 17:12:15'),(30,4,'UPLOAD_OWNER_SERVICE_IMAGE','{\"mimetype\":\"image/jpeg\",\"size\":14149,\"image_path\":\"/uploads/services/service-4-1770138817540-8ba4e25d35fe.jpg\",\"timestamp\":\"2026-02-03T17:13:37.542Z\"}','2026-02-03 17:13:37'),(31,4,'CREATE_OWNER_SERVICE','{\"owner_id\":4,\"location_id\":2,\"service_id\":5,\"timestamp\":\"2026-02-03T17:13:55.357Z\"}','2026-02-03 17:13:55'),(32,4,'UPLOAD_OWNER_SERVICE_IMAGE','{\"mimetype\":\"image/jpeg\",\"size\":14149,\"image_path\":\"/uploads/services/service-4-1770138862528-57a00ac0c7e8.jpg\",\"timestamp\":\"2026-02-03T17:14:22.530Z\"}','2026-02-03 17:14:22'),(33,4,'CREATE_OWNER_SERVICE','{\"owner_id\":4,\"location_id\":2,\"service_id\":6,\"timestamp\":\"2026-02-03T17:14:26.406Z\"}','2026-02-03 17:14:26'),(34,4,'UPLOAD_OWNER_SERVICE_IMAGE','{\"mimetype\":\"image/jpeg\",\"size\":19546,\"image_path\":\"/uploads/services/service-4-1770138895174-751ff3d9ef50.jpg\",\"timestamp\":\"2026-02-03T17:14:55.178Z\"}','2026-02-03 17:14:55'),(35,4,'CREATE_OWNER_SERVICE','{\"owner_id\":4,\"location_id\":3,\"service_id\":7,\"timestamp\":\"2026-02-03T17:15:06.907Z\"}','2026-02-03 17:15:06'),(36,4,'UPLOAD_OWNER_SERVICE_IMAGE','{\"mimetype\":\"image/png\",\"size\":13065,\"image_path\":\"/uploads/services/service-4-1770138914751-85503641ffa6.png\",\"timestamp\":\"2026-02-03T17:15:14.794Z\"}','2026-02-03 17:15:14'),(37,4,'CREATE_OWNER_SERVICE','{\"owner_id\":4,\"location_id\":3,\"service_id\":8,\"timestamp\":\"2026-02-03T17:15:34.543Z\"}','2026-02-03 17:15:34'),(38,1,'BULK_UPDATE_OWNER_SERVICE_APPROVAL','{\"scope\":\"ids\",\"status\":\"approved\",\"reason\":null,\"filter\":null,\"service_ids\":[8,7,6,5,4,3,2,1],\"exclude_service_ids\":[],\"affected\":8,\"timestamp\":\"2026-02-03T17:52:06.409Z\"}','2026-02-03 17:52:06'),(39,4,'CREATE_HOTEL_ROOM','{\"location_id\":2,\"floor_number\":1,\"room_number\":\"Phòng1\",\"room_id\":1,\"timestamp\":\"2026-02-03T19:20:28.758Z\"}','2026-02-03 19:20:28'),(40,4,'CREATE_HOTEL_ROOM','{\"location_id\":2,\"floor_number\":1,\"room_number\":\"Phòng2\",\"room_id\":2,\"timestamp\":\"2026-02-03T19:20:28.776Z\"}','2026-02-03 19:20:28'),(41,4,'CREATE_HOTEL_ROOM','{\"location_id\":2,\"floor_number\":1,\"room_number\":\"Phòng3\",\"room_id\":3,\"timestamp\":\"2026-02-03T19:20:28.793Z\"}','2026-02-03 19:20:28'),(42,4,'CREATE_HOTEL_ROOM','{\"location_id\":2,\"floor_number\":1,\"room_number\":\"Phòng4\",\"room_id\":4,\"timestamp\":\"2026-02-03T19:20:28.804Z\"}','2026-02-03 19:20:28'),(43,4,'CREATE_HOTEL_ROOM','{\"location_id\":2,\"floor_number\":1,\"room_number\":\"Phòng5\",\"room_id\":5,\"timestamp\":\"2026-02-03T19:20:28.817Z\"}','2026-02-03 19:20:28'),(44,4,'CREATE_HOTEL_ROOM','{\"location_id\":2,\"floor_number\":1,\"room_number\":\"Phòng6\",\"room_id\":6,\"timestamp\":\"2026-02-03T19:20:28.827Z\"}','2026-02-03 19:20:28'),(45,4,'CREATE_HOTEL_ROOM','{\"location_id\":2,\"floor_number\":1,\"room_number\":\"Phòng7\",\"room_id\":7,\"timestamp\":\"2026-02-03T19:20:28.839Z\"}','2026-02-03 19:20:28'),(46,4,'CREATE_HOTEL_ROOM','{\"location_id\":2,\"floor_number\":1,\"room_number\":\"Phòng8\",\"room_id\":8,\"timestamp\":\"2026-02-03T19:20:28.853Z\"}','2026-02-03 19:20:28'),(47,4,'CREATE_HOTEL_ROOM','{\"location_id\":2,\"floor_number\":1,\"room_number\":\"Phòng9\",\"room_id\":9,\"timestamp\":\"2026-02-03T19:20:28.865Z\"}','2026-02-03 19:20:28'),(48,4,'CREATE_HOTEL_ROOM','{\"location_id\":2,\"floor_number\":1,\"room_number\":\"Phòng10\",\"room_id\":10,\"timestamp\":\"2026-02-03T19:20:28.879Z\"}','2026-02-03 19:20:28'),(49,4,'CREATE_HOTEL_ROOM','{\"location_id\":2,\"area_id\":3,\"floor_number\":1,\"room_number\":\"Phòng1\",\"room_id\":11,\"timestamp\":\"2026-02-04T05:38:46.775Z\"}','2026-02-04 05:38:46'),(50,4,'CREATE_HOTEL_ROOM','{\"location_id\":2,\"area_id\":3,\"floor_number\":1,\"room_number\":\"Phòng2\",\"room_id\":12,\"timestamp\":\"2026-02-04T05:38:46.825Z\"}','2026-02-04 05:38:46'),(51,4,'CREATE_HOTEL_ROOM','{\"location_id\":2,\"area_id\":3,\"floor_number\":1,\"room_number\":\"Phòng3\",\"room_id\":13,\"timestamp\":\"2026-02-04T05:38:46.857Z\"}','2026-02-04 05:38:46'),(52,4,'CREATE_HOTEL_ROOM','{\"location_id\":2,\"area_id\":3,\"floor_number\":1,\"room_number\":\"Phòng4\",\"room_id\":14,\"timestamp\":\"2026-02-04T05:38:46.888Z\"}','2026-02-04 05:38:46'),(53,4,'CREATE_HOTEL_ROOM','{\"location_id\":2,\"area_id\":3,\"floor_number\":1,\"room_number\":\"Phòng5\",\"room_id\":15,\"timestamp\":\"2026-02-04T05:38:46.917Z\"}','2026-02-04 05:38:46'),(54,4,'CREATE_HOTEL_ROOM','{\"location_id\":2,\"area_id\":3,\"floor_number\":1,\"room_number\":\"Phòng6\",\"room_id\":16,\"timestamp\":\"2026-02-04T05:38:46.947Z\"}','2026-02-04 05:38:46'),(55,4,'CREATE_HOTEL_ROOM','{\"location_id\":2,\"area_id\":3,\"floor_number\":1,\"room_number\":\"Phòng7\",\"room_id\":17,\"timestamp\":\"2026-02-04T05:38:46.979Z\"}','2026-02-04 05:38:46'),(56,4,'CREATE_HOTEL_ROOM','{\"location_id\":2,\"area_id\":3,\"floor_number\":1,\"room_number\":\"Phòng8\",\"room_id\":18,\"timestamp\":\"2026-02-04T05:38:47.006Z\"}','2026-02-04 05:38:47'),(57,4,'CREATE_HOTEL_ROOM','{\"location_id\":2,\"area_id\":3,\"floor_number\":1,\"room_number\":\"Phòng9\",\"room_id\":19,\"timestamp\":\"2026-02-04T05:38:47.042Z\"}','2026-02-04 05:38:47'),(58,4,'CREATE_HOTEL_ROOM','{\"location_id\":2,\"area_id\":3,\"floor_number\":1,\"room_number\":\"Phòng10\",\"room_id\":20,\"timestamp\":\"2026-02-04T05:38:47.074Z\"}','2026-02-04 05:38:47'),(59,4,'CREATE_HOTEL_ROOM','{\"location_id\":2,\"area_id\":4,\"floor_number\":2,\"room_number\":\"Phòng11\",\"room_id\":21,\"timestamp\":\"2026-02-04T05:39:29.733Z\"}','2026-02-04 05:39:29'),(60,4,'CREATE_HOTEL_ROOM','{\"location_id\":2,\"area_id\":4,\"floor_number\":2,\"room_number\":\"Phòng12\",\"room_id\":22,\"timestamp\":\"2026-02-04T05:39:29.752Z\"}','2026-02-04 05:39:29'),(61,4,'CREATE_HOTEL_ROOM','{\"location_id\":2,\"area_id\":4,\"floor_number\":2,\"room_number\":\"Phòng13\",\"room_id\":23,\"timestamp\":\"2026-02-04T05:39:29.764Z\"}','2026-02-04 05:39:29'),(62,4,'CREATE_HOTEL_ROOM','{\"location_id\":2,\"area_id\":4,\"floor_number\":2,\"room_number\":\"Phòng14\",\"room_id\":24,\"timestamp\":\"2026-02-04T05:39:29.780Z\"}','2026-02-04 05:39:29'),(63,4,'CREATE_HOTEL_ROOM','{\"location_id\":2,\"area_id\":4,\"floor_number\":2,\"room_number\":\"Phòng15\",\"room_id\":25,\"timestamp\":\"2026-02-04T05:39:29.792Z\"}','2026-02-04 05:39:29'),(64,4,'CREATE_HOTEL_ROOM','{\"location_id\":2,\"area_id\":4,\"floor_number\":2,\"room_number\":\"Phòng16\",\"room_id\":26,\"timestamp\":\"2026-02-04T05:39:29.807Z\"}','2026-02-04 05:39:29'),(65,4,'CREATE_HOTEL_ROOM','{\"location_id\":2,\"area_id\":4,\"floor_number\":2,\"room_number\":\"Phòng17\",\"room_id\":27,\"timestamp\":\"2026-02-04T05:39:29.819Z\"}','2026-02-04 05:39:29'),(66,4,'CREATE_HOTEL_ROOM','{\"location_id\":2,\"area_id\":4,\"floor_number\":2,\"room_number\":\"Phòng18\",\"room_id\":28,\"timestamp\":\"2026-02-04T05:39:29.837Z\"}','2026-02-04 05:39:29'),(67,4,'CREATE_HOTEL_ROOM','{\"location_id\":2,\"area_id\":4,\"floor_number\":2,\"room_number\":\"Phòng19\",\"room_id\":29,\"timestamp\":\"2026-02-04T05:39:29.852Z\"}','2026-02-04 05:39:29'),(68,4,'CREATE_HOTEL_ROOM','{\"location_id\":2,\"area_id\":4,\"floor_number\":2,\"room_number\":\"Phòng20\",\"room_id\":30,\"timestamp\":\"2026-02-04T05:39:29.864Z\"}','2026-02-04 05:39:29'),(69,4,'CREATE_HOTEL_ROOM','{\"location_id\":2,\"area_id\":4,\"floor_number\":2,\"room_number\":\"Phòng11\",\"room_id\":31,\"timestamp\":\"2026-02-04T05:48:21.768Z\"}','2026-02-04 05:48:21'),(70,4,'CREATE_HOTEL_ROOM','{\"location_id\":2,\"area_id\":4,\"floor_number\":2,\"room_number\":\"Phòng12\",\"room_id\":32,\"timestamp\":\"2026-02-04T05:48:21.816Z\"}','2026-02-04 05:48:21'),(71,4,'CREATE_HOTEL_ROOM','{\"location_id\":2,\"area_id\":4,\"floor_number\":2,\"room_number\":\"Phòng13\",\"room_id\":33,\"timestamp\":\"2026-02-04T05:48:21.852Z\"}','2026-02-04 05:48:21'),(72,4,'CREATE_HOTEL_ROOM','{\"location_id\":2,\"area_id\":4,\"floor_number\":2,\"room_number\":\"Phòng14\",\"room_id\":34,\"timestamp\":\"2026-02-04T05:48:21.879Z\"}','2026-02-04 05:48:21'),(73,4,'CREATE_HOTEL_ROOM','{\"location_id\":2,\"area_id\":4,\"floor_number\":2,\"room_number\":\"Phòng15\",\"room_id\":35,\"timestamp\":\"2026-02-04T05:48:21.916Z\"}','2026-02-04 05:48:21'),(74,4,'CREATE_HOTEL_ROOM','{\"location_id\":2,\"area_id\":4,\"floor_number\":2,\"room_number\":\"Phòng16\",\"room_id\":36,\"timestamp\":\"2026-02-04T05:48:21.944Z\"}','2026-02-04 05:48:21'),(75,4,'CREATE_HOTEL_ROOM','{\"location_id\":2,\"area_id\":4,\"floor_number\":2,\"room_number\":\"Phòng17\",\"room_id\":37,\"timestamp\":\"2026-02-04T05:48:21.970Z\"}','2026-02-04 05:48:21'),(76,4,'CREATE_HOTEL_ROOM','{\"location_id\":2,\"area_id\":4,\"floor_number\":2,\"room_number\":\"Phòng18\",\"room_id\":38,\"timestamp\":\"2026-02-04T05:48:21.996Z\"}','2026-02-04 05:48:21'),(77,4,'CREATE_HOTEL_ROOM','{\"location_id\":2,\"area_id\":4,\"floor_number\":2,\"room_number\":\"Phòng19\",\"room_id\":39,\"timestamp\":\"2026-02-04T05:48:22.023Z\"}','2026-02-04 05:48:22'),(78,4,'CREATE_HOTEL_ROOM','{\"location_id\":2,\"area_id\":4,\"floor_number\":2,\"room_number\":\"Phòng20\",\"room_id\":40,\"timestamp\":\"2026-02-04T05:48:22.055Z\"}','2026-02-04 05:48:22'),(79,4,'CREATE_OWNER_EMPLOYEE','{\"employee_id\":9,\"location_ids\":[1],\"timestamp\":\"2026-02-04T06:19:33.413Z\"}','2026-02-04 06:19:33'),(80,4,'CREATE_OWNER_EMPLOYEE','{\"employee_id\":10,\"location_ids\":[1],\"timestamp\":\"2026-02-04T06:20:08.056Z\"}','2026-02-04 06:20:08'),(81,4,'CREATE_OWNER_EMPLOYEE','{\"employee_id\":11,\"location_ids\":[2],\"timestamp\":\"2026-02-04T06:20:54.007Z\"}','2026-02-04 06:20:54'),(82,4,'CREATE_OWNER_EMPLOYEE','{\"employee_id\":12,\"location_ids\":[2],\"timestamp\":\"2026-02-04T06:21:34.521Z\"}','2026-02-04 06:21:34'),(83,4,'CREATE_OWNER_EMPLOYEE','{\"employee_id\":13,\"location_ids\":[3],\"timestamp\":\"2026-02-04T06:22:13.301Z\"}','2026-02-04 06:22:13'),(84,4,'CREATE_OWNER_EMPLOYEE','{\"employee_id\":14,\"location_ids\":[3],\"timestamp\":\"2026-02-04T06:22:36.364Z\"}','2026-02-04 06:22:36'),(85,4,'SET_HOTEL_ROOM_STATUS','{\"room_id\":11,\"status\":\"cleaning\",\"timestamp\":\"2026-02-04T06:24:15.861Z\"}','2026-02-04 06:24:15'),(86,4,'SET_HOTEL_ROOM_STATUS','{\"room_id\":11,\"status\":\"vacant\",\"timestamp\":\"2026-02-04T06:25:33.710Z\"}','2026-02-04 06:25:33'),(87,4,'CREATE_OWNER_SERVICE','{\"owner_id\":4,\"location_id\":2,\"service_id\":9,\"timestamp\":\"2026-02-04T07:16:31.640Z\"}','2026-02-04 07:16:31'),(88,4,'CREATE_HOTEL_ROOM','{\"location_id\":2,\"area_id\":null,\"floor_number\":1,\"room_number\":\"Phòng3\",\"room_id\":43,\"timestamp\":\"2026-02-04T07:16:31.670Z\"}','2026-02-04 07:16:31'),(89,4,'CREATE_OWNER_SERVICE','{\"owner_id\":4,\"location_id\":2,\"service_id\":10,\"timestamp\":\"2026-02-04T07:16:31.713Z\"}','2026-02-04 07:16:31'),(90,4,'CREATE_HOTEL_ROOM','{\"location_id\":2,\"area_id\":null,\"floor_number\":1,\"room_number\":\"Phòng4\",\"room_id\":44,\"timestamp\":\"2026-02-04T07:16:31.727Z\"}','2026-02-04 07:16:31'),(91,4,'DELETE_OWNER_SERVICE','{\"service_id\":9,\"timestamp\":\"2026-02-04T07:16:51.862Z\"}','2026-02-04 07:16:51'),(92,4,'DELETE_OWNER_SERVICE','{\"service_id\":10,\"timestamp\":\"2026-02-04T07:16:54.173Z\"}','2026-02-04 07:16:54'),(93,4,'CREATE_OWNER_SERVICE','{\"owner_id\":4,\"location_id\":2,\"service_id\":11,\"timestamp\":\"2026-02-04T07:17:53.157Z\"}','2026-02-04 07:17:53'),(94,4,'CREATE_HOTEL_ROOM','{\"location_id\":2,\"area_id\":null,\"floor_number\":2,\"room_number\":\"Phòng3\",\"room_id\":45,\"timestamp\":\"2026-02-04T07:17:53.180Z\"}','2026-02-04 07:17:53'),(95,4,'CREATE_OWNER_SERVICE','{\"owner_id\":4,\"location_id\":2,\"service_id\":12,\"timestamp\":\"2026-02-04T07:17:53.210Z\"}','2026-02-04 07:17:53'),(96,4,'CREATE_HOTEL_ROOM','{\"location_id\":2,\"area_id\":null,\"floor_number\":2,\"room_number\":\"Phòng4\",\"room_id\":46,\"timestamp\":\"2026-02-04T07:17:53.226Z\"}','2026-02-04 07:17:53'),(97,4,'CREATE_OWNER_SERVICE','{\"owner_id\":4,\"location_id\":2,\"service_id\":13,\"timestamp\":\"2026-02-04T07:17:53.254Z\"}','2026-02-04 07:17:53'),(98,4,'CREATE_HOTEL_ROOM','{\"location_id\":2,\"area_id\":null,\"floor_number\":2,\"room_number\":\"Phòng5\",\"room_id\":47,\"timestamp\":\"2026-02-04T07:17:53.267Z\"}','2026-02-04 07:17:53'),(99,4,'CREATE_OWNER_SERVICE','{\"owner_id\":4,\"location_id\":2,\"service_id\":14,\"timestamp\":\"2026-02-04T07:17:53.299Z\"}','2026-02-04 07:17:53'),(100,4,'CREATE_HOTEL_ROOM','{\"location_id\":2,\"area_id\":null,\"floor_number\":2,\"room_number\":\"Phòng6\",\"room_id\":48,\"timestamp\":\"2026-02-04T07:17:53.312Z\"}','2026-02-04 07:17:53'),(101,4,'UPLOAD_OWNER_SERVICE_IMAGE','{\"mimetype\":\"image/jpeg\",\"size\":14149,\"image_path\":\"/uploads/services/service-4-1770189532158-a1b34c72648d.jpg\",\"timestamp\":\"2026-02-04T07:18:52.162Z\"}','2026-02-04 07:18:52'),(102,4,'UPDATE_OWNER_SERVICE','{\"service_id\":11,\"timestamp\":\"2026-02-04T07:18:52.985Z\"}','2026-02-04 07:18:52'),(103,4,'UPLOAD_OWNER_SERVICE_IMAGE','{\"mimetype\":\"image/jpeg\",\"size\":14149,\"image_path\":\"/uploads/services/service-4-1770189542024-7f8fa8c38ce8.jpg\",\"timestamp\":\"2026-02-04T07:19:02.066Z\"}','2026-02-04 07:19:02'),(104,4,'UPDATE_OWNER_SERVICE','{\"service_id\":12,\"timestamp\":\"2026-02-04T07:19:02.865Z\"}','2026-02-04 07:19:02'),(105,4,'UPLOAD_OWNER_SERVICE_IMAGE','{\"mimetype\":\"image/jpeg\",\"size\":14149,\"image_path\":\"/uploads/services/service-4-1770189549590-039655050af5.jpg\",\"timestamp\":\"2026-02-04T07:19:09.591Z\"}','2026-02-04 07:19:09'),(106,4,'UPDATE_OWNER_SERVICE','{\"service_id\":13,\"timestamp\":\"2026-02-04T07:19:10.921Z\"}','2026-02-04 07:19:10'),(107,4,'UPLOAD_OWNER_SERVICE_IMAGE','{\"mimetype\":\"image/jpeg\",\"size\":14149,\"image_path\":\"/uploads/services/service-4-1770189555726-2d27ebd6bd29.jpg\",\"timestamp\":\"2026-02-04T07:19:15.727Z\"}','2026-02-04 07:19:15'),(108,4,'UPDATE_OWNER_SERVICE','{\"service_id\":14,\"timestamp\":\"2026-02-04T07:19:16.527Z\"}','2026-02-04 07:19:16'),(109,4,'UPLOAD_OWNER_SERVICE_IMAGE','{\"mimetype\":\"image/png\",\"size\":416159,\"image_path\":\"/uploads/services/service-4-1770204076202-7de68a092498.png\",\"timestamp\":\"2026-02-04T11:21:16.205Z\"}','2026-02-04 11:21:16'),(110,4,'CREATE_OWNER_SERVICE','{\"owner_id\":4,\"location_id\":1,\"service_id\":15,\"timestamp\":\"2026-02-04T11:21:34.553Z\"}','2026-02-04 11:21:34'),(111,4,'UPLOAD_OWNER_SERVICE_IMAGE','{\"mimetype\":\"image/jpeg\",\"size\":287690,\"image_path\":\"/uploads/services/service-4-1770204136123-d79c0486ee07.jpg\",\"timestamp\":\"2026-02-04T11:22:16.129Z\"}','2026-02-04 11:22:16'),(112,4,'CREATE_OWNER_SERVICE','{\"owner_id\":4,\"location_id\":1,\"service_id\":16,\"timestamp\":\"2026-02-04T11:22:44.292Z\"}','2026-02-04 11:22:44'),(113,4,'UPLOAD_OWNER_SERVICE_IMAGE','{\"mimetype\":\"image/jpeg\",\"size\":38585,\"image_path\":\"/uploads/services/service-4-1770204174545-16c353aeb017.jpg\",\"timestamp\":\"2026-02-04T11:22:54.589Z\"}','2026-02-04 11:22:54'),(114,4,'CREATE_OWNER_SERVICE','{\"owner_id\":4,\"location_id\":1,\"service_id\":17,\"timestamp\":\"2026-02-04T11:23:11.846Z\"}','2026-02-04 11:23:11'),(115,4,'UPLOAD_OWNER_SERVICE_IMAGE','{\"mimetype\":\"image/png\",\"size\":161502,\"image_path\":\"/uploads/services/service-4-1770204206208-fb46c5231bb6.png\",\"timestamp\":\"2026-02-04T11:23:26.210Z\"}','2026-02-04 11:23:26'),(116,4,'CREATE_OWNER_SERVICE','{\"owner_id\":4,\"location_id\":1,\"service_id\":18,\"timestamp\":\"2026-02-04T11:23:38.424Z\"}','2026-02-04 11:23:38'),(117,1,'BULK_UPDATE_OWNER_SERVICE_APPROVAL','{\"scope\":\"ids\",\"status\":\"approved\",\"reason\":null,\"filter\":null,\"service_ids\":[18,17,16,15,14,13,12,11],\"exclude_service_ids\":[],\"affected\":8,\"timestamp\":\"2026-02-04T11:24:15.494Z\"}','2026-02-04 11:24:15'),(118,4,'SELL_POS_TICKETS','{\"location_id\":3,\"service_id\":7,\"quantity\":1,\"timestamp\":\"2026-02-05T05:21:21.080Z\"}','2026-02-05 05:21:21'),(119,4,'SELL_POS_TICKETS_BATCH','{\"location_id\":3,\"items\":[{\"service_id\":7,\"quantity\":3},{\"service_id\":8,\"quantity\":1}],\"timestamp\":\"2026-02-05T05:29:46.604Z\"}','2026-02-05 05:29:46'),(120,4,'HOTEL_ROOM_CHECKIN','{\"location_id\":2,\"room_ids\":[42],\"stay_nights\":24,\"user_id\":15,\"timestamp\":\"2026-02-25T06:53:59.846Z\"}','2026-02-25 06:53:59'),(121,4,'HOTEL_STAY_CHECKOUT','{\"stay_id\":1,\"location_id\":2,\"room_id\":42,\"payment_id\":1,\"amount\":42000,\"payment_method\":\"cash\",\"timestamp\":\"2026-02-25T06:54:02.143Z\"}','2026-02-25 06:54:02'),(122,4,'SET_HOTEL_ROOM_STATUS','{\"room_id\":42,\"status\":\"vacant\",\"timestamp\":\"2026-02-25T11:52:30.437Z\"}','2026-02-25 11:52:30'),(123,4,'HOTEL_ROOM_CHECKIN','{\"location_id\":2,\"room_ids\":[41],\"stay_nights\":12,\"user_id\":16,\"timestamp\":\"2026-02-25T11:53:06.937Z\"}','2026-02-25 11:53:06'),(124,4,'UPDATE_OWNER_BANK','{\"bank_name\":\"Vietcombank\",\"bank_account_last4\":\"9759\",\"timestamp\":\"2026-02-25T11:53:28.609Z\"}','2026-02-25 11:53:28'),(125,4,'UPDATE_OWNER_BANK','{\"bank_name\":\"Vietcombank\",\"bank_account_last4\":\"9759\",\"timestamp\":\"2026-02-25T11:54:25.810Z\"}','2026-02-25 11:54:25'),(126,4,'HOTEL_STAY_CHECKOUT','{\"stay_id\":2,\"location_id\":2,\"room_id\":41,\"payment_id\":2,\"amount\":84000,\"payment_method\":\"transfer\",\"timestamp\":\"2026-02-25T11:54:40.618Z\"}','2026-02-25 11:54:40'),(127,4,'SET_HOTEL_ROOM_STATUS','{\"room_id\":41,\"status\":\"vacant\",\"timestamp\":\"2026-02-25T11:54:54.233Z\"}','2026-02-25 11:54:54'),(128,4,'SET_HOTEL_ROOM_STATUS','{\"room_id\":41,\"status\":\"cleaning\",\"timestamp\":\"2026-02-25T11:54:55.913Z\"}','2026-02-25 11:54:55'),(129,4,'SET_HOTEL_ROOM_STATUS','{\"room_id\":41,\"status\":\"vacant\",\"timestamp\":\"2026-02-25T11:54:56.572Z\"}','2026-02-25 11:54:56'),(130,4,'HOTEL_ROOM_CHECKIN','{\"location_id\":2,\"room_ids\":[41],\"stay_nights\":24,\"user_id\":17,\"timestamp\":\"2026-02-25T11:55:14.452Z\"}','2026-02-25 11:55:14'),(131,4,'HOTEL_STAY_CHECKOUT','{\"stay_id\":3,\"location_id\":2,\"room_id\":41,\"payment_id\":3,\"amount\":42000,\"payment_method\":\"cash\",\"timestamp\":\"2026-02-25T11:55:16.568Z\"}','2026-02-25 11:55:16'),(132,4,'SET_HOTEL_ROOM_STATUS','{\"room_id\":41,\"status\":\"vacant\",\"timestamp\":\"2026-02-25T11:56:21.784Z\"}','2026-02-25 11:56:21'),(133,4,'HOTEL_ROOM_CHECKIN','{\"location_id\":2,\"room_ids\":[41],\"stay_nights\":24,\"user_id\":18,\"timestamp\":\"2026-02-25T11:56:24.258Z\"}','2026-02-25 11:56:24'),(134,4,'HOTEL_STAY_CHECKOUT','{\"stay_id\":4,\"location_id\":2,\"room_id\":41,\"payment_id\":4,\"amount\":42000,\"payment_method\":\"transfer\",\"timestamp\":\"2026-02-25T11:56:26.234Z\"}','2026-02-25 11:56:26'),(135,4,'SET_HOTEL_ROOM_STATUS','{\"room_id\":41,\"status\":\"vacant\",\"timestamp\":\"2026-02-25T11:59:10.758Z\"}','2026-02-25 11:59:10'),(136,4,'HOTEL_ROOM_CHECKIN','{\"location_id\":2,\"room_ids\":[41],\"stay_nights\":24,\"user_id\":19,\"timestamp\":\"2026-02-25T11:59:13.685Z\"}','2026-02-25 11:59:13'),(137,4,'HOTEL_STAY_CHECKOUT','{\"stay_id\":5,\"location_id\":2,\"room_id\":41,\"payment_id\":5,\"amount\":42000,\"payment_method\":\"transfer\",\"timestamp\":\"2026-02-25T11:59:31.186Z\"}','2026-02-25 11:59:31'),(138,4,'SET_HOTEL_ROOM_STATUS','{\"room_id\":41,\"status\":\"vacant\",\"timestamp\":\"2026-02-25T11:59:34.550Z\"}','2026-02-25 11:59:34'),(139,4,'HOTEL_ROOM_CHECKIN','{\"location_id\":2,\"room_ids\":[41],\"stay_nights\":24,\"user_id\":20,\"timestamp\":\"2026-02-25T11:59:36.958Z\"}','2026-02-25 11:59:36'),(140,4,'HOTEL_STAY_CHECKOUT','{\"stay_id\":6,\"location_id\":2,\"room_id\":41,\"payment_id\":6,\"amount\":42000,\"payment_method\":\"transfer\",\"timestamp\":\"2026-02-25T11:59:37.743Z\"}','2026-02-25 11:59:37'),(141,4,'SET_HOTEL_ROOM_STATUS','{\"room_id\":41,\"status\":\"vacant\",\"timestamp\":\"2026-02-25T11:59:40.168Z\"}','2026-02-25 11:59:40'),(142,4,'HOTEL_ROOM_CHECKIN','{\"location_id\":2,\"room_ids\":[41],\"stay_nights\":24,\"user_id\":21,\"timestamp\":\"2026-02-25T11:59:44.603Z\"}','2026-02-25 11:59:44'),(143,4,'HOTEL_STAY_CHECKOUT','{\"stay_id\":7,\"location_id\":2,\"room_id\":41,\"payment_id\":7,\"amount\":42000,\"payment_method\":\"cash\",\"timestamp\":\"2026-02-25T11:59:49.188Z\"}','2026-02-25 11:59:49'),(144,4,'SET_HOTEL_ROOM_STATUS','{\"room_id\":41,\"status\":\"vacant\",\"timestamp\":\"2026-02-25T11:59:51.840Z\"}','2026-02-25 11:59:51'),(145,4,'HOTEL_ROOM_CHECKIN','{\"location_id\":2,\"room_ids\":[41],\"stay_nights\":24,\"user_id\":22,\"timestamp\":\"2026-02-25T12:00:02.395Z\"}','2026-02-25 12:00:02'),(146,4,'HOTEL_STAY_CHECKOUT','{\"stay_id\":8,\"location_id\":2,\"room_id\":41,\"payment_id\":8,\"amount\":42000,\"payment_method\":\"cash\",\"timestamp\":\"2026-02-25T12:00:04.075Z\"}','2026-02-25 12:00:04'),(147,4,'SET_HOTEL_ROOM_STATUS','{\"room_id\":41,\"status\":\"vacant\",\"timestamp\":\"2026-02-25T12:00:47.474Z\"}','2026-02-25 12:00:47'),(148,4,'HOTEL_ROOM_CHECKIN','{\"location_id\":2,\"room_ids\":[41,45],\"stay_nights\":24,\"user_id\":23,\"timestamp\":\"2026-02-25T12:15:01.854Z\"}','2026-02-25 12:15:01'),(149,4,'HOTEL_STAY_CHECKOUT','{\"stay_id\":9,\"location_id\":2,\"room_id\":41,\"payment_id\":9,\"amount\":42000,\"payment_method\":\"cash\",\"timestamp\":\"2026-02-25T12:15:12.561Z\"}','2026-02-25 12:15:12'),(150,4,'HOTEL_STAY_CHECKOUT','{\"stay_id\":10,\"location_id\":2,\"room_id\":45,\"payment_id\":10,\"amount\":39000,\"payment_method\":\"cash\",\"timestamp\":\"2026-02-25T12:15:12.618Z\"}','2026-02-25 12:15:12'),(151,4,'SET_HOTEL_ROOM_STATUS','{\"room_id\":41,\"status\":\"vacant\",\"timestamp\":\"2026-02-25T12:15:16.067Z\"}','2026-02-25 12:15:16'),(152,4,'HOTEL_ROOM_CHECKIN','{\"location_id\":2,\"room_ids\":[41],\"stay_nights\":24,\"user_id\":24,\"timestamp\":\"2026-02-25T12:15:29.274Z\"}','2026-02-25 12:15:29'),(153,4,'HOTEL_STAY_CHECKOUT','{\"stay_id\":11,\"location_id\":2,\"room_id\":41,\"payment_id\":11,\"amount\":42000,\"payment_method\":\"transfer\",\"timestamp\":\"2026-02-25T12:16:25.708Z\"}','2026-02-25 12:16:25'),(154,4,'SET_HOTEL_ROOM_STATUS','{\"room_id\":41,\"status\":\"vacant\",\"timestamp\":\"2026-02-25T12:16:49.037Z\"}','2026-02-25 12:16:49'),(155,4,'SET_HOTEL_ROOM_STATUS','{\"room_id\":45,\"status\":\"vacant\",\"timestamp\":\"2026-02-25T12:16:49.967Z\"}','2026-02-25 12:16:49'),(156,4,'HOTEL_ROOM_CHECKIN','{\"location_id\":2,\"room_ids\":[41,42,45],\"stay_nights\":24,\"user_id\":25,\"timestamp\":\"2026-02-25T12:17:04.757Z\"}','2026-02-25 12:17:04'),(157,4,'UPDATE_OWNER_SERVICE','{\"service_id\":11,\"timestamp\":\"2026-02-27T02:25:48.043Z\"}','2026-02-27 02:25:48'),(158,4,'UPDATE_OWNER_SERVICE','{\"service_id\":12,\"timestamp\":\"2026-02-27T02:25:57.415Z\"}','2026-02-27 02:25:57'),(159,4,'UPDATE_OWNER_SERVICE','{\"service_id\":13,\"timestamp\":\"2026-02-27T02:26:02.741Z\"}','2026-02-27 02:26:02'),(160,4,'UPDATE_OWNER_SERVICE','{\"service_id\":14,\"timestamp\":\"2026-02-27T02:26:08.511Z\"}','2026-02-27 02:26:08'),(161,4,'UPDATE_OWNER_SERVICE','{\"service_id\":6,\"timestamp\":\"2026-02-27T02:26:42.244Z\"}','2026-02-27 02:26:42'),(162,4,'UPDATE_OWNER_SERVICE','{\"service_id\":6,\"timestamp\":\"2026-02-27T02:26:48.197Z\"}','2026-02-27 02:26:48'),(163,4,'UPDATE_OWNER_SERVICE','{\"service_id\":5,\"timestamp\":\"2026-02-27T02:26:53.575Z\"}','2026-02-27 02:26:53'),(164,4,'POS_ORDER_PAID','{\"order_id\":4,\"payment_id\":14,\"payment_method\":\"cash\",\"amount\":37000,\"transaction_source\":\"onsite_pos\",\"commission_rate\":0,\"commission_amount\":0,\"vat_rate\":0,\"vat_amount\":0,\"timestamp\":\"2026-02-27T02:30:10.236Z\"}','2026-02-27 02:30:10'),(165,4,'POS_ORDER_PAID','{\"order_id\":9,\"payment_id\":15,\"payment_method\":\"transfer\",\"amount\":17000,\"transaction_source\":\"onsite_pos\",\"commission_rate\":0,\"commission_amount\":0,\"vat_rate\":0,\"vat_amount\":0,\"timestamp\":\"2026-02-27T02:30:46.962Z\"}','2026-02-27 02:30:46'),(166,4,'HOTEL_STAY_CHECKOUT','{\"stay_id\":12,\"location_id\":2,\"room_id\":41,\"payment_id\":16,\"amount\":4050000,\"payment_method\":\"cash\",\"timestamp\":\"2026-02-27T02:32:26.439Z\"}','2026-02-27 02:32:26'),(167,4,'HOTEL_STAY_CHECKOUT','{\"stay_id\":13,\"location_id\":2,\"room_id\":42,\"payment_id\":17,\"amount\":4050000,\"payment_method\":\"cash\",\"timestamp\":\"2026-02-27T02:32:26.537Z\"}','2026-02-27 02:32:26'),(168,4,'HOTEL_STAY_CHECKOUT','{\"stay_id\":14,\"location_id\":2,\"room_id\":45,\"payment_id\":18,\"amount\":4050000,\"payment_method\":\"cash\",\"timestamp\":\"2026-02-27T02:32:26.607Z\"}','2026-02-27 02:32:26'),(169,4,'SET_HOTEL_ROOM_STATUS','{\"room_id\":42,\"status\":\"vacant\",\"timestamp\":\"2026-02-27T02:32:31.184Z\"}','2026-02-27 02:32:31'),(170,4,'SET_HOTEL_ROOM_STATUS','{\"room_id\":41,\"status\":\"vacant\",\"timestamp\":\"2026-02-27T02:32:35.979Z\"}','2026-02-27 02:32:35'),(171,4,'SET_HOTEL_ROOM_STATUS','{\"room_id\":45,\"status\":\"vacant\",\"timestamp\":\"2026-02-27T02:32:37.111Z\"}','2026-02-27 02:32:37'),(172,4,'HOTEL_ROOM_CHECKIN','{\"location_id\":2,\"room_ids\":[42,45],\"stay_nights\":24,\"user_id\":26,\"timestamp\":\"2026-02-27T02:32:54.315Z\"}','2026-02-27 02:32:54'),(173,4,'HOTEL_STAY_CHECKOUT','{\"stay_id\":15,\"location_id\":2,\"room_id\":42,\"payment_id\":19,\"amount\":2000,\"payment_method\":\"transfer\",\"timestamp\":\"2026-02-27T02:33:00.926Z\"}','2026-02-27 02:33:00'),(174,4,'HOTEL_STAY_CHECKOUT','{\"stay_id\":16,\"location_id\":2,\"room_id\":45,\"payment_id\":20,\"amount\":2000,\"payment_method\":\"transfer\",\"timestamp\":\"2026-02-27T02:33:06.653Z\"}','2026-02-27 02:33:06'),(175,4,'SET_HOTEL_ROOM_STATUS','{\"room_id\":42,\"status\":\"vacant\",\"timestamp\":\"2026-02-27T02:33:09.893Z\"}','2026-02-27 02:33:09'),(176,4,'SET_HOTEL_ROOM_STATUS','{\"room_id\":45,\"status\":\"vacant\",\"timestamp\":\"2026-02-27T02:33:10.582Z\"}','2026-02-27 02:33:10'),(177,4,'POS_ORDER_PAID','{\"order_id\":10,\"payment_id\":21,\"payment_method\":\"transfer\",\"amount\":17000,\"transaction_source\":\"onsite_pos\",\"commission_rate\":0,\"commission_amount\":0,\"vat_rate\":0,\"vat_amount\":0,\"timestamp\":\"2026-02-27T02:37:18.531Z\"}','2026-02-27 02:37:18'),(178,1,'BULK_UPDATE_OWNER_SERVICE_APPROVAL','{\"scope\":\"ids\",\"status\":\"approved\",\"reason\":null,\"filter\":null,\"service_ids\":[14,13,12,11,6,5],\"exclude_service_ids\":[],\"affected\":6,\"timestamp\":\"2026-02-27T03:40:24.231Z\"}','2026-02-27 03:40:24'),(179,4,'HOTEL_ROOM_CHECKIN','{\"location_id\":2,\"room_ids\":[41,42],\"stay_nights\":12,\"user_id\":27,\"timestamp\":\"2026-02-27T03:40:51.905Z\"}','2026-02-27 03:40:51'),(180,4,'HOTEL_STAY_CHECKOUT','{\"stay_id\":18,\"location_id\":2,\"room_id\":42,\"payment_id\":22,\"amount\":2000,\"payment_method\":\"cash\",\"timestamp\":\"2026-02-27T03:41:04.290Z\"}','2026-02-27 03:41:04'),(181,4,'SET_HOTEL_ROOM_STATUS','{\"room_id\":42,\"status\":\"vacant\",\"timestamp\":\"2026-02-27T03:41:09.444Z\"}','2026-02-27 03:41:09'),(182,4,'HOTEL_ROOM_CHECKIN','{\"location_id\":2,\"room_ids\":[42],\"stay_nights\":12,\"user_id\":28,\"timestamp\":\"2026-02-27T03:41:35.425Z\"}','2026-02-27 03:41:35'),(183,4,'HOTEL_STAY_CHECKOUT','{\"stay_id\":17,\"location_id\":2,\"room_id\":41,\"payment_id\":23,\"amount\":2000,\"payment_method\":\"cash\",\"timestamp\":\"2026-02-27T03:41:40.898Z\"}','2026-02-27 03:41:40'),(184,4,'HOTEL_STAY_CHECKOUT','{\"stay_id\":19,\"location_id\":2,\"room_id\":42,\"payment_id\":24,\"amount\":2000,\"payment_method\":\"cash\",\"timestamp\":\"2026-02-27T03:41:40.977Z\"}','2026-02-27 03:41:40'),(185,4,'SET_HOTEL_ROOM_STATUS','{\"room_id\":42,\"status\":\"vacant\",\"timestamp\":\"2026-02-27T03:41:43.463Z\"}','2026-02-27 03:41:43'),(186,4,'SET_HOTEL_ROOM_STATUS','{\"room_id\":41,\"status\":\"vacant\",\"timestamp\":\"2026-02-27T03:41:44.279Z\"}','2026-02-27 03:41:44'),(187,4,'HOTEL_ROOM_CHECKIN','{\"location_id\":2,\"room_ids\":[41,42],\"stay_nights\":24,\"user_id\":29,\"timestamp\":\"2026-02-27T03:42:00.063Z\"}','2026-02-27 03:42:00'),(188,4,'HOTEL_STAY_CHECKOUT_BATCH','{\"stay_ids\":[20,21],\"location_id\":2,\"payment_id\":26,\"amount\":4000,\"payment_method\":\"transfer\",\"timestamp\":\"2026-02-27T03:42:32.961Z\"}','2026-02-27 03:42:32'),(189,4,'SET_HOTEL_ROOM_STATUS','{\"room_id\":41,\"status\":\"vacant\",\"timestamp\":\"2026-02-27T03:42:40.554Z\"}','2026-02-27 03:42:40'),(190,4,'SET_HOTEL_ROOM_STATUS','{\"room_id\":42,\"status\":\"vacant\",\"timestamp\":\"2026-02-27T03:42:41.159Z\"}','2026-02-27 03:42:41'),(191,4,'REPLY_REVIEW','{\"review_id\":1,\"timestamp\":\"2026-05-20T17:59:17.611Z\"}','2026-05-20 17:59:17'),(192,4,'HOTEL_ROOM_CHECKIN','{\"location_id\":2,\"room_ids\":[41],\"stay_days\":1,\"stay_nights\":24,\"user_id\":8,\"timestamp\":\"2026-05-24T15:32:03.335Z\"}','2026-05-24 15:32:03'),(193,4,'HOTEL_STAY_CHECKOUT','{\"stay_id\":22,\"location_id\":2,\"room_id\":41,\"payment_id\":35,\"amount\":2000,\"payment_method\":\"cash\",\"timestamp\":\"2026-05-24T15:32:06.650Z\"}','2026-05-24 15:32:06'),(194,4,'SET_HOTEL_ROOM_STATUS','{\"room_id\":41,\"status\":\"vacant\",\"timestamp\":\"2026-05-24T15:32:16.411Z\"}','2026-05-24 15:32:16'),(195,4,'HOTEL_ROOM_CHECKIN','{\"location_id\":2,\"room_ids\":[41],\"stay_days\":7,\"stay_nights\":168,\"user_id\":8,\"timestamp\":\"2026-05-24T15:33:00.517Z\"}','2026-05-24 15:33:00'),(196,4,'HOTEL_STAY_CHECKOUT','{\"stay_id\":23,\"location_id\":2,\"room_id\":41,\"payment_id\":38,\"amount\":0,\"payment_method\":\"cash\",\"timestamp\":\"2026-05-24T15:33:08.649Z\"}','2026-05-24 15:33:08'),(197,4,'SET_HOTEL_ROOM_STATUS','{\"room_id\":41,\"status\":\"vacant\",\"timestamp\":\"2026-05-24T15:33:12.029Z\"}','2026-05-24 15:33:12'),(198,4,'HOTEL_ROOM_CHECKIN','{\"location_id\":2,\"room_ids\":[41],\"stay_days\":1,\"stay_nights\":24,\"user_id\":8,\"timestamp\":\"2026-05-24T16:32:30.624Z\"}','2026-05-24 16:32:30'),(199,4,'HOTEL_ROOM_CHECKIN','{\"location_id\":2,\"room_ids\":[42],\"stay_days\":1,\"stay_nights\":24,\"user_id\":8,\"timestamp\":\"2026-05-24T16:33:40.450Z\"}','2026-05-24 16:33:40'),(200,4,'HOTEL_STAY_CHECKOUT','{\"stay_id\":24,\"location_id\":2,\"room_id\":41,\"payment_id\":40,\"amount\":19000,\"payment_method\":\"cash\",\"timestamp\":\"2026-05-24T16:43:23.243Z\"}','2026-05-24 16:43:23'),(201,4,'SET_HOTEL_ROOM_STATUS','{\"room_id\":41,\"status\":\"vacant\",\"timestamp\":\"2026-05-24T16:43:33.108Z\"}','2026-05-24 16:43:33'),(202,4,'HOTEL_STAY_CHECKOUT','{\"stay_id\":25,\"location_id\":2,\"room_id\":42,\"payment_id\":41,\"amount\":0,\"payment_method\":\"cash\",\"timestamp\":\"2026-05-24T16:44:23.291Z\"}','2026-05-24 16:44:23'),(203,4,'SET_HOTEL_ROOM_STATUS','{\"room_id\":42,\"status\":\"vacant\",\"timestamp\":\"2026-05-24T16:44:34.422Z\"}','2026-05-24 16:44:34'),(204,4,'HOTEL_ROOM_CHECKIN','{\"location_id\":2,\"room_ids\":[41],\"stay_days\":7,\"stay_nights\":168,\"user_id\":8,\"timestamp\":\"2026-05-24T16:44:47.829Z\"}','2026-05-24 16:44:47'),(205,4,'HOTEL_STAY_CHECKOUT','{\"stay_id\":26,\"location_id\":2,\"room_id\":41,\"payment_id\":43,\"amount\":0,\"payment_method\":\"cash\",\"timestamp\":\"2026-05-24T16:56:04.305Z\"}','2026-05-24 16:56:04'),(206,4,'SET_HOTEL_ROOM_STATUS','{\"room_id\":41,\"status\":\"vacant\",\"timestamp\":\"2026-05-24T16:56:26.115Z\"}','2026-05-24 16:56:26'),(207,4,'HOTEL_ROOM_CHECKIN','{\"location_id\":2,\"room_ids\":[42],\"stay_days\":1,\"stay_nights\":24,\"user_id\":31,\"timestamp\":\"2026-05-24T16:56:39.779Z\"}','2026-05-24 16:56:39'),(208,4,'HOTEL_STAY_CHECKOUT','{\"stay_id\":27,\"location_id\":2,\"room_id\":42,\"payment_id\":44,\"amount\":2000,\"payment_method\":\"transfer\",\"timestamp\":\"2026-05-24T16:56:44.663Z\"}','2026-05-24 16:56:44'),(209,4,'HOTEL_ROOM_CHECKIN','{\"location_id\":2,\"room_ids\":[45],\"stay_days\":1,\"stay_nights\":24,\"user_id\":32,\"timestamp\":\"2026-05-24T16:57:08.078Z\"}','2026-05-24 16:57:08'),(210,4,'HOTEL_STAY_CHECKOUT','{\"stay_id\":28,\"location_id\":2,\"room_id\":45,\"payment_id\":45,\"amount\":2000,\"payment_method\":\"cash\",\"timestamp\":\"2026-05-24T16:57:10.013Z\"}','2026-05-24 16:57:10'),(211,4,'SET_HOTEL_ROOM_STATUS','{\"room_id\":45,\"status\":\"vacant\",\"timestamp\":\"2026-05-24T16:57:14.361Z\"}','2026-05-24 16:57:14'),(212,4,'SET_HOTEL_ROOM_STATUS','{\"room_id\":42,\"status\":\"vacant\",\"timestamp\":\"2026-05-24T16:57:15.204Z\"}','2026-05-24 16:57:15'),(213,4,'POS_ORDER_PAID','{\"order_id\":12,\"payment_id\":46,\"payment_method\":\"cash\",\"amount\":436000,\"transaction_source\":\"onsite_pos\",\"commission_rate\":0,\"commission_amount\":0,\"vat_rate\":0,\"vat_amount\":0,\"timestamp\":\"2026-05-25T01:27:31.226Z\"}','2026-05-25 01:27:31'),(214,4,'POS_ORDER_PAID','{\"order_id\":13,\"payment_id\":47,\"payment_method\":\"transfer\",\"amount\":226000,\"transaction_source\":\"onsite_pos\",\"commission_rate\":0,\"commission_amount\":0,\"vat_rate\":0,\"vat_amount\":0,\"timestamp\":\"2026-05-25T01:28:04.078Z\"}','2026-05-25 01:28:04'),(215,4,'POS_ORDER_PAID','{\"order_id\":16,\"payment_id\":48,\"payment_method\":\"transfer\",\"amount\":317000,\"transaction_source\":\"onsite_pos\",\"commission_rate\":0,\"commission_amount\":0,\"vat_rate\":0,\"vat_amount\":0,\"timestamp\":\"2026-05-25T01:28:33.226Z\"}','2026-05-25 01:28:33'),(216,4,'POS_ORDER_PAID','{\"order_id\":18,\"payment_id\":50,\"payment_method\":\"transfer\",\"amount\":275000,\"transaction_source\":\"online_booking\",\"commission_rate\":2,\"commission_amount\":5500,\"vat_rate\":10,\"vat_amount\":550,\"timestamp\":\"2026-05-25T01:32:43.477Z\"}','2026-05-25 01:32:43'),(217,4,'POS_ORDER_PAID','{\"order_id\":19,\"payment_id\":51,\"payment_method\":\"cash\",\"amount\":85000,\"transaction_source\":\"online_booking\",\"commission_rate\":2,\"commission_amount\":1700,\"vat_rate\":10,\"vat_amount\":170,\"timestamp\":\"2026-05-25T01:33:41.721Z\"}','2026-05-25 01:33:41'),(218,4,'POS_ORDER_PAID','{\"order_id\":21,\"payment_id\":52,\"payment_method\":\"transfer\",\"amount\":0,\"transaction_source\":\"online_booking\",\"commission_rate\":2,\"commission_amount\":0,\"vat_rate\":10,\"vat_amount\":0,\"timestamp\":\"2026-05-25T01:33:54.742Z\"}','2026-05-25 01:33:54'),(219,4,'POS_ORDER_PAID','{\"order_id\":7,\"payment_id\":55,\"payment_method\":\"cash\",\"amount\":190000,\"transaction_source\":\"online_booking\",\"commission_rate\":2,\"commission_amount\":3800,\"vat_rate\":10,\"vat_amount\":380,\"timestamp\":\"2026-05-25T01:36:44.907Z\"}','2026-05-25 01:36:44'),(220,4,'POS_ORDER_PAID','{\"order_id\":23,\"payment_id\":56,\"payment_method\":\"transfer\",\"amount\":525000,\"transaction_source\":\"online_booking\",\"commission_rate\":2,\"commission_amount\":10500,\"vat_rate\":10,\"vat_amount\":1050,\"timestamp\":\"2026-05-25T01:37:00.082Z\"}','2026-05-25 01:37:00'),(221,4,'POS_ORDER_PAID','{\"order_id\":25,\"payment_id\":59,\"payment_method\":\"cash\",\"amount\":60000,\"transaction_source\":\"online_booking\",\"commission_rate\":2,\"commission_amount\":1200,\"vat_rate\":10,\"vat_amount\":120,\"timestamp\":\"2026-05-25T02:03:19.265Z\"}','2026-05-25 02:03:19'),(222,4,'HOTEL_ROOM_CHECKIN','{\"location_id\":2,\"room_ids\":[41],\"stay_days\":1,\"stay_nights\":24,\"user_id\":8,\"timestamp\":\"2026-05-25T02:04:07.178Z\"}','2026-05-25 02:04:07'),(223,4,'HOTEL_ROOM_CHECKIN','{\"location_id\":2,\"room_ids\":[42],\"stay_days\":1,\"stay_nights\":24,\"user_id\":8,\"timestamp\":\"2026-05-25T02:04:23.852Z\"}','2026-05-25 02:04:23'),(224,4,'HOTEL_STAY_CHECKOUT','{\"stay_id\":30,\"location_id\":2,\"room_id\":42,\"payment_id\":61,\"amount\":2000,\"payment_method\":\"cash\",\"timestamp\":\"2026-05-25T02:04:26.426Z\"}','2026-05-25 02:04:26'),(225,4,'HOTEL_STAY_CHECKOUT','{\"stay_id\":29,\"location_id\":2,\"room_id\":41,\"payment_id\":62,\"amount\":2000,\"payment_method\":\"transfer\",\"timestamp\":\"2026-05-25T02:04:38.049Z\"}','2026-05-25 02:04:38'),(226,4,'SET_HOTEL_ROOM_STATUS','{\"room_id\":42,\"status\":\"vacant\",\"timestamp\":\"2026-05-25T02:23:27.530Z\"}','2026-05-25 02:23:27'),(227,4,'SET_HOTEL_ROOM_STATUS','{\"room_id\":41,\"status\":\"vacant\",\"timestamp\":\"2026-05-25T02:23:28.098Z\"}','2026-05-25 02:23:28'),(228,4,'HOTEL_ROOM_CHECKIN','{\"location_id\":2,\"room_ids\":[45],\"stay_days\":1,\"stay_nights\":24,\"user_id\":8,\"timestamp\":\"2026-05-25T02:23:30.527Z\"}','2026-05-25 02:23:30'),(229,4,'HOTEL_STAY_CHECKOUT','{\"stay_id\":31,\"location_id\":2,\"room_id\":45,\"payment_id\":63,\"amount\":2000,\"payment_method\":\"transfer\",\"timestamp\":\"2026-05-25T02:23:34.834Z\"}','2026-05-25 02:23:34'),(230,4,'SET_HOTEL_ROOM_STATUS','{\"room_id\":45,\"status\":\"vacant\",\"timestamp\":\"2026-05-25T02:39:20.922Z\"}','2026-05-25 02:39:20'),(231,4,'HOTEL_ROOM_CHECKIN','{\"location_id\":2,\"room_ids\":[41,42],\"stay_days\":1,\"stay_nights\":24,\"user_id\":8,\"timestamp\":\"2026-05-25T02:40:49.989Z\"}','2026-05-25 02:40:49'),(232,4,'HOTEL_STAY_CHECKOUT','{\"stay_id\":33,\"location_id\":2,\"room_id\":42,\"payment_id\":70,\"amount\":2000,\"payment_method\":\"cash\",\"timestamp\":\"2026-05-25T02:40:59.889Z\"}','2026-05-25 02:40:59'),(233,4,'HOTEL_STAY_CHECKOUT','{\"stay_id\":32,\"location_id\":2,\"room_id\":41,\"payment_id\":71,\"amount\":2000,\"payment_method\":\"transfer\",\"timestamp\":\"2026-05-25T02:41:04.122Z\"}','2026-05-25 02:41:04'),(234,4,'SET_HOTEL_ROOM_STATUS','{\"room_id\":41,\"status\":\"vacant\",\"timestamp\":\"2026-05-25T02:41:13.143Z\"}','2026-05-25 02:41:13'),(235,4,'SET_HOTEL_ROOM_STATUS','{\"room_id\":42,\"status\":\"vacant\",\"timestamp\":\"2026-05-25T02:41:13.870Z\"}','2026-05-25 02:41:13'),(236,4,'HOTEL_ROOM_CHECKIN','{\"location_id\":2,\"room_ids\":[41],\"stay_days\":30,\"stay_nights\":720,\"user_id\":8,\"timestamp\":\"2026-05-25T02:41:36.980Z\"}','2026-05-25 02:41:36'),(237,4,'HOTEL_STAY_CHECKOUT','{\"stay_id\":35,\"location_id\":2,\"room_id\":41,\"payment_id\":72,\"amount\":2000,\"payment_method\":\"cash\",\"timestamp\":\"2026-05-25T02:41:40.195Z\"}','2026-05-25 02:41:40'),(238,4,'SET_HOTEL_ROOM_STATUS','{\"room_id\":41,\"status\":\"vacant\",\"timestamp\":\"2026-05-25T02:41:45.462Z\"}','2026-05-25 02:41:45'),(239,4,'HOTEL_ROOM_CHECKIN','{\"location_id\":2,\"room_ids\":[45],\"stay_days\":89,\"stay_nights\":2136,\"user_id\":8,\"timestamp\":\"2026-05-25T02:41:51.233Z\"}','2026-05-25 02:41:51'),(240,4,'HOTEL_STAY_CHECKOUT','{\"stay_id\":34,\"location_id\":2,\"room_id\":45,\"payment_id\":73,\"amount\":0,\"payment_method\":\"transfer\",\"timestamp\":\"2026-05-25T02:42:21.641Z\"}','2026-05-25 02:42:21'),(241,4,'HOTEL_ROOM_CHECKIN','{\"location_id\":2,\"room_ids\":[42],\"stay_days\":90,\"stay_nights\":2160,\"user_id\":8,\"timestamp\":\"2026-05-25T02:42:59.220Z\"}','2026-05-25 02:42:59'),(242,4,'HOTEL_STAY_CHECKOUT','{\"stay_id\":36,\"location_id\":2,\"room_id\":42,\"payment_id\":75,\"amount\":0,\"payment_method\":\"cash\",\"timestamp\":\"2026-05-25T02:43:01.950Z\"}','2026-05-25 02:43:01'),(243,4,'SET_HOTEL_ROOM_STATUS','{\"room_id\":42,\"status\":\"vacant\",\"timestamp\":\"2026-05-25T02:43:05.056Z\"}','2026-05-25 02:43:05'),(244,4,'SET_HOTEL_ROOM_STATUS','{\"room_id\":45,\"status\":\"vacant\",\"timestamp\":\"2026-05-25T02:43:05.687Z\"}','2026-05-25 02:43:05'),(245,4,'UPDATE_OWNER_SERVICE','{\"service_id\":8,\"timestamp\":\"2026-05-25T02:49:29.038Z\"}','2026-05-25 02:49:29'),(246,4,'UPDATE_OWNER_SERVICE','{\"service_id\":7,\"timestamp\":\"2026-05-25T02:49:46.412Z\"}','2026-05-25 02:49:46'),(247,1,'BULK_UPDATE_OWNER_SERVICE_APPROVAL','{\"scope\":\"ids\",\"status\":\"approved\",\"reason\":null,\"filter\":null,\"service_ids\":[8,7],\"exclude_service_ids\":[],\"affected\":2,\"timestamp\":\"2026-05-25T02:49:59.516Z\"}','2026-05-25 02:49:59'),(248,4,'POS_ORDER_PAID','{\"order_id\":2,\"payment_id\":2,\"payment_method\":\"cash\",\"amount\":93000,\"transaction_source\":\"online_booking\",\"commission_rate\":2,\"commission_amount\":1860,\"vat_rate\":10,\"vat_amount\":186,\"timestamp\":\"2026-05-25T07:37:59.860Z\"}','2026-05-25 07:37:59'),(249,4,'POS_ORDER_PAID','{\"order_id\":3,\"payment_id\":3,\"payment_method\":\"transfer\",\"amount\":46000,\"transaction_source\":\"online_booking\",\"commission_rate\":2,\"commission_amount\":920,\"vat_rate\":10,\"vat_amount\":92,\"timestamp\":\"2026-05-25T07:38:29.235Z\"}','2026-05-25 07:38:29'),(250,4,'POS_ORDER_PAID','{\"order_id\":5,\"payment_id\":5,\"payment_method\":\"transfer\",\"amount\":0,\"transaction_source\":\"online_booking\",\"commission_rate\":2,\"commission_amount\":0,\"vat_rate\":10,\"vat_amount\":0,\"timestamp\":\"2026-05-25T07:39:01.819Z\"}','2026-05-25 07:39:01'),(251,4,'POS_ORDER_PAID','{\"order_id\":6,\"payment_id\":6,\"payment_method\":\"cash\",\"amount\":100000,\"transaction_source\":\"online_booking\",\"commission_rate\":2,\"commission_amount\":2000,\"vat_rate\":10,\"vat_amount\":200,\"timestamp\":\"2026-05-25T07:39:15.211Z\"}','2026-05-25 07:39:15'),(252,4,'POS_ORDER_PAID','{\"order_id\":8,\"payment_id\":8,\"payment_method\":\"transfer\",\"amount\":38000,\"transaction_source\":\"online_booking\",\"commission_rate\":2,\"commission_amount\":760,\"vat_rate\":10,\"vat_amount\":76,\"timestamp\":\"2026-05-25T07:39:40.483Z\"}','2026-05-25 07:39:40'),(253,4,'POS_ORDER_PAID','{\"order_id\":9,\"payment_id\":9,\"payment_method\":\"cash\",\"amount\":72000,\"transaction_source\":\"onsite_pos\",\"commission_rate\":0,\"commission_amount\":0,\"vat_rate\":0,\"vat_amount\":0,\"timestamp\":\"2026-05-25T07:39:59.253Z\"}','2026-05-25 07:39:59'),(254,4,'POS_ORDER_PAID','{\"order_id\":10,\"payment_id\":10,\"payment_method\":\"transfer\",\"amount\":15000,\"transaction_source\":\"onsite_pos\",\"commission_rate\":0,\"commission_amount\":0,\"vat_rate\":0,\"vat_amount\":0,\"timestamp\":\"2026-05-25T07:40:07.229Z\"}','2026-05-25 07:40:07'),(255,4,'HOTEL_ROOM_CHECKIN','{\"location_id\":2,\"room_ids\":[41],\"stay_days\":1,\"stay_nights\":24,\"user_id\":8,\"timestamp\":\"2026-05-25T07:41:54.743Z\"}','2026-05-25 07:41:54'),(256,4,'HOTEL_ROOM_CHECKIN','{\"location_id\":2,\"room_ids\":[45],\"stay_days\":1,\"stay_nights\":24,\"user_id\":8,\"timestamp\":\"2026-05-25T07:42:04.397Z\"}','2026-05-25 07:42:04'),(257,4,'HOTEL_STAY_CHECKOUT','{\"stay_id\":3,\"location_id\":2,\"room_id\":45,\"payment_id\":13,\"amount\":2000,\"payment_method\":\"cash\",\"timestamp\":\"2026-05-25T07:42:08.122Z\"}','2026-05-25 07:42:08'),(258,4,'HOTEL_STAY_CHECKOUT','{\"stay_id\":1,\"location_id\":2,\"room_id\":41,\"payment_id\":14,\"amount\":2000,\"payment_method\":\"transfer\",\"timestamp\":\"2026-05-25T07:42:26.214Z\"}','2026-05-25 07:42:26'),(259,4,'SET_HOTEL_ROOM_STATUS','{\"room_id\":45,\"status\":\"vacant\",\"timestamp\":\"2026-05-25T07:42:53.151Z\"}','2026-05-25 07:42:53'),(260,4,'SET_HOTEL_ROOM_STATUS','{\"room_id\":41,\"status\":\"vacant\",\"timestamp\":\"2026-05-25T07:42:53.915Z\"}','2026-05-25 07:42:53'),(261,4,'HOTEL_ROOM_CHECKIN','{\"location_id\":2,\"room_ids\":[42],\"stay_days\":1,\"stay_nights\":24,\"user_id\":8,\"timestamp\":\"2026-05-25T07:42:57.631Z\"}','2026-05-25 07:42:57'),(262,4,'HOTEL_ROOM_CHECKIN','{\"location_id\":2,\"room_ids\":[41],\"stay_days\":1,\"stay_nights\":24,\"user_id\":8,\"timestamp\":\"2026-05-25T07:43:06.786Z\"}','2026-05-25 07:43:06'),(263,4,'HOTEL_STAY_CHECKOUT','{\"stay_id\":4,\"location_id\":2,\"room_id\":41,\"payment_id\":16,\"amount\":0,\"payment_method\":\"transfer\",\"timestamp\":\"2026-05-25T07:43:20.039Z\"}','2026-05-25 07:43:20'),(264,4,'HOTEL_STAY_CHECKOUT','{\"stay_id\":2,\"location_id\":2,\"room_id\":42,\"payment_id\":17,\"amount\":0,\"payment_method\":\"transfer\",\"timestamp\":\"2026-05-25T07:43:23.401Z\"}','2026-05-25 07:43:23'),(265,4,'SET_HOTEL_ROOM_STATUS','{\"room_id\":41,\"status\":\"vacant\",\"timestamp\":\"2026-05-25T07:43:29.674Z\"}','2026-05-25 07:43:29'),(266,4,'SET_HOTEL_ROOM_STATUS','{\"room_id\":42,\"status\":\"vacant\",\"timestamp\":\"2026-05-25T07:43:30.357Z\"}','2026-05-25 07:43:30'),(267,4,'HOTEL_ROOM_CHECKIN','{\"location_id\":2,\"room_ids\":[45],\"stay_days\":1,\"stay_nights\":24,\"user_id\":8,\"timestamp\":\"2026-05-25T07:43:33.073Z\"}','2026-05-25 07:43:33'),(268,4,'HOTEL_STAY_CHECKOUT','{\"stay_id\":5,\"location_id\":2,\"room_id\":45,\"payment_id\":19,\"amount\":0,\"payment_method\":\"cash\",\"timestamp\":\"2026-05-25T07:43:36.548Z\"}','2026-05-25 07:43:36'),(269,4,'SET_HOTEL_ROOM_STATUS','{\"room_id\":45,\"status\":\"vacant\",\"timestamp\":\"2026-05-25T07:43:40.364Z\"}','2026-05-25 07:43:40'),(270,4,'HOTEL_ROOM_CHECKIN','{\"location_id\":2,\"room_ids\":[46],\"stay_days\":1,\"stay_nights\":24,\"user_id\":33,\"timestamp\":\"2026-05-25T07:44:14.851Z\"}','2026-05-25 07:44:14'),(271,4,'HOTEL_ROOM_CHECKIN','{\"location_id\":2,\"room_ids\":[42],\"stay_days\":1,\"stay_nights\":24,\"user_id\":34,\"timestamp\":\"2026-05-25T07:44:29.689Z\"}','2026-05-25 07:44:29'),(272,4,'HOTEL_STAY_CHECKOUT','{\"stay_id\":7,\"location_id\":2,\"room_id\":42,\"payment_id\":20,\"amount\":2000,\"payment_method\":\"cash\",\"timestamp\":\"2026-05-25T07:44:43.932Z\"}','2026-05-25 07:44:43'),(273,4,'SET_HOTEL_ROOM_STATUS','{\"room_id\":42,\"status\":\"vacant\",\"timestamp\":\"2026-05-25T07:44:46.880Z\"}','2026-05-25 07:44:46'),(274,4,'HOTEL_STAY_CHECKOUT','{\"stay_id\":6,\"location_id\":2,\"room_id\":46,\"payment_id\":21,\"amount\":2000,\"payment_method\":\"transfer\",\"timestamp\":\"2026-05-25T07:44:50.536Z\"}','2026-05-25 07:44:50'),(275,4,'SET_HOTEL_ROOM_STATUS','{\"room_id\":46,\"status\":\"vacant\",\"timestamp\":\"2026-05-25T07:44:53.069Z\"}','2026-05-25 07:44:53'),(276,4,'SELL_POS_TICKETS_BATCH','{\"location_id\":3,\"payment_id\":23,\"items\":[{\"service_id\":7,\"quantity\":1},{\"service_id\":8,\"quantity\":1}],\"payment_method\":\"cash\",\"amount\":150000,\"timestamp\":\"2026-05-25T07:46:13.720Z\"}','2026-05-25 07:46:13'),(277,4,'SELL_POS_TICKETS_BATCH','{\"location_id\":3,\"payment_id\":24,\"items\":[{\"service_id\":8,\"quantity\":22},{\"service_id\":7,\"quantity\":14}],\"payment_method\":\"transfer\",\"amount\":2500000,\"timestamp\":\"2026-05-25T07:46:40.781Z\"}','2026-05-25 07:46:40'),(278,4,'UPDATE_OWNER_SERVICE','{\"service_id\":8,\"timestamp\":\"2026-05-25T09:00:00.190Z\"}','2026-05-25 09:00:00'),(279,4,'UPDATE_OWNER_SERVICE','{\"service_id\":7,\"timestamp\":\"2026-05-25T09:00:07.270Z\"}','2026-05-25 09:00:07'),(280,1,'BULK_UPDATE_OWNER_SERVICE_APPROVAL','{\"scope\":\"ids\",\"status\":\"approved\",\"reason\":null,\"filter\":null,\"service_ids\":[8,7],\"exclude_service_ids\":[],\"affected\":2,\"timestamp\":\"2026-05-25T09:00:12.818Z\"}','2026-05-25 09:00:12'),(281,4,'UPDATE_OWNER_BOOKING_STATUS','{\"booking_id\":4,\"status\":\"confirmed\",\"timestamp\":\"2026-05-25T16:59:18.347Z\"}','2026-05-25 16:59:18'),(282,4,'UPDATE_OWNER_BOOKING_STATUS','{\"booking_id\":7,\"status\":\"cancelled\",\"timestamp\":\"2026-05-26T06:48:13.849Z\"}','2026-05-26 06:48:13'),(283,4,'UPDATE_OWNER_BOOKING_STATUS','{\"booking_id\":8,\"status\":\"confirmed\",\"timestamp\":\"2026-05-26T06:48:25.494Z\"}','2026-05-26 06:48:25'),(284,4,'POS_ORDER_PAID','{\"order_id\":4,\"payment_id\":6,\"payment_method\":\"transfer\",\"amount\":147000,\"transaction_source\":\"online_booking\",\"commission_rate\":2,\"commission_amount\":2940,\"vat_rate\":10,\"vat_amount\":294,\"timestamp\":\"2026-05-26T06:53:36.347Z\"}','2026-05-26 06:53:36'),(285,1,'UPDATE_SYSTEM_SETTINGS','{\"settings\":{\"app_background_url\":null},\"timestamp\":\"2026-05-26T06:54:13.096Z\"}','2026-05-26 06:54:13'),(286,4,'UPDATE_OWNER_BOOKING_STATUS','{\"booking_id\":9,\"status\":\"cancelled\",\"timestamp\":\"2026-05-26T07:58:41.539Z\"}','2026-05-26 07:58:41'),(287,4,'POS_ORDER_PAID','{\"order_id\":5,\"payment_id\":7,\"payment_method\":\"transfer\",\"amount\":72000,\"transaction_source\":\"online_booking\",\"commission_rate\":2,\"commission_amount\":1440,\"vat_rate\":10,\"vat_amount\":144,\"timestamp\":\"2026-05-26T08:20:09.589Z\"}','2026-05-26 08:20:09'),(288,4,'POS_ORDER_PAID','{\"order_id\":7,\"payment_id\":8,\"payment_method\":\"cash\",\"amount\":72000,\"transaction_source\":\"onsite_pos\",\"commission_rate\":0,\"commission_amount\":0,\"vat_rate\":0,\"vat_amount\":0,\"timestamp\":\"2026-05-26T08:20:59.117Z\"}','2026-05-26 08:20:59'),(289,4,'POS_ORDER_PAID','{\"order_id\":9,\"payment_id\":9,\"payment_method\":\"transfer\",\"amount\":250000,\"transaction_source\":\"onsite_pos\",\"commission_rate\":0,\"commission_amount\":0,\"vat_rate\":0,\"vat_amount\":0,\"timestamp\":\"2026-05-26T08:21:22.697Z\"}','2026-05-26 08:21:22'),(290,4,'UPDATE_OWNER_BOOKING_STATUS','{\"booking_id\":11,\"status\":\"confirmed\",\"timestamp\":\"2026-05-26T08:21:53.423Z\"}','2026-05-26 08:21:53'),(291,4,'POS_ORDER_PAID','{\"order_id\":10,\"payment_id\":10,\"payment_method\":\"cash\",\"amount\":91000,\"transaction_source\":\"online_booking\",\"commission_rate\":2,\"commission_amount\":1820,\"vat_rate\":10,\"vat_amount\":182,\"timestamp\":\"2026-05-26T08:39:06.836Z\"}','2026-05-26 08:39:06'),(292,4,'UPDATE_OWNER_BOOKING_STATUS','{\"booking_id\":12,\"status\":\"confirmed\",\"timestamp\":\"2026-05-26T08:39:32.483Z\"}','2026-05-26 08:39:32'),(293,4,'POS_ORDER_PAID','{\"order_id\":8,\"payment_id\":11,\"payment_method\":\"transfer\",\"amount\":17000,\"transaction_source\":\"onsite_pos\",\"commission_rate\":0,\"commission_amount\":0,\"vat_rate\":0,\"vat_amount\":0,\"timestamp\":\"2026-05-26T09:08:20.157Z\"}','2026-05-26 09:08:20'),(294,4,'UPDATE_OWNER_BOOKING_STATUS','{\"booking_id\":14,\"status\":\"confirmed\",\"timestamp\":\"2026-05-26T09:09:03.781Z\"}','2026-05-26 09:09:03'),(295,4,'UPDATE_OWNER_BOOKING_STATUS','{\"booking_id\":13,\"status\":\"confirmed\",\"timestamp\":\"2026-05-26T09:09:04.690Z\"}','2026-05-26 09:09:04'),(296,4,'POS_ORDER_PAID','{\"order_id\":12,\"payment_id\":12,\"payment_method\":\"cash\",\"amount\":85000,\"transaction_source\":\"onsite_pos\",\"commission_rate\":0,\"commission_amount\":0,\"vat_rate\":0,\"vat_amount\":0,\"timestamp\":\"2026-05-26T09:10:05.016Z\"}','2026-05-26 09:10:05'),(297,4,'POS_ORDER_PAID','{\"order_id\":6,\"payment_id\":13,\"payment_method\":\"transfer\",\"amount\":40000,\"transaction_source\":\"onsite_pos\",\"commission_rate\":0,\"commission_amount\":0,\"vat_rate\":0,\"vat_amount\":0,\"timestamp\":\"2026-05-26T09:10:11.869Z\"}','2026-05-26 09:10:11'),(298,4,'UPDATE_OWNER_BOOKING_STATUS','{\"booking_id\":16,\"status\":\"confirmed\",\"timestamp\":\"2026-05-26T09:32:06.010Z\"}','2026-05-26 09:32:06'),(299,4,'UPDATE_OWNER_BOOKING_STATUS','{\"booking_id\":15,\"status\":\"confirmed\",\"timestamp\":\"2026-05-26T09:32:06.657Z\"}','2026-05-26 09:32:06'),(300,4,'POS_ORDER_PAID','{\"order_id\":3,\"payment_id\":15,\"payment_method\":\"transfer\",\"amount\":50000,\"transaction_source\":\"onsite_pos\",\"commission_rate\":0,\"commission_amount\":0,\"vat_rate\":0,\"vat_amount\":0,\"timestamp\":\"2026-05-26T09:33:01.278Z\"}','2026-05-26 09:33:01'),(301,4,'POS_ORDER_PAID','{\"order_id\":14,\"payment_id\":16,\"payment_method\":\"transfer\",\"amount\":104000,\"transaction_source\":\"online_booking\",\"commission_rate\":2,\"commission_amount\":2080,\"vat_rate\":10,\"vat_amount\":208,\"timestamp\":\"2026-05-26T09:33:20.906Z\"}','2026-05-26 09:33:20'),(302,4,'UPDATE_OWNER_BOOKING_STATUS','{\"booking_id\":17,\"status\":\"confirmed\",\"timestamp\":\"2026-05-26T09:34:00.697Z\"}','2026-05-26 09:34:00'),(303,4,'POS_ORDER_PAID','{\"order_id\":16,\"payment_id\":18,\"payment_method\":\"cash\",\"amount\":52000,\"transaction_source\":\"online_booking\",\"commission_rate\":2,\"commission_amount\":1040,\"vat_rate\":10,\"vat_amount\":104,\"timestamp\":\"2026-05-26T09:34:25.632Z\"}','2026-05-26 09:34:25'),(304,4,'UPDATE_OWNER_BOOKING_STATUS','{\"booking_id\":18,\"status\":\"confirmed\",\"timestamp\":\"2026-05-26T14:11:28.233Z\"}','2026-05-26 14:11:28'),(305,4,'POS_ORDER_PAID','{\"order_id\":17,\"payment_id\":19,\"payment_method\":\"cash\",\"amount\":400000,\"transaction_source\":\"online_booking\",\"commission_rate\":0,\"commission_amount\":0,\"vat_rate\":0,\"vat_amount\":0,\"timestamp\":\"2026-05-26T14:14:11.215Z\"}','2026-05-26 14:14:11'),(306,4,'UPDATE_OWNER_BOOKING_STATUS','{\"booking_id\":19,\"status\":\"confirmed\",\"timestamp\":\"2026-05-26T14:18:53.864Z\"}','2026-05-26 14:18:53'),(307,4,'UPDATE_OWNER_BOOKING_STATUS','{\"booking_id\":20,\"status\":\"confirmed\",\"timestamp\":\"2026-05-26T14:19:53.965Z\"}','2026-05-26 14:19:53'),(308,4,'POS_ORDER_PAID','{\"order_id\":20,\"payment_id\":22,\"payment_method\":\"cash\",\"amount\":100000,\"transaction_source\":\"online_booking\",\"commission_rate\":2,\"commission_amount\":2000,\"vat_rate\":10,\"vat_amount\":200,\"timestamp\":\"2026-05-26T14:20:16.863Z\"}','2026-05-26 14:20:16'),(309,4,'POS_ORDER_PAID','{\"order_id\":19,\"payment_id\":23,\"payment_method\":\"transfer\",\"amount\":200000,\"transaction_source\":\"online_booking\",\"commission_rate\":2,\"commission_amount\":4000,\"vat_rate\":10,\"vat_amount\":400,\"timestamp\":\"2026-05-26T14:20:44.816Z\"}','2026-05-26 14:20:44'),(310,4,'UPDATE_OWNER_BOOKING_STATUS','{\"booking_id\":22,\"status\":\"cancelled\",\"timestamp\":\"2026-05-26T14:23:49.084Z\"}','2026-05-26 14:23:49'),(311,4,'POS_ORDER_PAID','{\"order_id\":23,\"payment_id\":25,\"payment_method\":\"cash\",\"amount\":70000,\"transaction_source\":\"onsite_pos\",\"commission_rate\":0,\"commission_amount\":0,\"vat_rate\":0,\"vat_amount\":0,\"timestamp\":\"2026-05-29T01:24:25.076Z\"}','2026-05-29 01:24:25'),(312,4,'POS_ORDER_PAID','{\"order_id\":24,\"payment_id\":26,\"payment_method\":\"transfer\",\"amount\":67000,\"transaction_source\":\"onsite_pos\",\"commission_rate\":0,\"commission_amount\":0,\"vat_rate\":0,\"vat_amount\":0,\"timestamp\":\"2026-05-29T01:24:37.481Z\"}','2026-05-29 01:24:37'),(313,4,'UPDATE_OWNER_BOOKING_STATUS','{\"booking_id\":24,\"status\":\"confirmed\",\"timestamp\":\"2026-05-29T01:24:59.790Z\"}','2026-05-29 01:24:59'),(314,4,'UPDATE_OWNER_BOOKING_STATUS','{\"booking_id\":23,\"status\":\"confirmed\",\"timestamp\":\"2026-05-29T01:25:00.346Z\"}','2026-05-29 01:25:00'),(315,4,'POS_ORDER_PAID','{\"order_id\":26,\"payment_id\":27,\"payment_method\":\"cash\",\"amount\":100000,\"transaction_source\":\"online_booking\",\"commission_rate\":2,\"commission_amount\":2000,\"vat_rate\":10,\"vat_amount\":200,\"timestamp\":\"2026-05-29T01:26:26.322Z\"}','2026-05-29 01:26:26'),(316,4,'POS_ORDER_PAID','{\"order_id\":25,\"payment_id\":28,\"payment_method\":\"transfer\",\"amount\":150000,\"transaction_source\":\"online_booking\",\"commission_rate\":2,\"commission_amount\":3000,\"vat_rate\":10,\"vat_amount\":300,\"timestamp\":\"2026-05-29T01:26:34.599Z\"}','2026-05-29 01:26:34'),(317,4,'UPDATE_OWNER_BOOKING_STATUS','{\"booking_id\":25,\"status\":\"cancelled\",\"timestamp\":\"2026-05-29T01:26:50.066Z\"}','2026-05-29 01:26:50'),(318,4,'UPDATE_OWNER_BOOKING_STATUS','{\"booking_id\":28,\"status\":\"cancelled\",\"timestamp\":\"2026-05-29T01:27:24.919Z\"}','2026-05-29 01:27:24'),(319,4,'UPDATE_OWNER_BOOKING_STATUS','{\"booking_id\":27,\"status\":\"confirmed\",\"timestamp\":\"2026-05-29T01:27:25.788Z\"}','2026-05-29 01:27:25'),(320,4,'UPDATE_OWNER_BOOKING_STATUS','{\"booking_id\":26,\"status\":\"confirmed\",\"timestamp\":\"2026-05-29T01:27:26.252Z\"}','2026-05-29 01:27:26'),(321,4,'UPDATE_OWNER_BOOKING_STATUS','{\"booking_id\":29,\"status\":\"confirmed\",\"timestamp\":\"2026-05-29T01:27:39.800Z\"}','2026-05-29 01:27:39'),(322,4,'POS_ORDER_PAID','{\"order_id\":32,\"payment_id\":33,\"payment_method\":\"transfer\",\"amount\":0,\"transaction_source\":\"online_booking\",\"commission_rate\":2,\"commission_amount\":0,\"vat_rate\":10,\"vat_amount\":0,\"timestamp\":\"2026-05-29T01:28:33.991Z\"}','2026-05-29 01:28:33'),(323,4,'POS_ORDER_PAID','{\"order_id\":31,\"payment_id\":34,\"payment_method\":\"cash\",\"amount\":185000,\"transaction_source\":\"online_booking\",\"commission_rate\":2,\"commission_amount\":3700,\"vat_rate\":10,\"vat_amount\":370,\"timestamp\":\"2026-05-29T01:28:41.746Z\"}','2026-05-29 01:28:41'),(324,4,'POS_ORDER_PAID','{\"order_id\":33,\"payment_id\":35,\"payment_method\":\"transfer\",\"amount\":73000,\"transaction_source\":\"online_booking\",\"commission_rate\":2,\"commission_amount\":1460,\"vat_rate\":10,\"vat_amount\":146,\"timestamp\":\"2026-05-29T01:28:59.160Z\"}','2026-05-29 01:28:59'),(325,4,'HOTEL_ROOM_CHECKIN','{\"location_id\":2,\"room_ids\":[41],\"stay_days\":1,\"stay_nights\":24,\"user_id\":35,\"timestamp\":\"2026-05-29T01:29:57.781Z\"}','2026-05-29 01:29:57'),(326,4,'HOTEL_ROOM_CHECKIN','{\"location_id\":2,\"room_ids\":[42],\"stay_days\":1,\"stay_nights\":24,\"user_id\":36,\"timestamp\":\"2026-05-29T01:30:04.947Z\"}','2026-05-29 01:30:04'),(327,4,'HOTEL_STAY_CHECKOUT','{\"stay_id\":2,\"location_id\":2,\"room_id\":42,\"payment_id\":36,\"amount\":2000,\"payment_method\":\"cash\",\"timestamp\":\"2026-05-29T01:30:07.885Z\"}','2026-05-29 01:30:07'),(328,4,'HOTEL_STAY_CHECKOUT','{\"stay_id\":1,\"location_id\":2,\"room_id\":41,\"payment_id\":37,\"amount\":2000,\"payment_method\":\"transfer\",\"timestamp\":\"2026-05-29T01:30:12.488Z\"}','2026-05-29 01:30:12'),(329,4,'SET_HOTEL_ROOM_STATUS','{\"room_id\":41,\"status\":\"vacant\",\"timestamp\":\"2026-05-29T02:07:05.404Z\"}','2026-05-29 02:07:05'),(330,4,'SET_HOTEL_ROOM_STATUS','{\"room_id\":42,\"status\":\"vacant\",\"timestamp\":\"2026-05-29T02:07:06.159Z\"}','2026-05-29 02:07:06'),(331,4,'HOTEL_ROOM_CHECKIN','{\"location_id\":2,\"room_ids\":[41],\"stay_days\":1,\"stay_nights\":24,\"user_id\":37,\"timestamp\":\"2026-05-29T02:15:32.493Z\"}','2026-05-29 02:15:32'),(332,4,'HOTEL_ROOM_CHECKIN','{\"location_id\":2,\"room_ids\":[42],\"stay_days\":1,\"stay_nights\":24,\"user_id\":38,\"timestamp\":\"2026-05-29T02:15:39.098Z\"}','2026-05-29 02:15:39'),(333,4,'HOTEL_STAY_CHECKOUT','{\"stay_id\":5,\"location_id\":2,\"room_id\":42,\"payment_id\":38,\"amount\":2000,\"payment_method\":\"cash\",\"timestamp\":\"2026-05-29T02:15:42.138Z\"}','2026-05-29 02:15:42'),(334,4,'HOTEL_STAY_CHECKOUT','{\"stay_id\":4,\"location_id\":2,\"room_id\":41,\"payment_id\":39,\"amount\":2000,\"payment_method\":\"transfer\",\"timestamp\":\"2026-05-29T02:15:48.759Z\"}','2026-05-29 02:15:48'),(335,4,'SET_HOTEL_ROOM_STATUS','{\"room_id\":45,\"status\":\"cleaning\",\"timestamp\":\"2026-05-29T02:18:38.562Z\"}','2026-05-29 02:18:38'),(336,4,'SET_HOTEL_ROOM_STATUS','{\"room_id\":45,\"status\":\"vacant\",\"timestamp\":\"2026-05-29T02:18:39.358Z\"}','2026-05-29 02:18:39'),(337,4,'SET_HOTEL_ROOM_STATUS','{\"room_id\":41,\"status\":\"vacant\",\"timestamp\":\"2026-05-29T02:43:53.887Z\"}','2026-05-29 02:43:53'),(338,4,'SET_HOTEL_ROOM_STATUS','{\"room_id\":42,\"status\":\"vacant\",\"timestamp\":\"2026-05-29T02:43:54.361Z\"}','2026-05-29 02:43:54'),(339,4,'UPDATE_OWNER_BOOKING_STATUS','{\"booking_id\":32,\"status\":\"cancelled\",\"timestamp\":\"2026-05-29T02:44:13.661Z\"}','2026-05-29 02:44:13'),(340,4,'UPDATE_OWNER_BOOKING_STATUS','{\"booking_id\":31,\"status\":\"cancelled\",\"timestamp\":\"2026-05-29T02:44:16.149Z\"}','2026-05-29 02:44:16'),(341,4,'UPDATE_OWNER_BOOKING_STATUS','{\"booking_id\":34,\"status\":\"confirmed\",\"timestamp\":\"2026-05-29T02:46:52.733Z\"}','2026-05-29 02:46:52'),(342,4,'UPDATE_OWNER_BOOKING_STATUS','{\"booking_id\":33,\"status\":\"confirmed\",\"timestamp\":\"2026-05-29T02:46:53.737Z\"}','2026-05-29 02:46:53'),(343,4,'SET_HOTEL_ROOM_STATUS','{\"room_id\":46,\"status\":\"cleaning\",\"timestamp\":\"2026-05-29T02:47:18.698Z\"}','2026-05-29 02:47:18'),(344,4,'SET_HOTEL_ROOM_STATUS','{\"room_id\":46,\"status\":\"reserved\",\"timestamp\":\"2026-05-29T02:47:19.775Z\"}','2026-05-29 02:47:19'),(345,4,'HOTEL_STAY_CHECKOUT','{\"stay_id\":8,\"location_id\":2,\"room_id\":47,\"payment_id\":42,\"amount\":2000,\"payment_method\":\"cash\",\"timestamp\":\"2026-05-29T03:07:42.225Z\"}','2026-05-29 03:07:42'),(346,4,'HOTEL_STAY_CHECKOUT','{\"stay_id\":9,\"location_id\":2,\"room_id\":46,\"payment_id\":43,\"amount\":0,\"payment_method\":\"cash\",\"timestamp\":\"2026-05-29T03:07:46.191Z\"}','2026-05-29 03:07:46'),(347,4,'SET_HOTEL_ROOM_STATUS','{\"room_id\":46,\"status\":\"vacant\",\"timestamp\":\"2026-05-29T03:19:37.021Z\"}','2026-05-29 03:19:37'),(348,4,'SET_HOTEL_ROOM_STATUS','{\"room_id\":47,\"status\":\"vacant\",\"timestamp\":\"2026-05-29T03:19:37.690Z\"}','2026-05-29 03:19:37'),(349,4,'UPDATE_OWNER_BOOKING_STATUS','{\"booking_id\":36,\"status\":\"confirmed\",\"timestamp\":\"2026-05-29T03:41:47.760Z\"}','2026-05-29 03:41:47'),(350,4,'UPDATE_OWNER_BOOKING_STATUS','{\"booking_id\":35,\"status\":\"confirmed\",\"timestamp\":\"2026-05-29T03:41:48.943Z\"}','2026-05-29 03:41:48'),(351,4,'HOTEL_STAY_CHECKOUT','{\"stay_id\":10,\"location_id\":2,\"room_id\":45,\"payment_id\":45,\"amount\":400000,\"payment_method\":\"cash\",\"timestamp\":\"2026-05-29T07:29:38.895Z\"}','2026-05-29 07:29:38'),(352,4,'HOTEL_STAY_CHECKOUT','{\"stay_id\":11,\"location_id\":2,\"room_id\":46,\"payment_id\":46,\"amount\":0,\"payment_method\":\"cash\",\"timestamp\":\"2026-05-29T07:29:44.868Z\"}','2026-05-29 07:29:44'),(353,4,'SET_HOTEL_ROOM_STATUS','{\"room_id\":46,\"status\":\"vacant\",\"timestamp\":\"2026-05-29T07:30:15.443Z\"}','2026-05-29 07:30:15'),(354,4,'SET_HOTEL_ROOM_STATUS','{\"room_id\":45,\"status\":\"vacant\",\"timestamp\":\"2026-05-29T07:30:16.499Z\"}','2026-05-29 07:30:16'),(355,4,'UPDATE_OWNER_BOOKING_STATUS','{\"booking_id\":37,\"status\":\"cancelled\",\"timestamp\":\"2026-05-29T07:30:26.160Z\"}','2026-05-29 07:30:26'),(356,4,'UPDATE_OWNER_BOOKING_STATUS','{\"booking_id\":40,\"status\":\"confirmed\",\"timestamp\":\"2026-05-29T07:35:41.160Z\"}','2026-05-29 07:35:41'),(357,4,'HOTEL_STAY_CHECKOUT','{\"stay_id\":15,\"location_id\":2,\"room_id\":46,\"payment_id\":48,\"amount\":500000,\"payment_method\":\"cash\",\"timestamp\":\"2026-05-29T11:38:51.001Z\"}','2026-05-29 11:38:51'),(358,4,'UPDATE_OWNER_BOOKING_STATUS','{\"booking_id\":41,\"status\":\"confirmed\",\"timestamp\":\"2026-05-29T11:44:16.111Z\"}','2026-05-29 11:44:16'),(359,4,'HOTEL_STAY_CHECKOUT','{\"stay_id\":16,\"location_id\":2,\"room_id\":47,\"payment_id\":50,\"amount\":0,\"payment_method\":\"cash\",\"timestamp\":\"2026-05-29T11:44:32.220Z\"}','2026-05-29 11:44:32'),(360,4,'SET_HOTEL_ROOM_STATUS','{\"room_id\":47,\"status\":\"vacant\",\"timestamp\":\"2026-05-29T11:44:39.113Z\"}','2026-05-29 11:44:39'),(361,4,'UPDATE_OWNER_BOOKING_STATUS','{\"booking_id\":43,\"status\":\"confirmed\",\"timestamp\":\"2026-05-29T11:45:00.225Z\"}','2026-05-29 11:45:00'),(362,4,'UPDATE_OWNER_BOOKING_STATUS','{\"booking_id\":42,\"status\":\"confirmed\",\"timestamp\":\"2026-05-29T11:45:01.183Z\"}','2026-05-29 11:45:01'),(363,4,'SET_HOTEL_ROOM_STATUS','{\"room_id\":48,\"status\":\"cleaning\",\"timestamp\":\"2026-05-29T11:45:11.858Z\"}','2026-05-29 11:45:11'),(364,4,'SET_HOTEL_ROOM_STATUS','{\"room_id\":48,\"status\":\"vacant\",\"timestamp\":\"2026-05-29T11:45:12.899Z\"}','2026-05-29 11:45:12'),(365,4,'SET_HOTEL_ROOM_STATUS','{\"room_id\":46,\"status\":\"vacant\",\"timestamp\":\"2026-05-29T12:02:24.369Z\"}','2026-05-29 12:02:24'),(366,4,'SET_HOTEL_ROOM_STATUS','{\"room_id\":41,\"status\":\"cleaning\",\"timestamp\":\"2026-05-29T12:02:54.409Z\"}','2026-05-29 12:02:54'),(367,4,'SET_HOTEL_ROOM_STATUS','{\"room_id\":41,\"status\":\"vacant\",\"timestamp\":\"2026-05-29T12:02:55.463Z\"}','2026-05-29 12:02:55'),(368,4,'UPDATE_OWNER_BOOKING_STATUS','{\"booking_id\":44,\"status\":\"confirmed\",\"timestamp\":\"2026-05-29T12:02:57.233Z\"}','2026-05-29 12:02:57'),(369,4,'UPDATE_OWNER_BOOKING_STATUS','{\"booking_id\":39,\"status\":\"confirmed\",\"timestamp\":\"2026-05-29T12:02:59.329Z\"}','2026-05-29 12:02:59'),(370,4,'SET_HOTEL_ROOM_STATUS','{\"room_id\":41,\"status\":\"cleaning\",\"timestamp\":\"2026-05-29T12:03:02.985Z\"}','2026-05-29 12:03:02'),(371,4,'SET_HOTEL_ROOM_STATUS','{\"room_id\":41,\"status\":\"vacant\",\"timestamp\":\"2026-05-29T12:03:03.879Z\"}','2026-05-29 12:03:03'),(372,4,'HOTEL_STAY_CHECKOUT','{\"stay_id\":19,\"location_id\":2,\"room_id\":41,\"payment_id\":52,\"amount\":2000,\"payment_method\":\"transfer\",\"timestamp\":\"2026-05-29T12:03:16.516Z\"}','2026-05-29 12:03:16'),(373,4,'SET_HOTEL_ROOM_STATUS','{\"room_id\":41,\"status\":\"vacant\",\"timestamp\":\"2026-05-29T12:03:20.140Z\"}','2026-05-29 12:03:20'),(374,4,'UPDATE_OWNER_BOOKING_STATUS','{\"booking_id\":2,\"status\":\"confirmed\",\"timestamp\":\"2026-05-29T12:38:18.453Z\"}','2026-05-29 12:38:18'),(375,4,'UPDATE_OWNER_BOOKING_STATUS','{\"booking_id\":1,\"status\":\"cancelled\",\"timestamp\":\"2026-05-29T12:38:20.305Z\"}','2026-05-29 12:38:20'),(376,4,'POS_ORDER_PAID','{\"order_id\":1,\"payment_id\":1,\"payment_method\":\"transfer\",\"amount\":72000,\"transaction_source\":\"online_booking\",\"commission_rate\":2,\"commission_amount\":1440,\"vat_rate\":10,\"vat_amount\":144,\"timestamp\":\"2026-05-29T12:38:52.127Z\"}','2026-05-29 12:38:52'),(377,4,'UPDATE_OWNER_BOOKING_STATUS','{\"booking_id\":3,\"status\":\"confirmed\",\"timestamp\":\"2026-05-29T12:52:34.513Z\"}','2026-05-29 12:52:34'),(378,4,'POS_ORDER_PAID','{\"order_id\":3,\"payment_id\":3,\"payment_method\":\"transfer\",\"amount\":0,\"transaction_source\":\"online_booking\",\"commission_rate\":2,\"commission_amount\":0,\"vat_rate\":10,\"vat_amount\":0,\"timestamp\":\"2026-05-29T12:54:00.298Z\"}','2026-05-29 12:54:00'),(379,4,'UPDATE_OWNER_BOOKING_STATUS','{\"booking_id\":7,\"status\":\"cancelled\",\"timestamp\":\"2026-05-29T13:21:53.460Z\"}','2026-05-29 13:21:53'),(380,4,'UPDATE_OWNER_BOOKING_STATUS','{\"booking_id\":6,\"status\":\"confirmed\",\"timestamp\":\"2026-05-29T13:21:56.014Z\"}','2026-05-29 13:21:56'),(381,4,'UPDATE_OWNER_BOOKING_STATUS','{\"booking_id\":5,\"status\":\"confirmed\",\"timestamp\":\"2026-05-29T13:21:56.571Z\"}','2026-05-29 13:21:56'),(382,4,'UPDATE_OWNER_BOOKING_STATUS','{\"booking_id\":4,\"status\":\"confirmed\",\"timestamp\":\"2026-05-29T13:21:57.092Z\"}','2026-05-29 13:21:57'),(383,4,'POS_ORDER_PAID','{\"order_id\":6,\"payment_id\":4,\"payment_method\":\"cash\",\"amount\":72000,\"transaction_source\":\"online_booking\",\"commission_rate\":2,\"commission_amount\":1440,\"vat_rate\":10,\"vat_amount\":144,\"timestamp\":\"2026-05-29T13:24:38.028Z\"}','2026-05-29 13:24:38'),(384,4,'POS_ORDER_PAID','{\"order_id\":4,\"payment_id\":5,\"payment_method\":\"transfer\",\"amount\":70000,\"transaction_source\":\"online_booking\",\"commission_rate\":2,\"commission_amount\":1400,\"vat_rate\":10,\"vat_amount\":140,\"timestamp\":\"2026-05-29T13:24:46.124Z\"}','2026-05-29 13:24:46'),(385,4,'POS_ORDER_PAID','{\"order_id\":5,\"payment_id\":6,\"payment_method\":\"cash\",\"amount\":131000,\"transaction_source\":\"online_booking\",\"commission_rate\":2,\"commission_amount\":2620,\"vat_rate\":10,\"vat_amount\":262,\"timestamp\":\"2026-05-29T13:24:53.235Z\"}','2026-05-29 13:24:53'),(386,4,'POS_ORDER_PAID','{\"order_id\":7,\"payment_id\":7,\"payment_method\":\"cash\",\"amount\":50000,\"transaction_source\":\"onsite_pos\",\"commission_rate\":0,\"commission_amount\":0,\"vat_rate\":0,\"vat_amount\":0,\"timestamp\":\"2026-05-29T13:25:06.245Z\"}','2026-05-29 13:25:06'),(387,4,'POS_ORDER_PAID','{\"order_id\":8,\"payment_id\":8,\"payment_method\":\"transfer\",\"amount\":20000,\"transaction_source\":\"onsite_pos\",\"commission_rate\":0,\"commission_amount\":0,\"vat_rate\":0,\"vat_amount\":0,\"timestamp\":\"2026-05-29T13:25:14.627Z\"}','2026-05-29 13:25:14'),(388,4,'UPDATE_OWNER_BOOKING_STATUS','{\"booking_id\":10,\"status\":\"cancelled\",\"timestamp\":\"2026-05-29T13:28:25.081Z\"}','2026-05-29 13:28:25'),(389,4,'UPDATE_OWNER_BOOKING_STATUS','{\"booking_id\":9,\"status\":\"confirmed\",\"timestamp\":\"2026-05-29T13:32:30.294Z\"}','2026-05-29 13:32:30'),(390,4,'UPDATE_OWNER_BOOKING_STATUS','{\"booking_id\":8,\"status\":\"confirmed\",\"timestamp\":\"2026-05-29T13:32:30.916Z\"}','2026-05-29 13:32:30'),(391,4,'POS_ORDER_PAID','{\"order_id\":13,\"payment_id\":12,\"payment_method\":\"transfer\",\"amount\":0,\"transaction_source\":\"online_booking\",\"commission_rate\":2,\"commission_amount\":0,\"vat_rate\":10,\"vat_amount\":0,\"timestamp\":\"2026-05-29T13:34:00.841Z\"}','2026-05-29 13:34:00'),(392,4,'UPDATE_OWNER_BOOKING_STATUS','{\"booking_id\":11,\"status\":\"confirmed\",\"timestamp\":\"2026-05-29T13:34:29.363Z\"}','2026-05-29 13:34:29'),(393,4,'POS_ORDER_PAID','{\"order_id\":12,\"payment_id\":14,\"payment_method\":\"cash\",\"amount\":130000,\"transaction_source\":\"online_booking\",\"commission_rate\":2,\"commission_amount\":2600,\"vat_rate\":10,\"vat_amount\":260,\"timestamp\":\"2026-05-29T13:34:44.323Z\"}','2026-05-29 13:34:44'),(394,4,'POS_ORDER_PAID','{\"order_id\":15,\"payment_id\":15,\"payment_method\":\"transfer\",\"amount\":20000,\"transaction_source\":\"online_booking\",\"commission_rate\":2,\"commission_amount\":400,\"vat_rate\":10,\"vat_amount\":40,\"timestamp\":\"2026-05-29T13:34:54.782Z\"}','2026-05-29 13:34:54'),(395,4,'UPDATE_OWNER_BOOKING_STATUS','{\"booking_id\":12,\"status\":\"confirmed\",\"timestamp\":\"2026-05-29T13:48:35.911Z\"}','2026-05-29 13:48:35'),(396,4,'POS_ORDER_PAID','{\"order_id\":17,\"payment_id\":17,\"payment_method\":\"cash\",\"amount\":15000,\"transaction_source\":\"online_booking\",\"commission_rate\":2,\"commission_amount\":300,\"vat_rate\":10,\"vat_amount\":30,\"timestamp\":\"2026-05-29T13:49:55.186Z\"}','2026-05-29 13:49:55'),(397,4,'UPDATE_OWNER_BOOKING_STATUS','{\"booking_id\":15,\"status\":\"confirmed\",\"timestamp\":\"2026-05-29T13:54:30.587Z\"}','2026-05-29 13:54:30'),(398,4,'UPDATE_OWNER_BOOKING_STATUS','{\"booking_id\":14,\"status\":\"confirmed\",\"timestamp\":\"2026-05-29T13:54:31.299Z\"}','2026-05-29 13:54:31'),(399,4,'UPDATE_OWNER_BOOKING_STATUS','{\"booking_id\":13,\"status\":\"confirmed\",\"timestamp\":\"2026-05-29T13:54:31.934Z\"}','2026-05-29 13:54:31'),(400,4,'SET_HOTEL_ROOM_STATUS','{\"room_id\":41,\"status\":\"cleaning\",\"timestamp\":\"2026-05-29T13:54:57.183Z\"}','2026-05-29 13:54:57'),(401,4,'SET_HOTEL_ROOM_STATUS','{\"room_id\":41,\"status\":\"vacant\",\"timestamp\":\"2026-05-29T13:54:58.015Z\"}','2026-05-29 13:54:58'),(402,4,'HOTEL_STAY_CHECKOUT','{\"stay_id\":2,\"location_id\":2,\"room_id\":42,\"payment_id\":18,\"amount\":2000,\"payment_method\":\"cash\",\"timestamp\":\"2026-05-29T13:55:01.310Z\"}','2026-05-29 13:55:01'),(403,4,'HOTEL_STAY_CHECKOUT','{\"stay_id\":3,\"location_id\":2,\"room_id\":45,\"payment_id\":19,\"amount\":2000,\"payment_method\":\"transfer\",\"timestamp\":\"2026-05-29T13:55:06.344Z\"}','2026-05-29 13:55:06'),(404,4,'SET_HOTEL_ROOM_STATUS','{\"room_id\":45,\"status\":\"vacant\",\"timestamp\":\"2026-05-29T13:55:09.155Z\"}','2026-05-29 13:55:09'),(405,4,'SET_HOTEL_ROOM_STATUS','{\"room_id\":42,\"status\":\"vacant\",\"timestamp\":\"2026-05-29T13:55:10.003Z\"}','2026-05-29 13:55:10'),(406,4,'UPDATE_OWNER_BOOKING_STATUS','{\"booking_id\":18,\"status\":\"confirmed\",\"timestamp\":\"2026-05-29T14:01:16.606Z\"}','2026-05-29 14:01:16'),(407,4,'UPDATE_OWNER_BOOKING_STATUS','{\"booking_id\":17,\"status\":\"cancelled\",\"timestamp\":\"2026-05-29T14:08:59.085Z\"}','2026-05-29 14:08:59'),(408,4,'UPDATE_OWNER_BOOKING_STATUS','{\"booking_id\":16,\"status\":\"cancelled\",\"timestamp\":\"2026-05-29T14:09:02.275Z\"}','2026-05-29 14:09:02'),(409,4,'HOTEL_STAY_CHECKOUT','{\"stay_id\":6,\"location_id\":2,\"room_id\":46,\"payment_id\":22,\"amount\":0,\"payment_method\":\"transfer\",\"timestamp\":\"2026-05-29T14:09:47.215Z\"}','2026-05-29 14:09:47'),(410,4,'SET_HOTEL_ROOM_STATUS','{\"room_id\":46,\"status\":\"vacant\",\"timestamp\":\"2026-05-29T14:09:56.471Z\"}','2026-05-29 14:09:56'),(411,4,'POS_ORDER_PAID','{\"order_id\":21,\"payment_id\":43,\"payment_method\":\"cash\",\"amount\":17000,\"transaction_source\":\"onsite_pos\",\"commission_rate\":0,\"commission_amount\":0,\"vat_rate\":0,\"vat_amount\":0,\"timestamp\":\"2026-05-31T06:48:28.101Z\"}','2026-05-31 06:48:28'),(412,4,'POS_ORDER_PAID','{\"order_id\":22,\"payment_id\":44,\"payment_method\":\"transfer\",\"amount\":35000,\"transaction_source\":\"onsite_pos\",\"commission_rate\":0,\"commission_amount\":0,\"vat_rate\":0,\"vat_amount\":0,\"timestamp\":\"2026-05-31T06:48:35.903Z\"}','2026-05-31 06:48:35'),(413,1,'CREATE_SYSTEM_VOUCHER','{\"code\":\"VC-XV4BY6\",\"campaign_name\":\"Mừng ngày 1/6\",\"discount_type\":\"amount\",\"discount_value\":20000,\"start_date\":\"2026-05-31 00:00:00\",\"end_date\":\"2026-06-06 00:00:00\",\"timestamp\":\"2026-05-31T16:23:40.075Z\"}','2026-05-31 16:23:40'),(414,4,'HOTEL_ROOM_CHECKIN','{\"location_id\":2,\"room_ids\":[45],\"stay_days\":1,\"stay_nights\":24,\"user_id\":39,\"timestamp\":\"2026-05-31T16:25:57.692Z\"}','2026-05-31 16:25:57'),(415,4,'HOTEL_STAY_CHECKOUT','{\"stay_id\":7,\"location_id\":2,\"room_id\":45,\"payment_id\":45,\"amount\":2000,\"payment_method\":\"transfer\",\"timestamp\":\"2026-05-31T16:26:51.052Z\"}','2026-05-31 16:26:51'),(416,1,'CREATE_SYSTEM_VOUCHER','{\"code\":\"VC-LT3HUV\",\"campaign_name\":\"Mừng ngày 1/6\",\"discount_type\":\"percent\",\"discount_value\":20,\"start_date\":\"2026-06-01 00:00:00\",\"end_date\":\"2026-06-04 00:00:00\",\"timestamp\":\"2026-05-31T16:59:26.402Z\"}','2026-05-31 16:59:26'),(417,4,'POS_ORDER_PAID','{\"order_id\":23,\"payment_id\":46,\"payment_method\":\"cash\",\"amount\":72000,\"transaction_source\":\"onsite_pos\",\"commission_rate\":0,\"commission_amount\":0,\"vat_rate\":0,\"vat_amount\":0,\"timestamp\":\"2026-06-01T01:19:58.156Z\"}','2026-06-01 01:19:58'),(418,4,'POS_ORDER_PAID','{\"order_id\":24,\"payment_id\":47,\"payment_method\":\"transfer\",\"amount\":140000,\"transaction_source\":\"onsite_pos\",\"commission_rate\":0,\"commission_amount\":0,\"vat_rate\":0,\"vat_amount\":0,\"timestamp\":\"2026-06-01T01:20:07.048Z\"}','2026-06-01 01:20:07'),(419,4,'UPDATE_OWNER_BOOKING_STATUS','{\"booking_id\":40,\"status\":\"confirmed\",\"timestamp\":\"2026-06-01T01:21:10.469Z\"}','2026-06-01 01:21:10'),(420,4,'POS_ORDER_PAID','{\"order_id\":27,\"payment_id\":50,\"payment_method\":\"transfer\",\"amount\":0,\"transaction_source\":\"online_booking\",\"commission_rate\":2,\"commission_amount\":0,\"vat_rate\":10,\"vat_amount\":0,\"timestamp\":\"2026-06-01T01:21:29.447Z\"}','2026-06-01 01:21:29'),(421,4,'UPDATE_OWNER_BOOKING_STATUS','{\"booking_id\":43,\"status\":\"confirmed\",\"timestamp\":\"2026-06-01T01:22:47.619Z\"}','2026-06-01 01:22:47'),(422,4,'UPDATE_OWNER_BOOKING_STATUS','{\"booking_id\":42,\"status\":\"confirmed\",\"timestamp\":\"2026-06-01T01:22:48.182Z\"}','2026-06-01 01:22:48'),(423,4,'UPDATE_OWNER_BOOKING_STATUS','{\"booking_id\":41,\"status\":\"confirmed\",\"timestamp\":\"2026-06-01T01:22:48.664Z\"}','2026-06-01 01:22:48'),(424,4,'POS_ORDER_PAID','{\"order_id\":30,\"payment_id\":53,\"payment_method\":\"cash\",\"amount\":55000,\"transaction_source\":\"online_booking\",\"commission_rate\":2,\"commission_amount\":1100,\"vat_rate\":10,\"vat_amount\":110,\"timestamp\":\"2026-06-01T01:23:20.352Z\"}','2026-06-01 01:23:20'),(425,4,'POS_ORDER_PAID','{\"order_id\":31,\"payment_id\":54,\"payment_method\":\"transfer\",\"amount\":55000,\"transaction_source\":\"online_booking\",\"commission_rate\":2,\"commission_amount\":1100,\"vat_rate\":10,\"vat_amount\":110,\"timestamp\":\"2026-06-01T01:23:33.338Z\"}','2026-06-01 01:23:33'),(426,4,'POS_ORDER_PAID','{\"order_id\":32,\"payment_id\":55,\"payment_method\":\"cash\",\"amount\":75000,\"transaction_source\":\"online_booking\",\"commission_rate\":2,\"commission_amount\":1500,\"vat_rate\":10,\"vat_amount\":150,\"timestamp\":\"2026-06-01T01:23:38.438Z\"}','2026-06-01 01:23:38'),(427,4,'CREATE_OWNER_VOUCHER','{\"voucher_id\":3,\"code\":\"VC-AQBCMB\",\"location_id\":null,\"timestamp\":\"2026-06-01T01:27:55.953Z\"}','2026-06-01 01:27:55'),(428,4,'CREATE_OWNER_VOUCHER','{\"voucher_id\":4,\"code\":\"VC-6E7BXA\",\"location_id\":1,\"timestamp\":\"2026-06-01T02:45:23.496Z\"}','2026-06-01 02:45:23'),(429,4,'UPDATE_OWNER_VOUCHER','{\"voucher_id\":4,\"timestamp\":\"2026-06-01T02:51:52.121Z\"}','2026-06-01 02:51:52'),(430,1,'REVIEW_OWNER_VOUCHER_ADMIN','{\"voucher_id\":4,\"action\":\"approve\",\"reason\":null,\"timestamp\":\"2026-06-01T02:52:03.267Z\"}','2026-06-01 02:52:03'),(431,4,'POS_ORDER_PAID','{\"order_id\":33,\"payment_id\":56,\"payment_method\":\"cash\",\"amount\":20000,\"transaction_source\":\"onsite_pos\",\"commission_rate\":0,\"commission_amount\":0,\"vat_rate\":0,\"vat_amount\":0,\"timestamp\":\"2026-06-01T03:02:21.040Z\"}','2026-06-01 03:02:21'),(432,4,'CREATE_OWNER_VOUCHER','{\"voucher_id\":5,\"code\":\"VC-5P4CVR\",\"location_id\":null,\"timestamp\":\"2026-06-01T03:06:57.560Z\"}','2026-06-01 03:06:57'),(433,4,'UPDATE_OWNER_BOOKING_STATUS','{\"booking_id\":45,\"status\":\"confirmed\",\"timestamp\":\"2026-06-01T07:09:06.507Z\"}','2026-06-01 07:09:06'),(434,4,'POS_ORDER_PAID','{\"order_id\":35,\"payment_id\":59,\"payment_method\":\"transfer\",\"amount\":0,\"transaction_source\":\"online_booking\",\"commission_rate\":2,\"commission_amount\":0,\"vat_rate\":10,\"vat_amount\":0,\"timestamp\":\"2026-06-01T07:09:26.223Z\"}','2026-06-01 07:09:26'),(435,4,'POS_ORDER_PAID','{\"order_id\":37,\"payment_id\":61,\"payment_method\":\"transfer\",\"amount\":55000,\"transaction_source\":\"onsite_pos\",\"commission_rate\":0,\"commission_amount\":0,\"vat_rate\":0,\"vat_amount\":0,\"timestamp\":\"2026-06-01T07:31:02.115Z\"}','2026-06-01 07:31:02'),(436,4,'POS_ORDER_PAID','{\"order_id\":38,\"payment_id\":62,\"payment_method\":\"cash\",\"amount\":35000,\"transaction_source\":\"onsite_pos\",\"commission_rate\":0,\"commission_amount\":0,\"vat_rate\":0,\"vat_amount\":0,\"timestamp\":\"2026-06-01T07:31:07.949Z\"}','2026-06-01 07:31:07'),(437,4,'UPDATE_OWNER_BOOKING_STATUS','{\"booking_id\":49,\"status\":\"cancelled\",\"timestamp\":\"2026-06-01T07:32:38.311Z\"}','2026-06-01 07:32:38'),(438,4,'UPDATE_OWNER_BOOKING_STATUS','{\"booking_id\":48,\"status\":\"confirmed\",\"timestamp\":\"2026-06-01T07:32:39.574Z\"}','2026-06-01 07:32:39'),(439,4,'UPDATE_OWNER_BOOKING_STATUS','{\"booking_id\":47,\"status\":\"confirmed\",\"timestamp\":\"2026-06-01T07:32:40.181Z\"}','2026-06-01 07:32:40'),(440,4,'POS_ORDER_PAID','{\"order_id\":40,\"payment_id\":63,\"payment_method\":\"cash\",\"amount\":105000,\"transaction_source\":\"online_booking\",\"commission_rate\":2,\"commission_amount\":2100,\"vat_rate\":10,\"vat_amount\":210,\"timestamp\":\"2026-06-01T07:33:05.789Z\"}','2026-06-01 07:33:05'),(441,4,'POS_ORDER_PAID','{\"order_id\":39,\"payment_id\":64,\"payment_method\":\"transfer\",\"amount\":100000,\"transaction_source\":\"online_booking\",\"commission_rate\":2,\"commission_amount\":2000,\"vat_rate\":10,\"vat_amount\":200,\"timestamp\":\"2026-06-01T07:33:14.440Z\"}','2026-06-01 07:33:14'),(442,4,'UPDATE_OWNER_BOOKING_STATUS','{\"booking_id\":50,\"status\":\"cancelled\",\"timestamp\":\"2026-06-01T07:35:01.626Z\"}','2026-06-01 07:35:01'),(443,4,'UPDATE_OWNER_BOOKING_STATUS','{\"booking_id\":52,\"status\":\"confirmed\",\"timestamp\":\"2026-06-01T07:41:11.483Z\"}','2026-06-01 07:41:11'),(444,4,'UPDATE_OWNER_BOOKING_STATUS','{\"booking_id\":51,\"status\":\"confirmed\",\"timestamp\":\"2026-06-01T07:41:11.997Z\"}','2026-06-01 07:41:11'),(445,4,'POS_ORDER_PAID','{\"order_id\":43,\"payment_id\":67,\"payment_method\":\"cash\",\"amount\":95000,\"transaction_source\":\"online_booking\",\"commission_rate\":2,\"commission_amount\":1900,\"vat_rate\":10,\"vat_amount\":190,\"timestamp\":\"2026-06-01T07:41:33.220Z\"}','2026-06-01 07:41:33'),(446,4,'POS_ORDER_PAID','{\"order_id\":44,\"payment_id\":68,\"payment_method\":\"transfer\",\"amount\":35000,\"transaction_source\":\"online_booking\",\"commission_rate\":2,\"commission_amount\":700,\"vat_rate\":10,\"vat_amount\":70,\"timestamp\":\"2026-06-01T07:41:39.638Z\"}','2026-06-01 07:41:39'),(447,4,'SET_HOTEL_ROOM_STATUS','{\"room_id\":45,\"status\":\"vacant\",\"timestamp\":\"2026-06-01T08:18:12.491Z\"}','2026-06-01 08:18:12'),(448,4,'HOTEL_ROOM_CHECKIN','{\"location_id\":2,\"room_ids\":[41],\"stay_days\":1,\"stay_nights\":24,\"user_id\":40,\"timestamp\":\"2026-06-01T08:18:25.620Z\"}','2026-06-01 08:18:25'),(449,4,'HOTEL_ROOM_CHECKIN','{\"location_id\":2,\"room_ids\":[42],\"stay_days\":1,\"stay_nights\":24,\"user_id\":41,\"timestamp\":\"2026-06-01T08:18:37.319Z\"}','2026-06-01 08:18:37'),(450,4,'HOTEL_STAY_CHECKOUT','{\"stay_id\":9,\"location_id\":2,\"room_id\":42,\"payment_id\":72,\"amount\":2000,\"payment_method\":\"cash\",\"timestamp\":\"2026-06-01T08:18:40.521Z\"}','2026-06-01 08:18:40'),(451,4,'SET_HOTEL_ROOM_STATUS','{\"room_id\":42,\"status\":\"vacant\",\"timestamp\":\"2026-06-01T08:18:46.076Z\"}','2026-06-01 08:18:46'),(452,4,'HOTEL_STAY_CHECKOUT','{\"stay_id\":8,\"location_id\":2,\"room_id\":41,\"payment_id\":73,\"amount\":2000,\"payment_method\":\"transfer\",\"timestamp\":\"2026-06-01T08:18:49.237Z\"}','2026-06-01 08:18:49'),(453,4,'SET_HOTEL_ROOM_STATUS','{\"room_id\":41,\"status\":\"vacant\",\"timestamp\":\"2026-06-01T08:18:51.332Z\"}','2026-06-01 08:18:51'),(454,4,'UPDATE_OWNER_BOOKING_STATUS','{\"booking_id\":56,\"status\":\"confirmed\",\"timestamp\":\"2026-06-01T08:40:14.114Z\"}','2026-06-01 08:40:14'),(455,4,'UPDATE_OWNER_BOOKING_STATUS','{\"booking_id\":59,\"status\":\"confirmed\",\"timestamp\":\"2026-06-01T08:53:22.712Z\"}','2026-06-01 08:53:22'),(456,4,'SET_HOTEL_ROOM_STATUS','{\"room_id\":42,\"status\":\"cleaning\",\"timestamp\":\"2026-06-01T08:53:34.985Z\"}','2026-06-01 08:53:34'),(457,4,'SET_HOTEL_ROOM_STATUS','{\"room_id\":42,\"status\":\"vacant\",\"timestamp\":\"2026-06-01T08:53:35.893Z\"}','2026-06-01 08:53:35'),(458,4,'HOTEL_STAY_CHECKOUT','{\"stay_id\":10,\"location_id\":2,\"room_id\":41,\"payment_id\":77,\"amount\":2000,\"payment_method\":\"cash\",\"timestamp\":\"2026-06-01T08:54:09.865Z\"}','2026-06-01 08:54:09'),(459,4,'HOTEL_STAY_CHECKOUT','{\"stay_id\":11,\"location_id\":2,\"room_id\":42,\"payment_id\":78,\"amount\":0,\"payment_method\":\"cash\",\"timestamp\":\"2026-06-01T08:54:14.949Z\"}','2026-06-01 08:54:14'),(460,4,'SET_HOTEL_ROOM_STATUS','{\"room_id\":41,\"status\":\"vacant\",\"timestamp\":\"2026-06-01T08:54:17.720Z\"}','2026-06-01 08:54:17'),(461,4,'SET_HOTEL_ROOM_STATUS','{\"room_id\":42,\"status\":\"vacant\",\"timestamp\":\"2026-06-01T08:54:18.785Z\"}','2026-06-01 08:54:18'),(462,4,'UPDATE_OWNER_BOOKING_STATUS','{\"booking_id\":60,\"status\":\"confirmed\",\"timestamp\":\"2026-06-01T08:55:22.118Z\"}','2026-06-01 08:55:22'),(463,4,'HOTEL_STAY_CHECKOUT','{\"stay_id\":12,\"location_id\":2,\"room_id\":46,\"payment_id\":79,\"amount\":2000,\"payment_method\":\"transfer\",\"timestamp\":\"2026-06-01T08:55:31.575Z\"}','2026-06-01 08:55:31'),(464,1,'CREATE_SYSTEM_VOUCHER','{\"code\":\"VC-TCBXQJ\",\"campaign_name\":\"Mừng ngày giảm giá\",\"discount_type\":\"amount\",\"discount_value\":500000,\"start_date\":\"2026-06-01 00:00:00\",\"end_date\":\"2026-06-04 00:00:00\",\"timestamp\":\"2026-06-01T09:20:52.546Z\"}','2026-06-01 09:20:52'),(465,4,'UPDATE_OWNER_VOUCHER','{\"voucher_id\":5,\"timestamp\":\"2026-06-01T14:18:57.031Z\"}','2026-06-01 14:18:57'),(466,4,'POS_ORDER_PAID','{\"order_id\":48,\"payment_id\":85,\"payment_method\":\"cash\",\"amount\":20000,\"transaction_source\":\"onsite_pos\",\"commission_rate\":0,\"commission_amount\":0,\"vat_rate\":0,\"vat_amount\":0,\"timestamp\":\"2026-06-01T14:19:25.478Z\"}','2026-06-01 14:19:25'),(467,4,'POS_ORDER_PAID','{\"order_id\":49,\"payment_id\":86,\"payment_method\":\"transfer\",\"amount\":35000,\"transaction_source\":\"onsite_pos\",\"commission_rate\":0,\"commission_amount\":0,\"vat_rate\":0,\"vat_amount\":0,\"timestamp\":\"2026-06-01T14:19:32.526Z\"}','2026-06-01 14:19:32'),(468,4,'UPDATE_OWNER_BOOKING_STATUS','{\"booking_id\":67,\"status\":\"cancelled\",\"timestamp\":\"2026-06-01T14:19:51.118Z\"}','2026-06-01 14:19:51'),(469,4,'UPDATE_OWNER_BOOKING_STATUS','{\"booking_id\":68,\"status\":\"confirmed\",\"timestamp\":\"2026-06-01T14:19:52.073Z\"}','2026-06-01 14:19:52'),(470,4,'UPDATE_OWNER_BOOKING_STATUS','{\"booking_id\":66,\"status\":\"confirmed\",\"timestamp\":\"2026-06-01T14:19:52.277Z\"}','2026-06-01 14:19:52'),(471,4,'POS_ORDER_PAID','{\"order_id\":50,\"payment_id\":87,\"payment_method\":\"cash\",\"amount\":17000,\"transaction_source\":\"online_booking\",\"commission_rate\":2,\"commission_amount\":340,\"vat_rate\":10,\"vat_amount\":34,\"timestamp\":\"2026-06-01T14:20:18.971Z\"}','2026-06-01 14:20:18'),(472,4,'POS_ORDER_PAID','{\"order_id\":51,\"payment_id\":88,\"payment_method\":\"transfer\",\"amount\":400000,\"transaction_source\":\"online_booking\",\"commission_rate\":2,\"commission_amount\":8000,\"vat_rate\":10,\"vat_amount\":800,\"timestamp\":\"2026-06-01T14:20:27.901Z\"}','2026-06-01 14:20:27'),(473,4,'UPDATE_OWNER_BOOKING_STATUS','{\"booking_id\":73,\"status\":\"confirmed\",\"timestamp\":\"2026-06-01T14:21:30.978Z\"}','2026-06-01 14:21:30'),(474,4,'UPDATE_OWNER_BOOKING_STATUS','{\"booking_id\":72,\"status\":\"confirmed\",\"timestamp\":\"2026-06-01T14:21:31.311Z\"}','2026-06-01 14:21:31'),(475,4,'UPDATE_OWNER_BOOKING_STATUS','{\"booking_id\":71,\"status\":\"confirmed\",\"timestamp\":\"2026-06-01T14:21:31.790Z\"}','2026-06-01 14:21:31'),(476,4,'UPDATE_OWNER_BOOKING_STATUS','{\"booking_id\":70,\"status\":\"confirmed\",\"timestamp\":\"2026-06-01T14:21:32.225Z\"}','2026-06-01 14:21:32'),(477,4,'UPDATE_OWNER_BOOKING_STATUS','{\"booking_id\":69,\"status\":\"confirmed\",\"timestamp\":\"2026-06-01T14:21:32.435Z\"}','2026-06-01 14:21:32'),(478,4,'POS_ORDER_PAID','{\"order_id\":58,\"payment_id\":93,\"payment_method\":\"cash\",\"amount\":35000,\"transaction_source\":\"online_booking\",\"commission_rate\":2,\"commission_amount\":700,\"vat_rate\":10,\"vat_amount\":70,\"timestamp\":\"2026-06-01T14:23:44.042Z\"}','2026-06-01 14:23:44'),(479,4,'POS_ORDER_PAID','{\"order_id\":59,\"payment_id\":94,\"payment_method\":\"transfer\",\"amount\":0,\"transaction_source\":\"online_booking\",\"commission_rate\":2,\"commission_amount\":0,\"vat_rate\":10,\"vat_amount\":0,\"timestamp\":\"2026-06-01T14:23:48.041Z\"}','2026-06-01 14:23:48'),(480,4,'POS_ORDER_PAID','{\"order_id\":56,\"payment_id\":95,\"payment_method\":\"transfer\",\"amount\":55000,\"transaction_source\":\"online_booking\",\"commission_rate\":2,\"commission_amount\":1100,\"vat_rate\":10,\"vat_amount\":110,\"timestamp\":\"2026-06-01T14:23:54.859Z\"}','2026-06-01 14:23:54'),(481,4,'POS_ORDER_PAID','{\"order_id\":57,\"payment_id\":96,\"payment_method\":\"cash\",\"amount\":161000,\"transaction_source\":\"online_booking\",\"commission_rate\":2,\"commission_amount\":3220,\"vat_rate\":10,\"vat_amount\":322,\"timestamp\":\"2026-06-01T14:24:05.562Z\"}','2026-06-01 14:24:05'),(482,4,'POS_ORDER_PAID','{\"order_id\":60,\"payment_id\":97,\"payment_method\":\"cash\",\"amount\":23000,\"transaction_source\":\"online_booking\",\"commission_rate\":2,\"commission_amount\":460,\"vat_rate\":10,\"vat_amount\":46,\"timestamp\":\"2026-06-01T14:24:10.702Z\"}','2026-06-01 14:24:10'),(483,4,'SET_HOTEL_ROOM_STATUS','{\"room_id\":46,\"status\":\"vacant\",\"timestamp\":\"2026-06-01T14:25:20.670Z\"}','2026-06-01 14:25:20'),(484,4,'HOTEL_ROOM_CHECKIN','{\"location_id\":2,\"room_ids\":[41],\"stay_days\":1,\"stay_nights\":24,\"user_id\":42,\"timestamp\":\"2026-06-01T14:25:39.498Z\"}','2026-06-01 14:25:39'),(485,4,'HOTEL_ROOM_CHECKIN','{\"location_id\":2,\"room_ids\":[42],\"stay_days\":1,\"stay_nights\":24,\"user_id\":43,\"timestamp\":\"2026-06-01T14:25:51.717Z\"}','2026-06-01 14:25:51'),(486,4,'HOTEL_STAY_CHECKOUT','{\"stay_id\":14,\"location_id\":2,\"room_id\":42,\"payment_id\":98,\"amount\":2000,\"payment_method\":\"transfer\",\"timestamp\":\"2026-06-01T14:25:54.429Z\"}','2026-06-01 14:25:54'),(487,4,'HOTEL_STAY_CHECKOUT','{\"stay_id\":13,\"location_id\":2,\"room_id\":41,\"payment_id\":99,\"amount\":2000,\"payment_method\":\"cash\",\"timestamp\":\"2026-06-01T14:25:58.870Z\"}','2026-06-01 14:25:58'),(488,4,'SET_HOTEL_ROOM_STATUS','{\"room_id\":42,\"status\":\"vacant\",\"timestamp\":\"2026-06-01T14:26:06.216Z\"}','2026-06-01 14:26:06'),(489,4,'SET_HOTEL_ROOM_STATUS','{\"room_id\":41,\"status\":\"vacant\",\"timestamp\":\"2026-06-01T14:26:06.808Z\"}','2026-06-01 14:26:06'),(490,4,'UPDATE_OWNER_BOOKING_STATUS','{\"booking_id\":75,\"status\":\"confirmed\",\"timestamp\":\"2026-06-01T14:26:20.752Z\"}','2026-06-01 14:26:20'),(491,4,'UPDATE_OWNER_BOOKING_STATUS','{\"booking_id\":74,\"status\":\"confirmed\",\"timestamp\":\"2026-06-01T14:26:21.397Z\"}','2026-06-01 14:26:21'),(492,4,'SET_HOTEL_ROOM_STATUS','{\"room_id\":41,\"status\":\"cleaning\",\"timestamp\":\"2026-06-01T14:26:32.605Z\"}','2026-06-01 14:26:32'),(493,4,'SET_HOTEL_ROOM_STATUS','{\"room_id\":41,\"status\":\"vacant\",\"timestamp\":\"2026-06-01T14:26:33.757Z\"}','2026-06-01 14:26:33'),(494,4,'HOTEL_STAY_CHECKOUT','{\"stay_id\":15,\"location_id\":2,\"room_id\":41,\"payment_id\":100,\"amount\":2000,\"payment_method\":\"cash\",\"timestamp\":\"2026-06-01T14:26:50.233Z\"}','2026-06-01 14:26:50'),(495,4,'HOTEL_STAY_CHECKOUT','{\"stay_id\":16,\"location_id\":2,\"room_id\":42,\"payment_id\":101,\"amount\":2000,\"payment_method\":\"transfer\",\"timestamp\":\"2026-06-01T14:26:54.495Z\"}','2026-06-01 14:26:54'),(496,4,'SET_HOTEL_ROOM_STATUS','{\"room_id\":42,\"status\":\"vacant\",\"timestamp\":\"2026-06-01T14:27:01.706Z\"}','2026-06-01 14:27:01'),(497,4,'SET_HOTEL_ROOM_STATUS','{\"room_id\":41,\"status\":\"vacant\",\"timestamp\":\"2026-06-01T14:27:02.230Z\"}','2026-06-01 14:27:02'),(498,4,'UPDATE_OWNER_BOOKING_STATUS','{\"booking_id\":80,\"status\":\"confirmed\",\"timestamp\":\"2026-06-01T14:34:46.381Z\"}','2026-06-01 14:34:46'),(499,4,'UPDATE_OWNER_BOOKING_STATUS','{\"booking_id\":79,\"status\":\"cancelled\",\"timestamp\":\"2026-06-01T14:34:48.455Z\"}','2026-06-01 14:34:48'),(500,4,'HOTEL_STAY_CHECKOUT','{\"stay_id\":18,\"location_id\":2,\"room_id\":46,\"payment_id\":107,\"amount\":0,\"payment_method\":\"cash\",\"timestamp\":\"2026-06-01T14:35:04.741Z\"}','2026-06-01 14:35:04'),(501,4,'SELL_POS_TICKETS_BATCH','{\"location_id\":3,\"payment_id\":111,\"items\":[{\"service_id\":7,\"quantity\":3},{\"service_id\":8,\"quantity\":4}],\"payment_method\":\"cash\",\"amount\":500000,\"timestamp\":\"2026-06-01T14:36:55.930Z\"}','2026-06-01 14:36:55'),(502,4,'SELL_POS_TICKETS_BATCH','{\"location_id\":3,\"payment_id\":112,\"items\":[{\"service_id\":8,\"quantity\":4},{\"service_id\":7,\"quantity\":6}],\"payment_method\":\"transfer\",\"amount\":800000,\"timestamp\":\"2026-06-01T14:37:04.409Z\"}','2026-06-01 14:37:04'),(503,4,'CREATE_OWNER_VOUCHER','{\"voucher_id\":7,\"code\":\"musuc\",\"location_id\":3,\"timestamp\":\"2026-06-01T15:22:30.374Z\"}','2026-06-01 15:22:30');
/*!40000 ALTER TABLE `audit_logs` ENABLE KEYS */;
UNLOCK TABLES;

--
-- Table structure for table `background_schedules`
--

DROP TABLE IF EXISTS `background_schedules`;
/*!40101 SET @saved_cs_client     = @@character_set_client */;
/*!50503 SET character_set_client = utf8mb4 */;
CREATE TABLE `background_schedules` (
  `schedule_id` int NOT NULL AUTO_INCREMENT,
  `title` varchar(255) NOT NULL,
  `image_url` text NOT NULL,
  `image_path` varchar(255) DEFAULT NULL,
  `applied_to_setting` varchar(100) DEFAULT 'login_background',
  `start_date` datetime NOT NULL,
  `end_date` datetime NOT NULL,
  `is_active` tinyint(1) NOT NULL DEFAULT '1',
  `created_by` int DEFAULT NULL,
  `created_at` timestamp NULL DEFAULT CURRENT_TIMESTAMP,
  `updated_at` timestamp NULL DEFAULT CURRENT_TIMESTAMP ON UPDATE CURRENT_TIMESTAMP,
  `timezone` varchar(50) DEFAULT 'Asia/Ho_Chi_Minh',
  PRIMARY KEY (`schedule_id`),
  KEY `idx_bg_active` (`is_active`),
  KEY `idx_bg_date` (`start_date`,`end_date`),
  KEY `background_schedules_admin_fk` (`created_by`),
  CONSTRAINT `background_schedules_admin_fk` FOREIGN KEY (`created_by`) REFERENCES `users` (`user_id`) ON DELETE SET NULL
) ENGINE=InnoDB DEFAULT CHARSET=utf8mb4 COLLATE=utf8mb4_0900_ai_ci;
/*!40101 SET character_set_client = @saved_cs_client */;

--
-- Dumping data for table `background_schedules`
--

LOCK TABLES `background_schedules` WRITE;
/*!40000 ALTER TABLE `background_schedules` DISABLE KEYS */;
/*!40000 ALTER TABLE `background_schedules` ENABLE KEYS */;
UNLOCK TABLES;

--
-- Table structure for table `booking_preorder_items`
--

DROP TABLE IF EXISTS `booking_preorder_items`;
/*!40101 SET @saved_cs_client     = @@character_set_client */;
/*!50503 SET character_set_client = utf8mb4 */;
CREATE TABLE `booking_preorder_items` (
  `preorder_item_id` int NOT NULL AUTO_INCREMENT,
  `booking_id` int NOT NULL,
  `location_id` int NOT NULL,
  `service_id` int NOT NULL,
  `service_name_snapshot` varchar(255) DEFAULT NULL,
  `quantity` int NOT NULL DEFAULT '1',
  `unit_price` decimal(12,2) NOT NULL DEFAULT '0.00',
  `line_total` decimal(12,2) NOT NULL DEFAULT '0.00',
  `source` varchar(32) NOT NULL DEFAULT 'preorder',
  `created_at` timestamp NULL DEFAULT CURRENT_TIMESTAMP,
  `updated_at` timestamp NULL DEFAULT CURRENT_TIMESTAMP ON UPDATE CURRENT_TIMESTAMP,
  PRIMARY KEY (`preorder_item_id`),
  KEY `idx_booking_preorder_booking` (`booking_id`),
  KEY `idx_booking_preorder_location` (`location_id`),
  KEY `idx_booking_preorder_service` (`service_id`)
) ENGINE=InnoDB AUTO_INCREMENT=25 DEFAULT CHARSET=utf8mb4 COLLATE=utf8mb4_0900_ai_ci;
/*!40101 SET character_set_client = @saved_cs_client */;

--
-- Dumping data for table `booking_preorder_items`
--

LOCK TABLES `booking_preorder_items` WRITE;
/*!40000 ALTER TABLE `booking_preorder_items` DISABLE KEYS */;
INSERT INTO `booking_preorder_items` VALUES (1,3,1,1,'Cafe đen',3,17000.00,51000.00,'preorder','2026-05-29 12:52:28','2026-05-29 12:52:28'),(2,8,1,3,'Trà Đào',1,23000.00,23000.00,'preorder','2026-05-29 13:25:54','2026-05-29 13:25:54'),(3,9,1,17,'Cafe Cam',3,15000.00,45000.00,'preorder','2026-05-29 13:26:06','2026-05-29 13:26:06'),(4,10,1,1,'Cafe đen',2,17000.00,34000.00,'preorder','2026-05-29 13:26:22','2026-05-29 13:26:22'),(5,11,1,17,'Cafe Cam',1,15000.00,15000.00,'preorder','2026-05-29 13:34:18','2026-05-29 13:34:18'),(6,12,1,4,'Combo đi làm',1,35000.00,35000.00,'preorder','2026-05-29 13:43:18','2026-05-29 13:43:18'),(7,39,1,17,'Cafe Cam',4,15000.00,60000.00,'preorder','2026-06-01 01:20:19','2026-06-01 01:20:19'),(8,40,1,17,'Cafe Cam',2,15000.00,30000.00,'preorder','2026-06-01 01:20:44','2026-06-01 01:20:44'),(9,41,1,4,'Combo đi làm',1,35000.00,35000.00,'preorder','2026-06-01 01:22:23','2026-06-01 01:22:23'),(10,43,1,17,'Cafe Cam',2,15000.00,30000.00,'preorder','2026-06-01 01:22:39','2026-06-01 01:22:39'),(11,45,1,4,'Combo đi làm',3,35000.00,105000.00,'preorder','2026-06-01 07:07:52','2026-06-01 07:07:52'),(12,46,1,2,'Cafe Sữa',1,20000.00,20000.00,'preorder','2026-06-01 07:18:18','2026-06-01 07:18:18'),(13,46,1,4,'Combo đi làm',1,35000.00,35000.00,'preorder','2026-06-01 07:18:18','2026-06-01 07:18:18'),(14,51,1,4,'Combo đi làm',1,35000.00,35000.00,'preorder','2026-06-01 07:40:54','2026-06-01 07:40:54'),(15,52,1,1,'Cafe đen',1,17000.00,17000.00,'preorder','2026-06-01 07:41:03','2026-06-01 07:41:03'),(16,53,1,15,'Bánh cheesecake Chanh Dây Phô Mai',3,100000.00,300000.00,'preorder','2026-06-01 07:59:31','2026-06-01 07:59:31'),(17,54,1,3,'Trà Đào',3,23000.00,69000.00,'preorder','2026-06-01 08:16:12','2026-06-01 08:16:12'),(18,54,1,4,'Combo đi làm',1,35000.00,35000.00,'preorder','2026-06-01 08:16:12','2026-06-01 08:16:12'),(19,54,1,15,'Bánh cheesecake Chanh Dây Phô Mai',1,100000.00,100000.00,'preorder','2026-06-01 08:16:12','2026-06-01 08:16:12'),(20,55,1,15,'Bánh cheesecake Chanh Dây Phô Mai',2,100000.00,200000.00,'preorder','2026-06-01 08:16:49','2026-06-01 08:16:49'),(21,69,1,4,'Combo đi làm',1,35000.00,35000.00,'preorder','2026-06-01 14:20:43','2026-06-01 14:20:43'),(22,70,1,17,'Cafe Cam',1,15000.00,15000.00,'preorder','2026-06-01 14:20:52','2026-06-01 14:20:52'),(23,72,1,17,'Cafe Cam',2,15000.00,30000.00,'preorder','2026-06-01 14:21:03','2026-06-01 14:21:03'),(24,73,1,15,'Bánh cheesecake Chanh Dây Phô Mai',2,100000.00,200000.00,'preorder','2026-06-01 14:21:17','2026-06-01 14:21:17');
/*!40000 ALTER TABLE `booking_preorder_items` ENABLE KEYS */;
UNLOCK TABLES;

--
-- Table structure for table `booking_table_reservations`
--

DROP TABLE IF EXISTS `booking_table_reservations`;
/*!40101 SET @saved_cs_client     = @@character_set_client */;
/*!50503 SET character_set_client = utf8mb4 */;
CREATE TABLE `booking_table_reservations` (
  `reservation_id` bigint NOT NULL AUTO_INCREMENT,
  `booking_id` int NOT NULL,
  `table_id` int NOT NULL,
  `location_id` int NOT NULL,
  `start_time` datetime NOT NULL,
  `end_time` datetime NOT NULL,
  `status` enum('active','checked_in','cancelled','no_show','released') NOT NULL DEFAULT 'active',
  `checked_in_at` datetime DEFAULT NULL,
  `actual_end_time` datetime DEFAULT NULL,
  `cancelled_at` datetime DEFAULT NULL,
  `cancelled_by_user_id` int DEFAULT NULL,
  `created_at` timestamp NULL DEFAULT CURRENT_TIMESTAMP,
  `updated_at` timestamp NULL DEFAULT CURRENT_TIMESTAMP ON UPDATE CURRENT_TIMESTAMP,
  PRIMARY KEY (`reservation_id`),
  UNIQUE KEY `uniq_booking_table_reservation` (`booking_id`,`table_id`),
  KEY `idx_table_reservation_lookup` (`table_id`,`status`,`start_time`,`end_time`),
  KEY `idx_booking_table_reservation_booking` (`booking_id`),
  KEY `idx_booking_table_reservation_location` (`location_id`,`status`,`start_time`),
  KEY `booking_table_reservations_fk_cancelled_by` (`cancelled_by_user_id`),
  CONSTRAINT `booking_table_reservations_fk_booking` FOREIGN KEY (`booking_id`) REFERENCES `bookings` (`booking_id`) ON DELETE CASCADE,
  CONSTRAINT `booking_table_reservations_fk_cancelled_by` FOREIGN KEY (`cancelled_by_user_id`) REFERENCES `users` (`user_id`) ON DELETE SET NULL,
  CONSTRAINT `booking_table_reservations_fk_location` FOREIGN KEY (`location_id`) REFERENCES `locations` (`location_id`) ON DELETE CASCADE,
  CONSTRAINT `booking_table_reservations_fk_table` FOREIGN KEY (`table_id`) REFERENCES `pos_tables` (`table_id`) ON DELETE RESTRICT
) ENGINE=InnoDB AUTO_INCREMENT=37 DEFAULT CHARSET=utf8mb4 COLLATE=utf8mb4_0900_ai_ci;
/*!40101 SET character_set_client = @saved_cs_client */;

--
-- Dumping data for table `booking_table_reservations`
--

LOCK TABLES `booking_table_reservations` WRITE;
/*!40000 ALTER TABLE `booking_table_reservations` DISABLE KEYS */;
INSERT INTO `booking_table_reservations` VALUES (1,1,21,1,'2026-05-29 19:38:00','2026-05-29 21:38:00','active',NULL,NULL,NULL,NULL,'2026-05-29 12:38:02','2026-05-29 12:38:02'),(2,2,22,1,'2026-05-29 19:38:00','2026-05-29 21:38:00','released','2026-05-29 19:38:36','2026-05-29 19:38:52',NULL,NULL,'2026-05-29 12:38:11','2026-05-29 12:38:52'),(3,3,21,1,'2026-05-29 19:52:00','2026-05-29 21:52:00','released','2026-05-29 19:53:47','2026-05-29 19:54:00',NULL,NULL,'2026-05-29 12:52:28','2026-05-29 12:54:00'),(4,4,21,1,'2026-05-29 20:12:00','2026-05-29 22:12:00','released','2026-05-29 20:22:49','2026-05-29 20:24:38',NULL,NULL,'2026-05-29 13:12:56','2026-05-29 13:24:38'),(5,5,22,1,'2026-05-29 20:12:00','2026-05-29 22:12:00','released','2026-05-29 20:22:41','2026-05-29 20:24:53',NULL,NULL,'2026-05-29 13:12:59','2026-05-29 13:24:53'),(6,6,23,1,'2026-05-29 20:13:00','2026-05-29 22:13:00','released','2026-05-29 20:22:19','2026-05-29 20:24:46',NULL,NULL,'2026-05-29 13:13:01','2026-05-29 13:24:46'),(7,7,24,1,'2026-05-29 20:13:00','2026-05-29 22:13:00','active',NULL,NULL,NULL,NULL,'2026-05-29 13:13:03','2026-05-29 13:13:03'),(8,8,28,1,'2026-05-29 20:25:00','2026-05-29 22:25:00','released','2026-05-29 20:33:07','2026-05-29 20:34:00',NULL,NULL,'2026-05-29 13:25:54','2026-05-29 13:34:00'),(9,9,41,1,'2026-05-29 20:26:00','2026-05-29 22:26:00','released','2026-05-29 20:32:58','2026-05-29 20:34:44',NULL,NULL,'2026-05-29 13:26:06','2026-05-29 13:34:44'),(10,10,21,1,'2026-05-29 20:26:00','2026-05-29 22:26:00','active',NULL,NULL,NULL,NULL,'2026-05-29 13:26:22','2026-05-29 13:26:24'),(11,11,24,1,'2026-05-29 20:34:00','2026-05-29 22:34:00','released','2026-05-29 20:34:34','2026-05-29 20:34:54',NULL,NULL,'2026-05-29 13:34:18','2026-05-29 13:34:54'),(12,12,23,1,'2026-05-29 20:43:00','2026-05-29 22:43:00','released','2026-05-29 20:49:40','2026-05-29 20:49:55',NULL,NULL,'2026-05-29 13:43:18','2026-05-29 13:49:55'),(13,39,21,1,'2026-06-01 08:20:00','2026-06-01 10:20:00','released',NULL,NULL,NULL,NULL,'2026-06-01 01:20:19','2026-06-01 01:20:19'),(14,40,21,1,'2026-06-01 08:20:00','2026-06-01 10:20:00','released','2026-06-01 08:21:23','2026-06-01 08:21:29',NULL,NULL,'2026-06-01 01:20:44','2026-06-01 01:21:29'),(15,41,22,1,'2026-06-01 08:22:00','2026-06-01 10:22:00','released','2026-06-01 08:23:04','2026-06-01 08:23:20',NULL,NULL,'2026-06-01 01:22:23','2026-06-01 01:23:20'),(16,42,46,1,'2026-06-01 08:22:00','2026-06-01 10:22:00','released','2026-06-01 08:23:09','2026-06-01 08:23:33',NULL,NULL,'2026-06-01 01:22:32','2026-06-01 01:23:33'),(17,43,47,1,'2026-06-01 08:22:00','2026-06-01 10:22:00','released','2026-06-01 08:23:12','2026-06-01 08:23:38',NULL,NULL,'2026-06-01 01:22:39','2026-06-01 01:23:38'),(18,45,21,1,'2026-06-01 14:07:00','2026-06-01 16:07:00','released','2026-06-01 14:09:13','2026-06-01 14:09:26',NULL,NULL,'2026-06-01 07:07:52','2026-06-01 07:09:26'),(19,46,22,1,'2026-06-01 14:18:00','2026-06-01 16:18:00','released',NULL,NULL,NULL,NULL,'2026-06-01 07:18:18','2026-06-01 07:18:18'),(20,47,21,1,'2026-06-01 14:32:00','2026-06-01 16:32:00','released','2026-06-01 14:32:59','2026-06-01 14:33:05',NULL,NULL,'2026-06-01 07:32:25','2026-06-01 07:33:05'),(21,48,22,1,'2026-06-01 14:32:00','2026-06-01 16:32:00','released','2026-06-01 14:32:55','2026-06-01 14:33:14',NULL,NULL,'2026-06-01 07:32:26','2026-06-01 07:33:14'),(22,49,23,1,'2026-06-01 14:32:00','2026-06-01 16:32:00','active',NULL,NULL,NULL,NULL,'2026-06-01 07:32:29','2026-06-01 07:32:29'),(23,50,47,1,'2026-06-01 14:34:00','2026-06-01 16:34:00','active',NULL,NULL,NULL,NULL,'2026-06-01 07:34:48','2026-06-01 07:34:48'),(24,51,21,1,'2026-06-01 14:40:00','2026-06-01 16:40:00','released','2026-06-01 14:41:22','2026-06-01 14:41:33',NULL,NULL,'2026-06-01 07:40:54','2026-06-01 07:41:33'),(25,52,24,1,'2026-06-01 14:41:00','2026-06-01 16:41:00','released','2026-06-01 14:41:26','2026-06-01 14:41:39',NULL,NULL,'2026-06-01 07:41:03','2026-06-01 07:41:39'),(26,53,23,1,'2026-06-01 14:59:00','2026-06-01 16:59:00','released',NULL,NULL,NULL,NULL,'2026-06-01 07:59:31','2026-06-01 07:59:31'),(27,54,29,1,'2026-06-01 15:16:00','2026-06-01 17:16:00','released',NULL,NULL,NULL,NULL,'2026-06-01 08:16:12','2026-06-01 08:16:12'),(28,55,25,1,'2026-06-01 15:16:00','2026-06-01 17:16:00','released',NULL,NULL,NULL,NULL,'2026-06-01 08:16:49','2026-06-01 08:16:49'),(29,66,21,1,'2026-06-01 21:19:00','2026-06-01 23:19:00','released','2026-06-01 21:20:02','2026-06-01 21:20:18',NULL,NULL,'2026-06-01 14:19:40','2026-06-01 14:20:18'),(30,67,22,1,'2026-06-01 21:19:00','2026-06-01 23:19:00','active',NULL,NULL,NULL,NULL,'2026-06-01 14:19:42','2026-06-01 14:19:42'),(31,68,23,1,'2026-06-01 21:19:00','2026-06-01 23:19:00','released','2026-06-01 21:20:06','2026-06-01 21:20:27',NULL,NULL,'2026-06-01 14:19:44','2026-06-01 14:20:27'),(32,69,47,1,'2026-06-01 21:20:00','2026-06-01 23:20:00','released','2026-06-01 21:22:16','2026-06-01 21:24:10',NULL,NULL,'2026-06-01 14:20:43','2026-06-01 14:24:10'),(33,70,22,1,'2026-06-01 21:20:00','2026-06-01 23:20:00','released','2026-06-01 21:22:09','2026-06-01 21:23:48',NULL,NULL,'2026-06-01 14:20:52','2026-06-01 14:23:48'),(34,71,24,1,'2026-06-01 21:20:00','2026-06-01 23:20:00','released','2026-06-01 21:22:04','2026-06-01 21:23:44',NULL,NULL,'2026-06-01 14:20:56','2026-06-01 14:23:44'),(35,72,29,1,'2026-06-01 21:21:00','2026-06-01 23:21:00','released','2026-06-01 21:21:58','2026-06-01 21:24:05',NULL,NULL,'2026-06-01 14:21:03','2026-06-01 14:24:05'),(36,73,23,1,'2026-06-01 21:21:00','2026-06-01 23:21:00','released','2026-06-01 21:21:50','2026-06-01 21:23:54',NULL,NULL,'2026-06-01 14:21:17','2026-06-01 14:23:54');
/*!40000 ALTER TABLE `booking_table_reservations` ENABLE KEYS */;
UNLOCK TABLES;

--
-- Table structure for table `booking_tickets`
--

DROP TABLE IF EXISTS `booking_tickets`;
/*!40101 SET @saved_cs_client     = @@character_set_client */;
/*!50503 SET character_set_client = utf8mb4 */;
CREATE TABLE `booking_tickets` (
  `ticket_id` bigint NOT NULL AUTO_INCREMENT,
  `booking_id` int NOT NULL,
  `location_id` int NOT NULL,
  `service_id` int NOT NULL,
  `ticket_code` varchar(64) NOT NULL,
  `status` enum('unused','used','void') NOT NULL DEFAULT 'unused',
  `issued_at` timestamp NULL DEFAULT CURRENT_TIMESTAMP,
  `used_at` timestamp NULL DEFAULT NULL,
  `used_by` int DEFAULT NULL,
  PRIMARY KEY (`ticket_id`),
  UNIQUE KEY `uniq_booking_ticket_code` (`ticket_code`),
  KEY `idx_booking_tickets_booking` (`booking_id`),
  KEY `idx_booking_tickets_location_status` (`location_id`,`status`),
  KEY `booking_tickets_fk_service` (`service_id`),
  KEY `booking_tickets_fk_used_by` (`used_by`),
  CONSTRAINT `booking_tickets_fk_booking` FOREIGN KEY (`booking_id`) REFERENCES `bookings` (`booking_id`) ON DELETE CASCADE,
  CONSTRAINT `booking_tickets_fk_location` FOREIGN KEY (`location_id`) REFERENCES `locations` (`location_id`) ON DELETE CASCADE,
  CONSTRAINT `booking_tickets_fk_service` FOREIGN KEY (`service_id`) REFERENCES `services` (`service_id`) ON DELETE RESTRICT,
  CONSTRAINT `booking_tickets_fk_used_by` FOREIGN KEY (`used_by`) REFERENCES `users` (`user_id`) ON DELETE SET NULL
) ENGINE=InnoDB AUTO_INCREMENT=124 DEFAULT CHARSET=utf8mb4 COLLATE=utf8mb4_0900_ai_ci;
/*!40101 SET character_set_client = @saved_cs_client */;

--
-- Dumping data for table `booking_tickets`
--

LOCK TABLES `booking_tickets` WRITE;
/*!40000 ALTER TABLE `booking_tickets` DISABLE KEYS */;
INSERT INTO `booking_tickets` VALUES (1,19,3,7,'SB-19-1780063817200-10c2d4f6','void','2026-05-29 14:10:17',NULL,NULL),(2,19,3,7,'SB-19-1780063817200-bf87ce83','void','2026-05-29 14:10:17',NULL,NULL),(3,19,3,7,'SB-19-1780063817201-90428458','void','2026-05-29 14:10:17',NULL,NULL),(4,19,3,7,'SB-19-1780063817201-696dd4ff','void','2026-05-29 14:10:17',NULL,NULL),(5,19,3,7,'SB-19-1780063817201-9d75ba8d','void','2026-05-29 14:10:17',NULL,NULL),(6,20,3,7,'SB-20-1780064714419-0a3c5ed2','void','2026-05-29 14:25:14',NULL,NULL),(7,21,3,8,'SB-21-1780064718112-a28a4eaf','void','2026-05-29 14:25:18',NULL,NULL),(8,22,3,8,'SB-22-1780065041556-1eaa4874','void','2026-05-29 14:30:41',NULL,NULL),(9,22,3,8,'SB-22-1780065041556-467f64f2','void','2026-05-29 14:30:41',NULL,NULL),(10,22,3,8,'SB-22-1780065041557-8213978f','void','2026-05-29 14:30:41',NULL,NULL),(11,22,3,8,'SB-22-1780065041557-4c4bcd90','void','2026-05-29 14:30:41',NULL,NULL),(12,23,3,7,'SB-23-1780065555232-bb418647','void','2026-05-29 14:39:15',NULL,NULL),(13,23,3,7,'SB-23-1780065555232-dc7cb880','void','2026-05-29 14:39:15',NULL,NULL),(14,23,3,7,'SB-23-1780065555233-aaed9819','void','2026-05-29 14:39:15',NULL,NULL),(15,23,3,7,'SB-23-1780065555233-0cc122b9','void','2026-05-29 14:39:15',NULL,NULL),(16,24,3,7,'SB-24-1780066037387-92ab40e0','void','2026-05-29 14:47:17',NULL,NULL),(17,24,3,7,'SB-24-1780066037387-9489502d','void','2026-05-29 14:47:17',NULL,NULL),(18,24,3,7,'SB-24-1780066037388-16b776af','void','2026-05-29 14:47:17',NULL,NULL),(19,24,3,8,'SB-24-1780066037388-f1abc3c1','void','2026-05-29 14:47:17',NULL,NULL),(20,24,3,8,'SB-24-1780066037388-d6371e83','void','2026-05-29 14:47:17',NULL,NULL),(21,25,3,8,'SB-25-1780066079441-746190c2','void','2026-05-29 14:47:59',NULL,NULL),(22,25,3,8,'SB-25-1780066079442-ea5116b1','void','2026-05-29 14:47:59',NULL,NULL),(23,25,3,8,'SB-25-1780066079442-1ac44dca','void','2026-05-29 14:47:59',NULL,NULL),(24,26,3,7,'SB-26-1780066383333-b5093625','void','2026-05-29 14:53:03',NULL,NULL),(25,26,3,7,'SB-26-1780066383333-772641c0','void','2026-05-29 14:53:03',NULL,NULL),(26,26,3,8,'SB-26-1780066383333-d4d08a33','void','2026-05-29 14:53:03',NULL,NULL),(27,26,3,8,'SB-26-1780066383333-1ee18296','void','2026-05-29 14:53:03',NULL,NULL),(28,27,3,7,'SB-27-1780066415109-375f6dcc','void','2026-05-29 14:53:35',NULL,NULL),(29,27,3,7,'SB-27-1780066415110-cecef385','void','2026-05-29 14:53:35',NULL,NULL),(30,27,3,7,'SB-27-1780066415110-a8671c0a','void','2026-05-29 14:53:35',NULL,NULL),(31,27,3,7,'SB-27-1780066415110-caeaa0d5','void','2026-05-29 14:53:35',NULL,NULL),(32,27,3,7,'SB-27-1780066415110-af658087','void','2026-05-29 14:53:35',NULL,NULL),(33,28,3,7,'SB-28-1780108280915-1f6de470','used','2026-05-30 02:31:20','2026-05-30 03:01:01',4),(34,28,3,7,'SB-28-1780108280916-609bd4ae','used','2026-05-30 02:31:20','2026-05-30 03:01:01',4),(35,28,3,7,'SB-28-1780108280916-79ebab48','used','2026-05-30 02:31:20','2026-05-30 03:01:01',4),(36,28,3,7,'SB-28-1780108280916-04aed1c5','used','2026-05-30 02:31:20','2026-05-30 03:01:01',4),(37,28,3,7,'SB-28-1780108280917-864d6fea','used','2026-05-30 02:31:20','2026-05-30 03:01:01',4),(38,29,3,7,'SB-29-1780108313939-673be435','void','2026-05-30 02:31:53',NULL,NULL),(39,30,3,8,'SB-30-1780108320230-00d4e853','void','2026-05-30 02:32:00',NULL,NULL),(40,31,3,7,'SB-31-1780108385055-bf6957b4','used','2026-05-30 02:33:05','2026-05-30 02:57:50',4),(41,31,3,7,'SB-31-1780108385056-2212cbb5','used','2026-05-30 02:33:05','2026-05-30 02:57:50',4),(42,31,3,7,'SB-31-1780108385057-df2e2695','used','2026-05-30 02:33:05','2026-05-30 02:57:50',4),(43,31,3,7,'SB-31-1780108385057-de057653','used','2026-05-30 02:33:05','2026-05-30 02:57:50',4),(44,31,3,7,'SB-31-1780108385057-f619ea25','used','2026-05-30 02:33:05','2026-05-30 02:57:50',4),(45,31,3,7,'SB-31-1780108385057-5780a907','used','2026-05-30 02:33:05','2026-05-30 02:57:50',4),(46,31,3,7,'SB-31-1780108385057-6adf9850','used','2026-05-30 02:33:05','2026-05-30 02:57:50',4),(47,31,3,7,'SB-31-1780108385058-33b0184b','used','2026-05-30 02:33:05','2026-05-30 02:57:50',4),(48,31,3,7,'SB-31-1780108385058-4347f561','used','2026-05-30 02:33:05','2026-05-30 02:57:50',4),(49,31,3,7,'SB-31-1780108385058-94c534a4','used','2026-05-30 02:33:05','2026-05-30 02:57:50',4),(50,31,3,8,'SB-31-1780108385058-3fdce1f0','used','2026-05-30 02:33:05','2026-05-30 02:57:50',4),(51,31,3,8,'SB-31-1780108385058-5ef1fdec','used','2026-05-30 02:33:05','2026-05-30 02:57:50',4),(52,31,3,8,'SB-31-1780108385059-1e806acd','used','2026-05-30 02:33:05','2026-05-30 02:57:50',4),(53,31,3,8,'SB-31-1780108385059-00ee2e69','used','2026-05-30 02:33:05','2026-05-30 02:57:50',4),(54,31,3,8,'SB-31-1780108385059-0d831f54','used','2026-05-30 02:33:05','2026-05-30 02:57:50',4),(55,31,3,8,'SB-31-1780108385059-7930c9cf','used','2026-05-30 02:33:05','2026-05-30 02:57:50',4),(56,31,3,8,'SB-31-1780108385059-8ba10a25','used','2026-05-30 02:33:05','2026-05-30 02:57:50',4),(57,31,3,8,'SB-31-1780108385060-fc371189','used','2026-05-30 02:33:05','2026-05-30 02:57:50',4),(58,31,3,8,'SB-31-1780108385060-bc5c802b','used','2026-05-30 02:33:05','2026-05-30 02:57:50',4),(59,31,3,8,'SB-31-1780108385060-0a0dd72e','used','2026-05-30 02:33:05','2026-05-30 02:57:50',4),(60,32,3,7,'SB-32-1-lgI5Tf','void','2026-05-30 02:58:35',NULL,NULL),(61,33,3,7,'SB-33-1-jZo2Tm','used','2026-05-30 02:58:41','2026-05-30 02:59:40',4),(62,33,3,8,'SB-33-2-qFIyH4','used','2026-05-30 02:58:41','2026-05-30 02:59:40',4),(63,33,3,8,'SB-33-3-qVLnLH','used','2026-05-30 02:58:41','2026-05-30 02:59:25',4),(64,34,3,7,'SB-34-1-K1IGNO','unused','2026-05-30 03:11:15',NULL,NULL),(65,34,3,7,'SB-34-2-ntPXHU','unused','2026-05-30 03:11:15',NULL,NULL),(66,34,3,7,'SB-34-3-u1slvt','unused','2026-05-30 03:11:15',NULL,NULL),(67,34,3,7,'SB-34-4-rmgDGa','unused','2026-05-30 03:11:15',NULL,NULL),(68,34,3,7,'SB-34-5-jxiUiT','unused','2026-05-30 03:11:15',NULL,NULL),(69,34,3,7,'SB-34-6-NVexzr','unused','2026-05-30 03:11:15',NULL,NULL),(70,34,3,7,'SB-34-7-bFoxkQ','unused','2026-05-30 03:11:15',NULL,NULL),(71,34,3,7,'SB-34-8-TlHpUO','unused','2026-05-30 03:11:15',NULL,NULL),(72,34,3,7,'SB-34-9-DOiFNo','unused','2026-05-30 03:11:15',NULL,NULL),(73,34,3,7,'SB-34-10-d4AwvC','unused','2026-05-30 03:11:15',NULL,NULL),(74,35,3,7,'SB-35-1-ghJT4I','used','2026-05-30 03:11:35','2026-05-30 03:12:28',4),(75,35,3,7,'SB-35-2-7oHX4b','used','2026-05-30 03:11:35','2026-05-30 03:12:28',4),(76,35,3,7,'SB-35-3-DqLz8c','used','2026-05-30 03:11:35','2026-05-30 03:12:28',4),(77,35,3,7,'SB-35-4-bIbPJ1','used','2026-05-30 03:11:35','2026-05-30 03:12:28',4),(78,35,3,7,'SB-35-5-37FX37','used','2026-05-30 03:11:35','2026-05-30 03:12:28',4),(79,35,3,7,'SB-35-6-u6GaT2','used','2026-05-30 03:11:35','2026-05-30 03:12:28',4),(80,35,3,7,'SB-35-7-XZ9VBz','used','2026-05-30 03:11:35','2026-05-30 03:12:28',4),(81,35,3,7,'SB-35-8-4SUJMn','used','2026-05-30 03:11:35','2026-05-30 03:12:28',4),(82,35,3,7,'SB-35-9-Bw1Ddm','used','2026-05-30 03:11:35','2026-05-30 03:12:28',4),(83,35,3,7,'SB-35-10-yEKaKi','used','2026-05-30 03:11:35','2026-05-30 03:12:28',4),(84,35,3,8,'SB-35-11-smZlwL','used','2026-05-30 03:11:35','2026-05-30 03:12:28',4),(85,35,3,8,'SB-35-12-0UKEMe','used','2026-05-30 03:11:35','2026-05-30 03:12:28',4),(86,35,3,8,'SB-35-13-B6IuqH','used','2026-05-30 03:11:35','2026-05-30 03:12:28',4),(87,35,3,8,'SB-35-14-WuUxBr','used','2026-05-30 03:11:35','2026-05-30 03:12:28',4),(88,35,3,8,'SB-35-15-DiFIvg','used','2026-05-30 03:11:35','2026-05-30 03:12:28',4),(89,35,3,8,'SB-35-16-j3Z2QS','used','2026-05-30 03:11:35','2026-05-30 03:12:28',4),(90,35,3,8,'SB-35-17-ScKabF','used','2026-05-30 03:11:35','2026-05-30 03:12:28',4),(91,35,3,8,'SB-35-18-GtB41l','used','2026-05-30 03:11:35','2026-05-30 03:12:28',4),(92,35,3,8,'SB-35-19-MFNcWC','used','2026-05-30 03:11:35','2026-05-30 03:12:28',4),(93,35,3,8,'SB-35-20-wiRG8U','used','2026-05-30 03:11:35','2026-05-30 03:12:19',4),(94,36,3,8,'SB-36-1-dRby10','used','2026-05-30 03:12:36','2026-05-30 03:12:46',4),(95,37,3,7,'SB-37-1-7GBwwn','used','2026-05-30 03:12:54','2026-05-30 03:13:56',4),(96,38,3,7,'SB-38-1-bWmonq','used','2026-05-30 03:12:59','2026-05-30 03:15:21',4),(97,38,3,7,'SB-38-2-NFlWOi','used','2026-05-30 03:12:59','2026-05-30 03:15:21',4),(98,38,3,7,'SB-38-3-qDEMqp','used','2026-05-30 03:12:59','2026-05-30 03:15:21',4),(99,38,3,7,'SB-38-4-vb7m9e','used','2026-05-30 03:12:59','2026-05-30 03:15:21',4),(100,38,3,7,'SB-38-5-YUlRZt','used','2026-05-30 03:12:59','2026-05-30 03:15:21',4),(101,61,3,7,'SB-61-1-R1l2XF','used','2026-06-01 08:56:12','2026-06-01 08:59:36',4),(102,62,3,8,'SB-62-1-dvMnvm','used','2026-06-01 08:57:47','2026-06-01 08:59:25',4),(103,63,3,7,'SB-63-1-GszAwO','used','2026-06-01 08:58:54','2026-06-01 08:59:06',4),(104,63,3,7,'SB-63-2-2ZmpG3','used','2026-06-01 08:58:54','2026-06-01 08:59:06',4),(105,63,3,7,'SB-63-3-6Sw5Bf','used','2026-06-01 08:58:54','2026-06-01 08:59:06',4),(106,63,3,7,'SB-63-4-FcDpgw','used','2026-06-01 08:58:54','2026-06-01 08:59:06',4),(107,65,3,7,'SB-65-1-nJ1Tl3','used','2026-06-01 09:21:36','2026-06-01 09:21:49',4),(108,65,3,7,'SB-65-2-h8AdgC','used','2026-06-01 09:21:36','2026-06-01 09:21:49',4),(109,65,3,7,'SB-65-3-UUB8yX','used','2026-06-01 09:21:36','2026-06-01 09:21:49',4),(110,65,3,7,'SB-65-4-yDmGOG','used','2026-06-01 09:21:36','2026-06-01 09:21:49',4),(111,65,3,7,'SB-65-5-B45KVi','used','2026-06-01 09:21:36','2026-06-01 09:21:49',4),(112,65,3,8,'SB-65-6-ZUrf3s','used','2026-06-01 09:21:36','2026-06-01 09:21:49',4),(113,65,3,8,'SB-65-7-ycpP2n','used','2026-06-01 09:21:36','2026-06-01 09:21:49',4),(114,65,3,8,'SB-65-8-unv4sX','used','2026-06-01 09:21:36','2026-06-01 09:21:49',4),(115,65,3,8,'SB-65-9-mR8qBF','used','2026-06-01 09:21:36','2026-06-01 09:21:49',4),(116,65,3,8,'SB-65-10-LRSj0E','used','2026-06-01 09:21:36','2026-06-01 09:21:49',4),(117,81,3,7,'SB-81-1-2e8kpQ','used','2026-06-01 14:35:58','2026-06-01 14:36:36',4),(118,81,3,7,'SB-81-2-SwblFH','used','2026-06-01 14:35:58','2026-06-01 14:36:36',4),(119,81,3,7,'SB-81-3-wOAwb5','used','2026-06-01 14:35:58','2026-06-01 14:36:36',4),(120,82,3,8,'SB-82-1-Y0dYr2','used','2026-06-01 14:36:03','2026-06-01 14:36:28',4),(121,83,3,8,'SB-83-1-DohecD','unused','2026-06-01 14:36:13',NULL,NULL),(122,83,3,8,'SB-83-2-gOPD6c','unused','2026-06-01 14:36:13',NULL,NULL),(123,83,3,8,'SB-83-3-DWFeKb','unused','2026-06-01 14:36:13',NULL,NULL);
/*!40000 ALTER TABLE `booking_tickets` ENABLE KEYS */;
UNLOCK TABLES;

--
-- Table structure for table `bookings`
--

DROP TABLE IF EXISTS `bookings`;
/*!40101 SET @saved_cs_client     = @@character_set_client */;
/*!50503 SET character_set_client = utf8mb4 */;
CREATE TABLE `bookings` (
  `booking_id` int NOT NULL AUTO_INCREMENT,
  `user_id` int NOT NULL,
  `contact_name` varchar(100) DEFAULT NULL,
  `contact_phone` varchar(30) DEFAULT NULL,
  `service_id` int NOT NULL,
  `location_id` int NOT NULL,
  `booking_date` timestamp NULL DEFAULT CURRENT_TIMESTAMP,
  `check_in_date` datetime NOT NULL,
  `check_out_date` datetime DEFAULT NULL,
  `quantity` int DEFAULT '1',
  `total_amount` decimal(15,2) NOT NULL,
  `discount_amount` decimal(15,2) DEFAULT '0.00',
  `final_amount` decimal(15,2) NOT NULL,
  `voucher_code` varchar(50) DEFAULT NULL,
  `status` enum('pending','confirmed','cancelled','completed') DEFAULT 'pending',
  `source` enum('web','mobile','admin') DEFAULT 'mobile',
  `notes` text,
  `cancelled_at` timestamp NULL DEFAULT NULL,
  `cancelled_by` int DEFAULT NULL,
  `created_at` timestamp NULL DEFAULT CURRENT_TIMESTAMP,
  `updated_at` timestamp NULL DEFAULT CURRENT_TIMESTAMP ON UPDATE CURRENT_TIMESTAMP,
  `pos_order_id` bigint DEFAULT NULL,
  PRIMARY KEY (`booking_id`),
  KEY `idx_user` (`user_id`),
  KEY `idx_location` (`location_id`),
  KEY `idx_status` (`status`),
  KEY `bookings_ibfk_2` (`service_id`),
  KEY `idx_bookings_pos_order` (`pos_order_id`),
  KEY `bookings_fk_cancelled_by` (`cancelled_by`),
  CONSTRAINT `bookings_fk_cancelled_by` FOREIGN KEY (`cancelled_by`) REFERENCES `users` (`user_id`) ON DELETE SET NULL,
  CONSTRAINT `bookings_fk_pos_order` FOREIGN KEY (`pos_order_id`) REFERENCES `pos_orders` (`order_id`) ON DELETE SET NULL,
  CONSTRAINT `bookings_ibfk_1` FOREIGN KEY (`user_id`) REFERENCES `users` (`user_id`) ON DELETE RESTRICT,
  CONSTRAINT `bookings_ibfk_2` FOREIGN KEY (`service_id`) REFERENCES `services` (`service_id`) ON DELETE RESTRICT,
  CONSTRAINT `bookings_ibfk_3` FOREIGN KEY (`location_id`) REFERENCES `locations` (`location_id`) ON DELETE RESTRICT
) ENGINE=InnoDB AUTO_INCREMENT=84 DEFAULT CHARSET=utf8mb4 COLLATE=utf8mb4_0900_ai_ci;
/*!40101 SET character_set_client = @saved_cs_client */;

--
-- Dumping data for table `bookings`
--

LOCK TABLES `bookings` WRITE;
/*!40000 ALTER TABLE `bookings` DISABLE KEYS */;
INSERT INTO `bookings` VALUES (1,8,'Nhựt Minh','0869378427',19,1,'2026-05-29 12:38:02','2026-05-29 19:38:00',NULL,1,0.00,0.00,0.00,NULL,'cancelled','web','Từ chối bởi địa điểm','2026-05-29 12:38:20',4,'2026-05-29 12:38:02','2026-05-29 12:38:20',NULL),(2,8,'Nhựt Minh','0869378427',19,1,'2026-05-29 12:38:11','2026-05-29 19:38:00',NULL,1,0.00,0.00,0.00,NULL,'completed','web','Nhựt Minh - 0869378427',NULL,NULL,'2026-05-29 12:38:11','2026-05-29 12:38:52',NULL),(3,8,'Nhựt Minh','0869378427',19,1,'2026-05-29 12:52:28','2026-05-29 19:52:00',NULL,1,51000.00,0.00,51000.00,NULL,'completed','web','Nhựt Minh - 0869378427',NULL,NULL,'2026-05-29 12:52:28','2026-05-29 12:54:00',2),(4,8,'Nhựt Minh','0869378427',19,1,'2026-05-29 13:12:56','2026-05-29 20:12:00',NULL,1,0.00,0.00,0.00,NULL,'completed','web','Nhựt Minh - 0869378427',NULL,NULL,'2026-05-29 13:12:56','2026-05-29 13:24:38',NULL),(5,8,'Nhựt Minh','0869378427',19,1,'2026-05-29 13:12:59','2026-05-29 20:12:00',NULL,1,0.00,0.00,0.00,NULL,'completed','web','Nhựt Minh - 0869378427',NULL,NULL,'2026-05-29 13:12:59','2026-05-29 13:24:53',NULL),(6,8,'Nhựt Minh','0869378427',19,1,'2026-05-29 13:13:01','2026-05-29 20:13:00',NULL,1,0.00,0.00,0.00,NULL,'completed','web','Nhựt Minh - 0869378427',NULL,NULL,'2026-05-29 13:13:01','2026-05-29 13:24:46',NULL),(7,8,'Nhựt Minh','0869378427',19,1,'2026-05-29 13:13:03','2026-05-29 20:13:00',NULL,1,0.00,0.00,0.00,NULL,'cancelled','web','Từ chối bởi địa điểm','2026-05-29 13:21:53',4,'2026-05-29 13:13:03','2026-05-29 13:21:53',NULL),(8,8,'Nhựt Minh','0869378427',19,1,'2026-05-29 13:25:54','2026-05-29 20:25:00',NULL,1,23000.00,0.00,23000.00,NULL,'completed','web','Nhựt Minh - 0869378427',NULL,NULL,'2026-05-29 13:25:54','2026-05-29 13:34:00',9),(9,8,'Nhựt Minh','0869378427',19,1,'2026-05-29 13:26:06','2026-05-29 20:26:00',NULL,1,45000.00,0.00,45000.00,NULL,'completed','web','Nhựt Minh - 0869378427',NULL,NULL,'2026-05-29 13:26:06','2026-05-29 13:34:44',10),(10,8,'Nhựt Minh','0869378427',19,1,'2026-05-29 13:26:22','2026-05-29 20:26:00',NULL,1,34000.00,0.00,34000.00,NULL,'cancelled','web','Từ chối bởi địa điểm','2026-05-29 13:28:25',4,'2026-05-29 13:26:22','2026-05-29 13:28:25',11),(11,8,'Nhựt Minh','0869378427',19,1,'2026-05-29 13:34:18','2026-05-29 20:34:00',NULL,1,15000.00,0.00,15000.00,NULL,'completed','web','làm ngọt',NULL,NULL,'2026-05-29 13:34:18','2026-05-29 13:34:54',14),(12,8,'Nhựt Minh','0869378427',19,1,'2026-05-29 13:43:18','2026-05-29 20:43:00',NULL,1,35000.00,0.00,35000.00,NULL,'completed','web','Nhựt Minh - 0869378427',NULL,NULL,'2026-05-29 13:43:18','2026-05-29 13:49:55',16),(13,8,NULL,NULL,5,2,'2026-05-29 13:54:11','2026-05-29 20:54:00','2026-05-30 20:54:00',1,2400000.00,0.00,2400000.00,NULL,'cancelled','web','[SYSTEM] Tự động hủy: trễ hơn 1.0 giờ','2026-05-29 14:54:52',NULL,'2026-05-29 13:54:11','2026-05-29 14:54:52',NULL),(14,8,NULL,NULL,6,2,'2026-05-29 13:54:13','2026-05-29 20:54:00','2026-05-30 20:54:00',1,2400000.00,0.00,2400000.00,NULL,'completed','web',NULL,NULL,NULL,'2026-05-29 13:54:13','2026-05-29 13:54:49',NULL),(15,8,NULL,NULL,11,2,'2026-05-29 13:54:15','2026-05-29 20:54:00','2026-05-30 20:54:00',1,2400000.00,0.00,2400000.00,NULL,'completed','web',NULL,NULL,NULL,'2026-05-29 13:54:15','2026-05-29 13:54:53',NULL),(16,8,NULL,NULL,6,2,'2026-05-29 14:01:00','2026-05-29 21:01:00','2026-05-30 21:01:00',1,2400000.00,0.00,2400000.00,NULL,'cancelled','web','Từ chối bởi địa điểm','2026-05-29 14:09:02',4,'2026-05-29 14:01:00','2026-05-29 14:09:02',NULL),(17,8,NULL,NULL,11,2,'2026-05-29 14:01:03','2026-05-29 21:01:00','2026-05-30 21:01:00',1,2400000.00,0.00,2400000.00,NULL,'cancelled','web','Từ chối bởi địa điểm','2026-05-29 14:08:59',4,'2026-05-29 14:01:03','2026-05-29 14:08:59',NULL),(18,8,NULL,NULL,12,2,'2026-05-29 14:01:07','2026-05-29 21:01:00','2026-05-30 21:01:00',1,2400000.00,0.00,2400000.00,NULL,'completed','web',NULL,NULL,NULL,'2026-05-29 14:01:07','2026-05-29 14:09:10',NULL),(19,8,NULL,NULL,7,3,'2026-05-29 14:10:16','2026-05-29 00:00:00','2026-05-29 23:59:59',5,500000.00,0.00,500000.00,NULL,'cancelled','web','[SYSTEM] Tự động xác nhận đơn sau 30 phút chờ duyệt\n[SYSTEM] Vé hết hạn sau 1.0 ngày','2026-05-30 00:49:26',NULL,'2026-05-29 14:10:16','2026-05-30 00:49:26',NULL),(20,8,NULL,NULL,7,3,'2026-05-29 14:25:13','2026-05-29 00:00:00','2026-05-29 23:59:59',1,100000.00,0.00,100000.00,NULL,'cancelled','web','[SYSTEM] Tự động xác nhận đơn sau 30 phút chờ duyệt\n[SYSTEM] Vé hết hạn sau 1.0 ngày','2026-05-30 00:49:26',NULL,'2026-05-29 14:25:13','2026-05-30 00:49:26',NULL),(21,8,NULL,NULL,8,3,'2026-05-29 14:25:17','2026-05-29 00:00:00','2026-05-29 23:59:59',1,50000.00,0.00,50000.00,NULL,'cancelled','web','[SYSTEM] Tự động xác nhận đơn sau 30 phút chờ duyệt\n[SYSTEM] Vé hết hạn sau 1.0 ngày','2026-05-30 00:49:26',NULL,'2026-05-29 14:25:17','2026-05-30 00:49:26',NULL),(22,8,NULL,NULL,8,3,'2026-05-29 14:30:40','2026-05-29 00:00:00','2026-05-29 23:59:59',4,200000.00,0.00,200000.00,NULL,'cancelled','web','[SYSTEM] Tự động xác nhận đơn sau 30 phút chờ duyệt\n[SYSTEM] Vé hết hạn sau 1.0 ngày','2026-05-30 00:49:26',NULL,'2026-05-29 14:30:40','2026-05-30 00:49:26',NULL),(23,8,NULL,NULL,7,3,'2026-05-29 14:39:13','2026-05-29 00:00:00','2026-05-29 23:59:59',4,400000.00,0.00,400000.00,NULL,'cancelled','web','[SYSTEM] Tự động xác nhận đơn sau 30 phút chờ duyệt\n[SYSTEM] Vé hết hạn sau 1.0 ngày','2026-05-30 00:49:26',NULL,'2026-05-29 14:39:13','2026-05-30 00:49:26',NULL),(24,8,NULL,NULL,7,3,'2026-05-29 14:47:16','2026-05-29 00:00:00','2026-05-29 23:59:59',5,400000.00,0.00,400000.00,NULL,'cancelled','web','[SYSTEM] Tự động xác nhận đơn sau 30 phút chờ duyệt\n[SYSTEM] Vé hết hạn sau 1.0 ngày','2026-05-30 00:49:26',NULL,'2026-05-29 14:47:16','2026-05-30 00:49:26',NULL),(25,8,NULL,NULL,8,3,'2026-05-29 14:47:58','2026-05-29 00:00:00','2026-05-29 23:59:59',3,150000.00,0.00,150000.00,NULL,'cancelled','web','[SYSTEM] Tự động xác nhận đơn sau 30 phút chờ duyệt\n[SYSTEM] Vé hết hạn sau 1.0 ngày','2026-05-30 00:49:26',NULL,'2026-05-29 14:47:58','2026-05-30 00:49:26',NULL),(26,8,NULL,NULL,7,3,'2026-05-29 14:53:01','2026-05-29 00:00:00','2026-05-29 23:59:59',4,300000.00,0.00,300000.00,NULL,'cancelled','web','[SYSTEM] Tự động xác nhận đơn sau 30 phút chờ duyệt\n[SYSTEM] Vé hết hạn sau 1.0 ngày','2026-05-30 00:49:26',NULL,'2026-05-29 14:53:01','2026-05-30 00:49:26',NULL),(27,8,NULL,NULL,7,3,'2026-05-29 14:53:34','2026-05-29 00:00:00','2026-05-29 23:59:59',5,500000.00,0.00,500000.00,NULL,'cancelled','web','[SYSTEM] Tự động xác nhận đơn sau 30 phút chờ duyệt\n[SYSTEM] Vé hết hạn sau 1.0 ngày','2026-05-30 00:49:26',NULL,'2026-05-29 14:53:34','2026-05-30 00:49:26',NULL),(28,8,NULL,NULL,7,3,'2026-05-30 02:31:19','2026-06-02 00:00:00','2026-06-02 23:59:59',5,500000.00,0.00,500000.00,NULL,'confirmed','web','[SYSTEM] Tự động xác nhận đơn sau 30 phút chờ duyệt',NULL,NULL,'2026-05-30 02:31:19','2026-05-30 03:02:06',NULL),(29,8,NULL,NULL,7,3,'2026-05-30 02:31:52','2026-05-30 00:00:00','2026-05-30 23:59:59',1,100000.00,0.00,100000.00,NULL,'cancelled','web','[SYSTEM] Tự động xác nhận đơn sau 30 phút chờ duyệt\n[SYSTEM] Vé hết hạn sau 1.0 ngày','2026-05-31 06:13:35',NULL,'2026-05-30 02:31:52','2026-05-31 06:13:35',NULL),(30,8,NULL,NULL,8,3,'2026-05-30 02:31:59','2026-05-30 00:00:00','2026-05-30 23:59:59',1,50000.00,0.00,50000.00,NULL,'cancelled','web','[SYSTEM] Tự động xác nhận đơn sau 30 phút chờ duyệt\n[SYSTEM] Vé hết hạn sau 1.0 ngày','2026-05-31 06:13:35',NULL,'2026-05-30 02:31:59','2026-05-31 06:13:35',NULL),(31,8,NULL,NULL,7,3,'2026-05-30 02:33:04','2026-05-30 00:00:00','2026-05-30 23:59:59',20,1500000.00,0.00,1500000.00,NULL,'cancelled','web','[SYSTEM] Tự động xác nhận đơn sau 30 phút chờ duyệt\n[SYSTEM] Vé hết hạn sau 1.0 ngày','2026-05-31 06:13:35',NULL,'2026-05-30 02:33:04','2026-05-31 06:13:35',NULL),(32,8,NULL,NULL,7,3,'2026-05-30 02:58:34','2026-05-30 00:00:00','2026-05-30 23:59:59',1,100000.00,0.00,100000.00,NULL,'cancelled','web','[SYSTEM] Tự động xác nhận đơn sau 30 phút chờ duyệt\n[SYSTEM] Vé hết hạn sau 1.0 ngày','2026-05-31 06:13:35',NULL,'2026-05-30 02:58:34','2026-05-31 06:13:35',NULL),(33,8,NULL,NULL,7,3,'2026-05-30 02:58:39','2026-05-30 00:00:00','2026-05-30 23:59:59',3,200000.00,0.00,200000.00,NULL,'cancelled','web','[SYSTEM] Tự động xác nhận đơn sau 30 phút chờ duyệt\n[SYSTEM] Vé hết hạn sau 1.0 ngày','2026-05-31 06:13:35',NULL,'2026-05-30 02:58:39','2026-05-31 06:13:35',NULL),(34,8,NULL,NULL,7,3,'2026-05-30 03:11:14','2026-06-02 00:00:00','2026-06-02 23:59:59',10,1000000.00,0.00,1000000.00,NULL,'confirmed','web','[SYSTEM] Tự động xác nhận đơn sau 30 phút chờ duyệt',NULL,NULL,'2026-05-30 03:11:14','2026-05-30 03:41:20',NULL),(35,8,NULL,NULL,7,3,'2026-05-30 03:11:35','2026-05-30 00:00:00','2026-05-30 23:59:59',20,1500000.00,0.00,1500000.00,NULL,'cancelled','web','[SYSTEM] Tự động xác nhận đơn sau 30 phút chờ duyệt\n[SYSTEM] Vé hết hạn sau 1.0 ngày','2026-05-31 06:13:35',NULL,'2026-05-30 03:11:35','2026-05-31 06:13:35',NULL),(36,8,NULL,NULL,8,3,'2026-05-30 03:12:36','2026-05-30 00:00:00','2026-05-30 23:59:59',1,50000.00,0.00,50000.00,NULL,'cancelled','web','[SYSTEM] Tự động xác nhận đơn sau 30 phút chờ duyệt\n[SYSTEM] Vé hết hạn sau 1.0 ngày','2026-05-31 06:13:35',NULL,'2026-05-30 03:12:36','2026-05-31 06:13:35',NULL),(37,8,NULL,NULL,7,3,'2026-05-30 03:12:53','2026-05-30 00:00:00','2026-05-30 23:59:59',1,100000.00,0.00,100000.00,NULL,'cancelled','web','[SYSTEM] Tự động xác nhận đơn sau 30 phút chờ duyệt\n[SYSTEM] Vé hết hạn sau 1.0 ngày','2026-05-31 06:13:35',NULL,'2026-05-30 03:12:53','2026-05-31 06:13:35',NULL),(38,8,NULL,NULL,7,3,'2026-05-30 03:12:58','2026-05-30 00:00:00','2026-05-30 23:59:59',5,500000.00,0.00,500000.00,NULL,'cancelled','web','[SYSTEM] Tự động xác nhận đơn sau 30 phút chờ duyệt\n[SYSTEM] Vé hết hạn sau 1.0 ngày','2026-05-31 06:13:35',NULL,'2026-05-30 03:12:58','2026-05-31 06:13:35',NULL),(39,8,'Nhựt Minh','0869378427',19,1,'2026-06-01 01:20:19','2026-06-01 08:20:00',NULL,1,60000.00,0.00,60000.00,NULL,'cancelled','web','Nhựt Minh - 0869378427\nPREPAY_UNCONFIRMED\n[SYSTEM] Tự động hủy: trễ hơn 60 phút','2026-06-01 02:23:05',NULL,'2026-06-01 01:20:19','2026-06-01 02:23:05',25),(40,8,'Nhựt Minh','0869378427',19,1,'2026-06-01 01:20:44','2026-06-01 08:20:00',NULL,1,30000.00,0.00,30000.00,NULL,'completed','web','Nhựt Minh - 0869378427',NULL,NULL,'2026-06-01 01:20:44','2026-06-01 01:21:29',26),(41,8,'Nhựt Minh','0869378427',19,1,'2026-06-01 01:22:23','2026-06-01 08:22:00',NULL,1,35000.00,0.00,35000.00,NULL,'completed','web','Nhựt Minh - 0869378427',NULL,NULL,'2026-06-01 01:22:23','2026-06-01 01:23:20',28),(42,8,'Nhựt Minh','0869378427',19,1,'2026-06-01 01:22:32','2026-06-01 08:22:00',NULL,1,0.00,0.00,0.00,NULL,'completed','web','Nhựt Minh - 0869378427',NULL,NULL,'2026-06-01 01:22:32','2026-06-01 01:23:33',NULL),(43,8,'Nhựt Minh','0869378427',19,1,'2026-06-01 01:22:39','2026-06-01 08:22:00',NULL,1,30000.00,0.00,30000.00,NULL,'completed','web','Nhựt Minh - 0869378427',NULL,NULL,'2026-06-01 01:22:39','2026-06-01 01:23:38',29),(44,8,NULL,NULL,7,3,'2026-06-01 03:11:33','2026-06-01 00:00:00','2026-06-01 23:59:59',5,450000.00,90000.00,360000.00,'VC-LT3HUV','pending','web',NULL,NULL,NULL,'2026-06-01 03:11:33','2026-06-01 03:11:33',NULL),(45,8,'Nhựt Minh','0869378427',19,1,'2026-06-01 07:07:52','2026-06-01 14:07:00',NULL,1,105000.00,20000.00,85000.00,'VC-XV4BY6','completed','web','[VC: Mừng ngày 1/6] Nhựt Minh - 0869378427',NULL,NULL,'2026-06-01 07:07:52','2026-06-01 07:09:26',34),(46,8,'Nhựt Minh','0869378427',19,1,'2026-06-01 07:18:18','2026-06-01 14:18:00',NULL,1,55000.00,0.00,55000.00,NULL,'cancelled','web','Nhựt Minh - 0869378427\nPREPAY_UNCONFIRMED\n[SYSTEM] Tự động hủy: trễ hơn 60 phút','2026-06-01 08:18:20',NULL,'2026-06-01 07:18:18','2026-06-01 08:18:20',36),(47,8,'Nhựt Minh','0869378427',19,1,'2026-06-01 07:32:25','2026-06-01 14:32:00',NULL,1,0.00,0.00,0.00,NULL,'completed','web','Nhựt Minh - 0869378427',NULL,NULL,'2026-06-01 07:32:25','2026-06-01 07:33:05',NULL),(48,8,'Nhựt Minh','0869378427',19,1,'2026-06-01 07:32:26','2026-06-01 14:32:00',NULL,1,0.00,0.00,0.00,NULL,'completed','web','Nhựt Minh - 0869378427',NULL,NULL,'2026-06-01 07:32:26','2026-06-01 07:33:14',NULL),(49,8,'Nhựt Minh','0869378427',19,1,'2026-06-01 07:32:29','2026-06-01 14:32:00',NULL,1,0.00,0.00,0.00,NULL,'cancelled','web','Từ chối bởi địa điểm','2026-06-01 07:32:38',4,'2026-06-01 07:32:29','2026-06-01 07:32:38',NULL),(50,8,'Nhựt Minh','0869378427',19,1,'2026-06-01 07:34:48','2026-06-01 14:34:00',NULL,1,0.00,0.00,0.00,NULL,'cancelled','web','Từ chối bởi địa điểm','2026-06-01 07:35:01',4,'2026-06-01 07:34:48','2026-06-01 07:35:01',NULL),(51,8,'Nhựt Minh','0869378427',19,1,'2026-06-01 07:40:54','2026-06-01 14:40:00',NULL,1,35000.00,0.00,35000.00,NULL,'completed','web','Nhựt Minh - 0869378427',NULL,NULL,'2026-06-01 07:40:54','2026-06-01 07:41:33',41),(52,8,'Nhựt Minh','0869378427',19,1,'2026-06-01 07:41:03','2026-06-01 14:41:00',NULL,1,17000.00,0.00,17000.00,NULL,'completed','web','Nhựt Minh - 0869378427',NULL,NULL,'2026-06-01 07:41:03','2026-06-01 07:41:39',42),(53,8,'Nhựt Minh','0869378427',19,1,'2026-06-01 07:59:31','2026-06-01 14:59:00',NULL,1,300000.00,100000.00,200000.00,'VC-6E7BXA','cancelled','web','[VC: Chào MỪNG ] Nhựt Minh - 0869378427\nPREPAY_UNCONFIRMED\n[SYSTEM] Tự động hủy: trễ hơn 60 phút','2026-06-01 08:59:37',NULL,'2026-06-01 07:59:31','2026-06-01 08:59:37',45),(54,8,'Nhựt Minh','0869378427',19,1,'2026-06-01 08:16:12','2026-06-01 15:16:00',NULL,1,204000.00,100000.00,104000.00,'VC-6E7BXA','cancelled','web','[VC: Chào MỪNG ] Nhựt Minh - 0869378427\nPREPAY_UNCONFIRMED\n[SYSTEM] Tự động hủy: trễ hơn 60 phút','2026-06-01 09:17:24',NULL,'2026-06-01 08:16:12','2026-06-01 09:17:24',46),(55,8,'Nhựt Minh','0869378427',19,1,'2026-06-01 08:16:49','2026-06-01 15:16:00',NULL,1,200000.00,0.00,200000.00,NULL,'cancelled','web','Nhựt Minh - 0869378427\nPREPAY_UNCONFIRMED\n[SYSTEM] Tự động hủy: trễ hơn 60 phút','2026-06-01 09:17:24',NULL,'2026-06-01 08:16:49','2026-06-01 09:17:24',47),(56,8,NULL,NULL,5,2,'2026-06-01 08:20:26','2026-06-01 15:20:00','2026-06-02 15:20:00',1,2400000.00,0.00,2400000.00,NULL,'completed','web',NULL,NULL,NULL,'2026-06-01 08:20:26','2026-06-01 08:53:53',NULL),(57,8,NULL,NULL,6,2,'2026-06-01 08:34:10','2026-06-01 15:34:00','2026-06-02 15:34:00',1,2400000.00,0.00,2400000.00,NULL,'cancelled','web','PREPAY_UNCONFIRMED\n[SYSTEM] Tự động hủy: trễ hơn 1.0 giờ','2026-06-01 09:34:57',NULL,'2026-06-01 08:34:10','2026-06-01 09:34:57',NULL),(58,8,NULL,NULL,6,2,'2026-06-01 08:34:38','2026-06-01 15:34:00','2026-06-02 15:34:00',1,2400000.00,0.00,2400000.00,NULL,'cancelled','web','PREPAY_UNCONFIRMED\n[SYSTEM] Tự động hủy: trễ hơn 1.0 giờ','2026-06-01 09:34:57',NULL,'2026-06-01 08:34:38','2026-06-01 09:34:57',NULL),(59,8,NULL,NULL,6,2,'2026-06-01 08:52:47','2026-06-01 15:52:00','2026-06-02 15:52:00',1,2400000.00,100000.00,2300000.00,'VC-LT3HUV','completed','web','[VC: Mừng ngày 1/6]',NULL,NULL,'2026-06-01 08:52:47','2026-06-01 08:53:45',NULL),(60,8,NULL,NULL,12,2,'2026-06-01 08:55:15','2026-06-01 15:55:00','2026-06-02 15:55:00',1,2400000.00,0.00,2400000.00,NULL,'completed','web',NULL,NULL,NULL,'2026-06-01 08:55:15','2026-06-01 08:55:23',NULL),(61,8,NULL,NULL,7,3,'2026-06-01 08:56:11','2026-06-01 00:00:00','2026-06-01 23:59:59',1,100000.00,10000.00,90000.00,'VC-AQBCMB','confirmed','web','[VC: Mừng ngày 1/6]\n[SYSTEM] Tự động xác nhận đơn sau 30 phút chờ duyệt',NULL,NULL,'2026-06-01 08:56:11','2026-06-01 09:27:26',NULL),(62,8,NULL,NULL,8,3,'2026-06-01 08:57:45','2026-06-01 00:00:00','2026-06-01 23:59:59',1,50000.00,0.00,50000.00,NULL,'confirmed','web','[SYSTEM] Tự động xác nhận đơn sau 30 phút chờ duyệt',NULL,NULL,'2026-06-01 08:57:45','2026-06-01 09:28:26',NULL),(63,8,NULL,NULL,7,3,'2026-06-01 08:58:52','2026-06-01 00:00:00','2026-06-01 23:59:59',4,400000.00,0.00,400000.00,NULL,'confirmed','web','[SYSTEM] Tự động xác nhận đơn sau 30 phút chờ duyệt',NULL,NULL,'2026-06-01 08:58:52','2026-06-01 09:29:26',NULL),(64,8,NULL,NULL,7,3,'2026-06-01 09:21:04','2026-06-01 00:00:00','2026-06-01 23:59:59',10,750000.00,0.00,750000.00,NULL,'pending','web',NULL,NULL,NULL,'2026-06-01 09:21:04','2026-06-01 09:21:04',NULL),(65,8,NULL,NULL,7,3,'2026-06-01 09:21:33','2026-06-01 00:00:00','2026-06-01 23:59:59',10,750000.00,500000.00,250000.00,'VC-TCBXQJ','confirmed','web','[VC: Mừng ngày giảm giá]\n[SYSTEM] Tự động xác nhận đơn sau 30 phút chờ duyệt',NULL,NULL,'2026-06-01 09:21:33','2026-06-01 09:51:57',NULL),(66,8,'Nhựt Minh','0869378427',19,1,'2026-06-01 14:19:40','2026-06-01 21:19:00',NULL,1,0.00,0.00,0.00,NULL,'completed','web','Nhựt Minh - 0869378427',NULL,NULL,'2026-06-01 14:19:40','2026-06-01 14:20:18',NULL),(67,8,'Nhựt Minh','0869378427',19,1,'2026-06-01 14:19:42','2026-06-01 21:19:00',NULL,1,0.00,0.00,0.00,NULL,'cancelled','web','Từ chối bởi địa điểm','2026-06-01 14:19:51',4,'2026-06-01 14:19:42','2026-06-01 14:19:51',NULL),(68,8,'Nhựt Minh','0869378427',19,1,'2026-06-01 14:19:44','2026-06-01 21:19:00',NULL,1,0.00,0.00,0.00,NULL,'completed','web','Nhựt Minh - 0869378427',NULL,NULL,'2026-06-01 14:19:44','2026-06-01 14:20:27',NULL),(69,8,'Nhựt Minh','0869378427',19,1,'2026-06-01 14:20:43','2026-06-01 21:20:00',NULL,1,35000.00,0.00,35000.00,NULL,'completed','web','Nhựt Minh - 0869378427',NULL,NULL,'2026-06-01 14:20:43','2026-06-01 14:24:10',52),(70,8,'Nhựt Minh','0869378427',19,1,'2026-06-01 14:20:52','2026-06-01 21:20:00',NULL,1,15000.00,0.00,15000.00,NULL,'completed','web','Nhựt Minh - 0869378427',NULL,NULL,'2026-06-01 14:20:52','2026-06-01 14:23:48',53),(71,8,'Nhựt Minh','0869378427',19,1,'2026-06-01 14:20:56','2026-06-01 21:20:00',NULL,1,0.00,0.00,0.00,NULL,'completed','web','Nhựt Minh - 0869378427',NULL,NULL,'2026-06-01 14:20:56','2026-06-01 14:23:44',NULL),(72,8,'Nhựt Minh','0869378427',19,1,'2026-06-01 14:21:03','2026-06-01 21:21:00',NULL,1,30000.00,0.00,30000.00,NULL,'completed','web','Nhựt Minh - 0869378427',NULL,NULL,'2026-06-01 14:21:03','2026-06-01 14:24:05',54),(73,8,'Nhựt Minh','0869378427',19,1,'2026-06-01 14:21:17','2026-06-01 21:21:00',NULL,1,200000.00,100000.00,100000.00,'VC-6E7BXA','completed','web','[VC: Chào MỪNG ] Nhựt Minh - 0869378427',NULL,NULL,'2026-06-01 14:21:17','2026-06-01 14:23:54',55),(74,8,NULL,NULL,5,2,'2026-06-01 14:26:09','2026-06-01 21:26:00','2026-06-02 21:26:00',1,2400000.00,0.00,2400000.00,NULL,'completed','web',NULL,NULL,NULL,'2026-06-01 14:26:09','2026-06-01 14:26:35',NULL),(75,8,NULL,NULL,6,2,'2026-06-01 14:26:12','2026-06-01 21:26:00','2026-06-02 21:26:00',1,2400000.00,0.00,2400000.00,NULL,'completed','web',NULL,NULL,NULL,'2026-06-01 14:26:12','2026-06-01 14:26:44',NULL),(76,8,NULL,NULL,14,2,'2026-06-01 14:27:08','2026-06-01 21:27:00','2026-06-02 21:27:00',1,2400000.00,0.00,2400000.00,NULL,'cancelled','web','PREPAY_UNCONFIRMED\n[SYSTEM] Tự động hủy: trễ hơn 1.0 giờ','2026-06-01 15:27:47',NULL,'2026-06-01 14:27:08','2026-06-01 15:27:47',NULL),(77,8,NULL,NULL,5,2,'2026-06-01 14:27:21','2026-06-01 21:27:00','2026-06-02 21:27:00',1,2400000.00,0.00,2400000.00,NULL,'cancelled','web','PREPAY_UNCONFIRMED\n[SYSTEM] Tự động hủy: trễ hơn 1.0 giờ','2026-06-01 15:27:47',NULL,'2026-06-01 14:27:21','2026-06-01 15:27:47',NULL),(78,8,NULL,NULL,12,2,'2026-06-01 14:27:36','2026-06-01 21:27:00','2026-06-02 21:27:00',1,2400000.00,0.00,2400000.00,NULL,'cancelled','web','PREPAY_UNCONFIRMED\n[SYSTEM] Tự động hủy: trễ hơn 1.0 giờ','2026-06-01 15:27:47',NULL,'2026-06-01 14:27:36','2026-06-01 15:27:47',NULL),(79,8,NULL,NULL,6,2,'2026-06-01 14:34:33','2026-06-01 21:34:00','2026-06-02 21:34:00',1,2400000.00,0.00,2400000.00,NULL,'cancelled','web','Từ chối bởi địa điểm','2026-06-01 14:34:48',4,'2026-06-01 14:34:33','2026-06-01 14:34:48',NULL),(80,8,NULL,NULL,12,2,'2026-06-01 14:34:36','2026-06-01 21:34:00','2026-06-02 21:34:00',1,2400000.00,0.00,2400000.00,NULL,'completed','web',NULL,NULL,NULL,'2026-06-01 14:34:36','2026-06-01 14:34:58',NULL),(81,8,NULL,NULL,7,3,'2026-06-01 14:35:57','2026-06-01 00:00:00','2026-06-01 23:59:59',3,300000.00,0.00,300000.00,NULL,'confirmed','web','[SYSTEM] Tự động xác nhận đơn sau 30 phút chờ duyệt',NULL,NULL,'2026-06-01 14:35:57','2026-06-01 15:06:22',NULL),(82,8,NULL,NULL,8,3,'2026-06-01 14:36:02','2026-06-01 00:00:00','2026-06-01 23:59:59',1,50000.00,0.00,50000.00,NULL,'confirmed','web','[SYSTEM] Tự động xác nhận đơn sau 30 phút chờ duyệt',NULL,NULL,'2026-06-01 14:36:02','2026-06-01 15:06:22',NULL),(83,8,NULL,NULL,8,3,'2026-06-01 14:36:12','2026-06-03 00:00:00','2026-06-03 23:59:59',3,150000.00,0.00,150000.00,NULL,'confirmed','web','[SYSTEM] Tự động xác nhận đơn sau 30 phút chờ duyệt',NULL,NULL,'2026-06-01 14:36:12','2026-06-01 15:06:22',NULL);
/*!40000 ALTER TABLE `bookings` ENABLE KEYS */;
UNLOCK TABLES;

--
-- Table structure for table `chat_messages`
--

DROP TABLE IF EXISTS `chat_messages`;
/*!40101 SET @saved_cs_client     = @@character_set_client */;
/*!50503 SET character_set_client = utf8mb4 */;
CREATE TABLE `chat_messages` (
  `message_id` int NOT NULL AUTO_INCREMENT,
  `sender_id` int NOT NULL,
  `receiver_id` int NOT NULL,
  `conversation_id` varchar(100) DEFAULT NULL,
  `content` text NOT NULL,
  `attachments` json DEFAULT NULL,
  `status` enum('sent','delivered','read') DEFAULT 'sent',
  `created_at` timestamp NULL DEFAULT CURRENT_TIMESTAMP,
  PRIMARY KEY (`message_id`),
  KEY `idx_sender` (`sender_id`),
  KEY `idx_receiver` (`receiver_id`),
  KEY `idx_conversation` (`conversation_id`),
  CONSTRAINT `chat_messages_ibfk_1` FOREIGN KEY (`sender_id`) REFERENCES `users` (`user_id`) ON DELETE CASCADE,
  CONSTRAINT `chat_messages_ibfk_2` FOREIGN KEY (`receiver_id`) REFERENCES `users` (`user_id`) ON DELETE CASCADE
) ENGINE=InnoDB DEFAULT CHARSET=utf8mb4 COLLATE=utf8mb4_0900_ai_ci;
/*!40101 SET character_set_client = @saved_cs_client */;

--
-- Dumping data for table `chat_messages`
--

LOCK TABLES `chat_messages` WRITE;
/*!40000 ALTER TABLE `chat_messages` DISABLE KEYS */;
/*!40000 ALTER TABLE `chat_messages` ENABLE KEYS */;
UNLOCK TABLES;

--
-- Table structure for table `checkins`
--

DROP TABLE IF EXISTS `checkins`;
/*!40101 SET @saved_cs_client     = @@character_set_client */;
/*!50503 SET character_set_client = utf8mb4 */;
CREATE TABLE `checkins` (
  `checkin_id` int NOT NULL AUTO_INCREMENT,
  `user_id` int NOT NULL,
  `location_id` int NOT NULL,
  `booking_id` int DEFAULT NULL,
  `checkin_time` timestamp NULL DEFAULT CURRENT_TIMESTAMP,
  `qr_code` text,
  `verified_by` int DEFAULT NULL,
  `status` enum('pending','verified','failed') DEFAULT 'pending',
  `device_info` text,
  `notes` text,
  `checkin_latitude` decimal(10,7) DEFAULT NULL,
  `checkin_longitude` decimal(10,7) DEFAULT NULL,
  PRIMARY KEY (`checkin_id`),
  KEY `idx_user` (`user_id`),
  KEY `idx_location` (`location_id`),
  KEY `checkins_ibfk_3` (`booking_id`),
  KEY `checkins_ibfk_4` (`verified_by`),
  KEY `idx_checkins_coords` (`checkin_latitude`,`checkin_longitude`),
  KEY `idx_checkins_time` (`checkin_time`),
  CONSTRAINT `checkins_ibfk_1` FOREIGN KEY (`user_id`) REFERENCES `users` (`user_id`) ON DELETE CASCADE,
  CONSTRAINT `checkins_ibfk_2` FOREIGN KEY (`location_id`) REFERENCES `locations` (`location_id`) ON DELETE CASCADE,
  CONSTRAINT `checkins_ibfk_3` FOREIGN KEY (`booking_id`) REFERENCES `bookings` (`booking_id`) ON DELETE SET NULL,
  CONSTRAINT `checkins_ibfk_4` FOREIGN KEY (`verified_by`) REFERENCES `users` (`user_id`) ON DELETE SET NULL
) ENGINE=InnoDB AUTO_INCREMENT=40 DEFAULT CHARSET=utf8mb4 COLLATE=utf8mb4_0900_ai_ci;
/*!40101 SET character_set_client = @saved_cs_client */;

--
-- Dumping data for table `checkins`
--

LOCK TABLES `checkins` WRITE;
/*!40000 ALTER TABLE `checkins` DISABLE KEYS */;
INSERT INTO `checkins` VALUES (1,8,1,2,'2026-05-29 12:38:36',NULL,4,'verified',NULL,'Check-in quét mã QR bảo mật',NULL,NULL),(2,8,1,3,'2026-05-29 12:53:47',NULL,4,'verified',NULL,'Check-in quét mã QR bảo mật',NULL,NULL),(3,8,1,6,'2026-05-29 13:22:19',NULL,4,'verified',NULL,'Check-in quét mã QR bảo mật',NULL,NULL),(4,8,1,5,'2026-05-29 13:22:41',NULL,4,'verified',NULL,'Check-in quét mã QR bảo mật',NULL,NULL),(5,8,1,4,'2026-05-29 13:22:49',NULL,4,'verified',NULL,'Check-in quét mã QR bảo mật',NULL,NULL),(6,8,1,9,'2026-05-29 13:32:58',NULL,4,'verified',NULL,'Check-in quét mã QR bảo mật',NULL,NULL),(7,8,1,8,'2026-05-29 13:33:07',NULL,4,'verified',NULL,'Check-in quét mã QR bảo mật',NULL,NULL),(8,8,1,11,'2026-05-29 13:34:34',NULL,4,'verified',NULL,'Check-in quét mã QR bảo mật',NULL,NULL),(9,8,1,12,'2026-05-29 13:49:40',NULL,4,'verified',NULL,'Check-in quét mã QR bảo mật',NULL,NULL),(10,8,2,14,'2026-05-29 13:54:49',NULL,4,'verified',NULL,'Cập nhật check-in bảo mật cho đơn #BK-14',NULL,NULL),(11,8,2,15,'2026-05-29 13:54:53',NULL,4,'verified',NULL,'Cập nhật check-in bảo mật cho đơn #BK-15',NULL,NULL),(12,8,2,18,'2026-05-29 14:09:10',NULL,4,'verified',NULL,'Cập nhật check-in bảo mật cho đơn #BK-18',NULL,NULL),(13,39,2,NULL,'2026-05-31 16:25:57',NULL,4,'verified',NULL,'Cảm ơn quý khách đã dùng dịch vụ Phòng3',NULL,NULL),(14,8,1,40,'2026-06-01 01:21:23',NULL,4,'verified',NULL,'Check-in quét mã QR bảo mật',NULL,NULL),(15,8,1,41,'2026-06-01 01:23:04',NULL,4,'verified',NULL,'Check-in quét mã QR bảo mật',NULL,NULL),(16,8,1,42,'2026-06-01 01:23:09',NULL,4,'verified',NULL,'Check-in quét mã QR bảo mật',NULL,NULL),(17,8,1,43,'2026-06-01 01:23:12',NULL,4,'verified',NULL,'Check-in quét mã QR bảo mật',NULL,NULL),(18,8,1,45,'2026-06-01 07:09:13',NULL,4,'verified',NULL,'Check-in quét mã QR bảo mật',NULL,NULL),(19,8,1,48,'2026-06-01 07:32:55',NULL,4,'verified',NULL,'Check-in quét mã QR bảo mật',NULL,NULL),(20,8,1,47,'2026-06-01 07:32:59',NULL,4,'verified',NULL,'Check-in quét mã QR bảo mật',NULL,NULL),(21,8,1,51,'2026-06-01 07:41:22',NULL,4,'verified',NULL,'Check-in quét mã QR bảo mật',NULL,NULL),(22,8,1,52,'2026-06-01 07:41:26',NULL,4,'verified',NULL,'Check-in quét mã QR bảo mật',NULL,NULL),(23,40,2,NULL,'2026-06-01 08:18:25',NULL,4,'verified',NULL,'Cảm ơn quý khách đã dùng dịch vụ Phòng 1',NULL,NULL),(24,41,2,NULL,'2026-06-01 08:18:37',NULL,4,'verified',NULL,'Cảm ơn quý khách đã dùng dịch vụ Phòng 2',NULL,NULL),(25,8,2,59,'2026-06-01 08:53:45',NULL,4,'verified',NULL,'Cập nhật check-in bảo mật cho đơn #BK-59',NULL,NULL),(26,8,2,56,'2026-06-01 08:53:53',NULL,4,'verified',NULL,'Cập nhật check-in bảo mật cho đơn #BK-56',NULL,NULL),(27,8,2,60,'2026-06-01 08:55:23',NULL,4,'verified',NULL,'Cập nhật check-in bảo mật cho đơn #BK-60',NULL,NULL),(28,8,1,66,'2026-06-01 14:20:02',NULL,4,'verified',NULL,'Check-in quét mã QR bảo mật',NULL,NULL),(29,8,1,68,'2026-06-01 14:20:06',NULL,4,'verified',NULL,'Check-in quét mã QR bảo mật',NULL,NULL),(30,8,1,73,'2026-06-01 14:21:50',NULL,4,'verified',NULL,'Check-in quét mã QR bảo mật',NULL,NULL),(31,8,1,72,'2026-06-01 14:21:58',NULL,4,'verified',NULL,'Check-in quét mã QR bảo mật',NULL,NULL),(32,8,1,71,'2026-06-01 14:22:04',NULL,4,'verified',NULL,'Check-in quét mã QR bảo mật',NULL,NULL),(33,8,1,70,'2026-06-01 14:22:09',NULL,4,'verified',NULL,'Check-in quét mã QR bảo mật',NULL,NULL),(34,8,1,69,'2026-06-01 14:22:16',NULL,4,'verified',NULL,'Check-in quét mã QR bảo mật',NULL,NULL),(35,42,2,NULL,'2026-06-01 14:25:39',NULL,4,'verified',NULL,'Cảm ơn quý khách đã dùng dịch vụ Phòng 1',NULL,NULL),(36,43,2,NULL,'2026-06-01 14:25:51',NULL,4,'verified',NULL,'Cảm ơn quý khách đã dùng dịch vụ Phòng 2',NULL,NULL),(37,8,2,74,'2026-06-01 14:26:35',NULL,4,'verified',NULL,'Cập nhật check-in bảo mật cho đơn #BK-74',NULL,NULL),(38,8,2,75,'2026-06-01 14:26:44',NULL,4,'verified',NULL,'Cập nhật check-in bảo mật cho đơn #BK-75',NULL,NULL),(39,8,2,80,'2026-06-01 14:34:58',NULL,4,'verified',NULL,'Cập nhật check-in bảo mật cho đơn #BK-80',NULL,NULL);
/*!40000 ALTER TABLE `checkins` ENABLE KEYS */;
UNLOCK TABLES;

--
-- Table structure for table `commission_history`
--

DROP TABLE IF EXISTS `commission_history`;
/*!40101 SET @saved_cs_client     = @@character_set_client */;
/*!50503 SET character_set_client = utf8mb4 */;
CREATE TABLE `commission_history` (
  `id` int NOT NULL AUTO_INCREMENT,
  `owner_id` int NOT NULL,
  `old_rate` decimal(5,2) DEFAULT NULL,
  `new_rate` decimal(5,2) DEFAULT NULL,
  `changed_by` int DEFAULT NULL,
  `changed_at` timestamp NULL DEFAULT CURRENT_TIMESTAMP,
  `reason` text,
  PRIMARY KEY (`id`),
  KEY `idx_owner` (`owner_id`),
  KEY `comm_hist_changer_fk` (`changed_by`),
  CONSTRAINT `comm_hist_changer_fk` FOREIGN KEY (`changed_by`) REFERENCES `users` (`user_id`) ON DELETE SET NULL,
  CONSTRAINT `comm_hist_owner_fk` FOREIGN KEY (`owner_id`) REFERENCES `users` (`user_id`) ON DELETE CASCADE
) ENGINE=InnoDB AUTO_INCREMENT=5 DEFAULT CHARSET=utf8mb4 COLLATE=utf8mb4_0900_ai_ci;
/*!40101 SET character_set_client = @saved_cs_client */;

--
-- Dumping data for table `commission_history`
--

LOCK TABLES `commission_history` WRITE;
/*!40000 ALTER TABLE `commission_history` DISABLE KEYS */;
INSERT INTO `commission_history` VALUES (1,4,NULL,3.00,1,'2026-02-02 14:39:17',NULL),(2,4,NULL,4.00,1,'2026-02-02 14:44:05',NULL),(3,4,NULL,5.50,1,'2026-02-02 16:51:37',NULL),(4,4,NULL,1.50,1,'2026-02-02 17:37:13',NULL);
/*!40000 ALTER TABLE `commission_history` ENABLE KEYS */;
UNLOCK TABLES;

--
-- Table structure for table `commissions`
--

DROP TABLE IF EXISTS `commissions`;
/*!40101 SET @saved_cs_client     = @@character_set_client */;
/*!50503 SET character_set_client = utf8mb4 */;
CREATE TABLE `commissions` (
  `commission_id` int NOT NULL AUTO_INCREMENT,
  `owner_id` int NOT NULL,
  `payment_id` int NOT NULL,
  `booking_id` int DEFAULT NULL,
  `commission_amount` decimal(15,2) NOT NULL,
  `vat_amount` decimal(15,2) NOT NULL,
  `total_due` decimal(15,2) NOT NULL,
  `due_date` date NOT NULL,
  `paid_amount` decimal(15,2) DEFAULT '0.00',
  `paid_at` timestamp NULL DEFAULT NULL,
  `status` enum('pending','paid','overdue') DEFAULT 'pending',
  `reminder_count` int DEFAULT '0',
  `last_reminder_at` timestamp NULL DEFAULT NULL,
  `created_at` timestamp NULL DEFAULT CURRENT_TIMESTAMP,
  PRIMARY KEY (`commission_id`),
  KEY `idx_owner` (`owner_id`),
  KEY `idx_status_due` (`status`,`due_date`),
  KEY `commissions_ibfk_2` (`payment_id`),
  KEY `commissions_ibfk_3` (`booking_id`),
  CONSTRAINT `commissions_ibfk_1` FOREIGN KEY (`owner_id`) REFERENCES `users` (`user_id`) ON DELETE RESTRICT,
  CONSTRAINT `commissions_ibfk_2` FOREIGN KEY (`payment_id`) REFERENCES `payments` (`payment_id`) ON DELETE RESTRICT,
  CONSTRAINT `commissions_ibfk_3` FOREIGN KEY (`booking_id`) REFERENCES `bookings` (`booking_id`) ON DELETE SET NULL
) ENGINE=InnoDB DEFAULT CHARSET=utf8mb4 COLLATE=utf8mb4_0900_ai_ci;
/*!40101 SET character_set_client = @saved_cs_client */;

--
-- Dumping data for table `commissions`
--

LOCK TABLES `commissions` WRITE;
/*!40000 ALTER TABLE `commissions` DISABLE KEYS */;
/*!40000 ALTER TABLE `commissions` ENABLE KEYS */;
UNLOCK TABLES;

--
-- Table structure for table `employee_locations`
--

DROP TABLE IF EXISTS `employee_locations`;
/*!40101 SET @saved_cs_client     = @@character_set_client */;
/*!50503 SET character_set_client = utf8mb4 */;
CREATE TABLE `employee_locations` (
  `id` int NOT NULL AUTO_INCREMENT,
  `employee_id` int NOT NULL,
  `location_id` int NOT NULL,
  `owner_id` int NOT NULL,
  `permissions` json DEFAULT NULL COMMENT '{"can_scan": true, "view_revenue": false}',
  `assigned_at` timestamp NULL DEFAULT CURRENT_TIMESTAMP,
  `status` enum('active','inactive') DEFAULT 'active',
  `position` varchar(50) DEFAULT NULL,
  PRIMARY KEY (`id`),
  UNIQUE KEY `unique_employee_location` (`employee_id`,`location_id`),
  KEY `employee_locations_ibfk_2` (`location_id`),
  KEY `employee_locations_ibfk_3` (`owner_id`),
  CONSTRAINT `employee_locations_ibfk_1` FOREIGN KEY (`employee_id`) REFERENCES `users` (`user_id`) ON DELETE CASCADE,
  CONSTRAINT `employee_locations_ibfk_2` FOREIGN KEY (`location_id`) REFERENCES `locations` (`location_id`) ON DELETE CASCADE,
  CONSTRAINT `employee_locations_ibfk_3` FOREIGN KEY (`owner_id`) REFERENCES `users` (`user_id`) ON DELETE CASCADE
) ENGINE=InnoDB AUTO_INCREMENT=7 DEFAULT CHARSET=utf8mb4 COLLATE=utf8mb4_0900_ai_ci;
/*!40101 SET character_set_client = @saved_cs_client */;

--
-- Dumping data for table `employee_locations`
--

LOCK TABLES `employee_locations` WRITE;
/*!40000 ALTER TABLE `employee_locations` DISABLE KEYS */;
INSERT INTO `employee_locations` VALUES (1,9,1,4,'{\"can_scan\": true, \"can_manage_bookings\": true, \"can_manage_services\": true}','2026-02-04 06:19:33','active','Thu ngân'),(2,10,1,4,'{\"can_scan\": true, \"can_manage_bookings\": true, \"can_manage_services\": true}','2026-02-04 06:20:08','active','Thu ngân'),(3,11,2,4,'{\"can_scan\": true, \"can_manage_bookings\": true, \"can_manage_services\": true}','2026-02-04 06:20:54','active','Lễ tân'),(4,12,2,4,'{\"can_scan\": true, \"can_manage_bookings\": true, \"can_manage_services\": true}','2026-02-04 06:21:34','active','Buồng phòng'),(5,13,3,4,'{\"can_scan\": true, \"can_manage_bookings\": true, \"can_manage_services\": true}','2026-02-04 06:22:13','active','Soát vé'),(6,14,3,4,'{\"can_scan\": true, \"can_manage_bookings\": true, \"can_manage_services\": true}','2026-02-04 06:22:36','active','Hướng dẫn');
/*!40000 ALTER TABLE `employee_locations` ENABLE KEYS */;
UNLOCK TABLES;

--
-- Table structure for table `favorite_locations`
--

DROP TABLE IF EXISTS `favorite_locations`;
/*!40101 SET @saved_cs_client     = @@character_set_client */;
/*!50503 SET character_set_client = utf8mb4 */;
CREATE TABLE `favorite_locations` (
  `id` int NOT NULL AUTO_INCREMENT,
  `user_id` int NOT NULL,
  `location_id` int NOT NULL,
  `added_at` timestamp NULL DEFAULT CURRENT_TIMESTAMP,
  PRIMARY KEY (`id`),
  UNIQUE KEY `unique_user_location` (`user_id`,`location_id`),
  KEY `favorite_locations_ibfk_2` (`location_id`),
  CONSTRAINT `favorite_locations_ibfk_1` FOREIGN KEY (`user_id`) REFERENCES `users` (`user_id`) ON DELETE CASCADE,
  CONSTRAINT `favorite_locations_ibfk_2` FOREIGN KEY (`location_id`) REFERENCES `locations` (`location_id`) ON DELETE CASCADE
) ENGINE=InnoDB AUTO_INCREMENT=2 DEFAULT CHARSET=utf8mb4 COLLATE=utf8mb4_0900_ai_ci;
/*!40101 SET character_set_client = @saved_cs_client */;

--
-- Dumping data for table `favorite_locations`
--

LOCK TABLES `favorite_locations` WRITE;
/*!40000 ALTER TABLE `favorite_locations` DISABLE KEYS */;
INSERT INTO `favorite_locations` VALUES (1,8,1,'2026-05-20 15:54:09');
/*!40000 ALTER TABLE `favorite_locations` ENABLE KEYS */;
UNLOCK TABLES;

--
-- Table structure for table `hotel_rooms`
--

DROP TABLE IF EXISTS `hotel_rooms`;
/*!40101 SET @saved_cs_client     = @@character_set_client */;
/*!50503 SET character_set_client = utf8mb4 */;
CREATE TABLE `hotel_rooms` (
  `room_id` int NOT NULL AUTO_INCREMENT,
  `location_id` int NOT NULL,
  `service_id` int DEFAULT NULL,
  `area_id` int DEFAULT NULL,
  `floor_number` int NOT NULL,
  `room_number` varchar(20) NOT NULL,
  `pos_x` int DEFAULT NULL,
  `pos_y` int DEFAULT NULL,
  `status` enum('vacant','occupied','reserved','cleaning') NOT NULL DEFAULT 'vacant',
  `created_at` timestamp NULL DEFAULT CURRENT_TIMESTAMP,
  `updated_at` timestamp NULL DEFAULT CURRENT_TIMESTAMP ON UPDATE CURRENT_TIMESTAMP,
  PRIMARY KEY (`room_id`),
  UNIQUE KEY `uniq_room_per_location` (`location_id`,`room_number`),
  UNIQUE KEY `uniq_room_service_per_location` (`location_id`,`service_id`),
  KEY `idx_rooms_location_floor` (`location_id`,`floor_number`),
  KEY `idx_rooms_location_area` (`location_id`,`area_id`),
  KEY `hotel_rooms_fk_service` (`service_id`),
  KEY `hotel_rooms_fk_area` (`area_id`),
  CONSTRAINT `hotel_rooms_fk_area` FOREIGN KEY (`area_id`) REFERENCES `pos_areas` (`area_id`) ON DELETE SET NULL,
  CONSTRAINT `hotel_rooms_fk_location` FOREIGN KEY (`location_id`) REFERENCES `locations` (`location_id`) ON DELETE CASCADE,
  CONSTRAINT `hotel_rooms_fk_service` FOREIGN KEY (`service_id`) REFERENCES `services` (`service_id`) ON DELETE SET NULL
) ENGINE=InnoDB AUTO_INCREMENT=49 DEFAULT CHARSET=utf8mb4 COLLATE=utf8mb4_0900_ai_ci;
/*!40101 SET character_set_client = @saved_cs_client */;

--
-- Dumping data for table `hotel_rooms`
--

LOCK TABLES `hotel_rooms` WRITE;
/*!40000 ALTER TABLE `hotel_rooms` DISABLE KEYS */;
INSERT INTO `hotel_rooms` VALUES (41,2,5,NULL,1,'Phòng 1',5,9,'vacant','2026-02-04 06:52:18','2026-06-01 14:27:02'),(42,2,6,NULL,1,'Phòng 2',169,0,'vacant','2026-02-04 06:52:18','2026-06-01 14:34:48'),(45,2,11,NULL,2,'Phòng3',8,0,'vacant','2026-02-04 07:17:53','2026-06-01 08:18:12'),(46,2,12,NULL,2,'Phòng4',175,3,'cleaning','2026-02-04 07:17:53','2026-06-01 14:35:04'),(47,2,13,NULL,2,'Phòng5',342,1,'vacant','2026-02-04 07:17:53','2026-05-29 12:37:27'),(48,2,14,NULL,2,'Phòng6',507,2,'vacant','2026-02-04 07:17:53','2026-05-29 11:45:12');
/*!40000 ALTER TABLE `hotel_rooms` ENABLE KEYS */;
UNLOCK TABLES;

--
-- Table structure for table `hotel_stay_items`
--

DROP TABLE IF EXISTS `hotel_stay_items`;
/*!40101 SET @saved_cs_client     = @@character_set_client */;
/*!50503 SET character_set_client = utf8mb4 */;
CREATE TABLE `hotel_stay_items` (
  `stay_item_id` bigint NOT NULL AUTO_INCREMENT,
  `stay_id` bigint NOT NULL,
  `service_id` int NOT NULL,
  `quantity` int NOT NULL DEFAULT '1',
  `unit_price` decimal(15,2) NOT NULL,
  `line_total` decimal(15,2) NOT NULL,
  `created_at` timestamp NULL DEFAULT CURRENT_TIMESTAMP,
  PRIMARY KEY (`stay_item_id`),
  KEY `idx_stay_items_stay` (`stay_id`),
  KEY `hotel_stay_items_fk_service` (`service_id`),
  CONSTRAINT `hotel_stay_items_fk_service` FOREIGN KEY (`service_id`) REFERENCES `services` (`service_id`) ON DELETE RESTRICT,
  CONSTRAINT `hotel_stay_items_fk_stay` FOREIGN KEY (`stay_id`) REFERENCES `hotel_stays` (`stay_id`) ON DELETE CASCADE
) ENGINE=InnoDB DEFAULT CHARSET=utf8mb4 COLLATE=utf8mb4_0900_ai_ci;
/*!40101 SET character_set_client = @saved_cs_client */;

--
-- Dumping data for table `hotel_stay_items`
--

LOCK TABLES `hotel_stay_items` WRITE;
/*!40000 ALTER TABLE `hotel_stay_items` DISABLE KEYS */;
/*!40000 ALTER TABLE `hotel_stay_items` ENABLE KEYS */;
UNLOCK TABLES;

--
-- Table structure for table `hotel_stays`
--

DROP TABLE IF EXISTS `hotel_stays`;
/*!40101 SET @saved_cs_client     = @@character_set_client */;
/*!50503 SET character_set_client = utf8mb4 */;
CREATE TABLE `hotel_stays` (
  `stay_id` bigint NOT NULL AUTO_INCREMENT,
  `location_id` int NOT NULL,
  `room_id` int NOT NULL,
  `user_id` int DEFAULT NULL,
  `booking_id` int DEFAULT NULL,
  `status` enum('reserved','inhouse','checked_out','cancelled') NOT NULL DEFAULT 'inhouse',
  `checkin_time` timestamp NULL DEFAULT CURRENT_TIMESTAMP,
  `checkout_time` timestamp NULL DEFAULT NULL,
  `expected_checkin` datetime DEFAULT NULL,
  `expected_checkout` datetime DEFAULT NULL,
  `subtotal_amount` decimal(15,2) NOT NULL DEFAULT '0.00',
  `discount_amount` decimal(15,2) NOT NULL DEFAULT '0.00',
  `final_amount` decimal(15,2) NOT NULL DEFAULT '0.00',
  `notes` text,
  `created_by` int DEFAULT NULL,
  `closed_by` int DEFAULT NULL,
  `created_at` timestamp NULL DEFAULT CURRENT_TIMESTAMP,
  `updated_at` timestamp NULL DEFAULT CURRENT_TIMESTAMP ON UPDATE CURRENT_TIMESTAMP,
  PRIMARY KEY (`stay_id`),
  KEY `idx_stays_location_status` (`location_id`,`status`),
  KEY `idx_stays_room_status` (`room_id`,`status`),
  KEY `hotel_stays_fk_user` (`user_id`),
  KEY `hotel_stays_fk_booking` (`booking_id`),
  KEY `hotel_stays_fk_created_by` (`created_by`),
  KEY `hotel_stays_fk_closed_by` (`closed_by`),
  CONSTRAINT `hotel_stays_fk_booking` FOREIGN KEY (`booking_id`) REFERENCES `bookings` (`booking_id`) ON DELETE SET NULL,
  CONSTRAINT `hotel_stays_fk_closed_by` FOREIGN KEY (`closed_by`) REFERENCES `users` (`user_id`) ON DELETE SET NULL,
  CONSTRAINT `hotel_stays_fk_created_by` FOREIGN KEY (`created_by`) REFERENCES `users` (`user_id`) ON DELETE SET NULL,
  CONSTRAINT `hotel_stays_fk_location` FOREIGN KEY (`location_id`) REFERENCES `locations` (`location_id`) ON DELETE CASCADE,
  CONSTRAINT `hotel_stays_fk_room` FOREIGN KEY (`room_id`) REFERENCES `hotel_rooms` (`room_id`) ON DELETE CASCADE,
  CONSTRAINT `hotel_stays_fk_user` FOREIGN KEY (`user_id`) REFERENCES `users` (`user_id`) ON DELETE SET NULL
) ENGINE=InnoDB AUTO_INCREMENT=19 DEFAULT CHARSET=utf8mb4 COLLATE=utf8mb4_0900_ai_ci;
/*!40101 SET character_set_client = @saved_cs_client */;

--
-- Dumping data for table `hotel_stays`
--

LOCK TABLES `hotel_stays` WRITE;
/*!40000 ALTER TABLE `hotel_stays` DISABLE KEYS */;
INSERT INTO `hotel_stays` VALUES (1,2,41,8,13,'cancelled',NULL,'2026-05-29 14:54:52','2026-05-29 20:54:00','2026-05-30 20:54:00',2400000.00,0.00,2400000.00,'{\"source\":\"online_booking\",\"booking_id\":13}',NULL,NULL,'2026-05-29 13:54:11','2026-05-29 14:54:52'),(2,2,42,8,14,'checked_out','2026-05-29 13:54:50','2026-05-29 13:55:01','2026-05-29 20:54:00','2026-05-30 20:54:50',1666.67,0.00,2000.00,'{\"source\":\"online_booking\",\"booking_id\":14}',4,4,'2026-05-29 13:54:13','2026-05-29 13:55:01'),(3,2,45,8,15,'checked_out','2026-05-29 13:54:53','2026-05-29 13:55:06','2026-05-29 20:54:00','2026-05-30 20:54:53',1666.67,0.00,2000.00,'{\"source\":\"online_booking\",\"booking_id\":15}',4,4,'2026-05-29 13:54:15','2026-05-29 13:55:06'),(4,2,42,8,16,'cancelled',NULL,'2026-05-29 14:09:02','2026-05-29 21:01:00','2026-05-30 21:01:00',2400000.00,0.00,2400000.00,'{\"source\":\"online_booking\",\"booking_id\":16}',NULL,4,'2026-05-29 14:01:00','2026-05-29 14:09:02'),(5,2,45,8,17,'cancelled',NULL,'2026-05-29 14:08:59','2026-05-29 21:01:00','2026-05-30 21:01:00',2400000.00,0.00,2400000.00,'{\"source\":\"online_booking\",\"booking_id\":17}',NULL,4,'2026-05-29 14:01:04','2026-05-29 14:08:59'),(6,2,46,8,18,'checked_out','2026-05-29 14:09:11','2026-05-29 14:09:47','2026-05-29 21:01:00','2026-05-30 21:09:11',2400000.00,0.00,0.00,'{\"source\":\"online_booking\",\"booking_id\":18}',4,4,'2026-05-29 14:01:08','2026-05-29 14:09:47'),(7,2,45,39,NULL,'checked_out','2026-05-31 16:25:58','2026-05-31 16:26:51','2026-05-31 23:25:58','2026-06-01 23:25:58',1666.67,0.00,2000.00,'{\"guest_full_name\":\"Nhân\",\"guest_phone\":\"0987654321\",\"stay_days\":1,\"stay_nights\":24,\"room_unit_price\":100000,\"room_amount\":2400000,\"extra_notes\":null,\"source\":\"walkin\"}',4,4,'2026-05-31 16:25:57','2026-05-31 16:26:51'),(8,2,41,40,NULL,'checked_out','2026-06-01 08:18:26','2026-06-01 08:18:49','2026-06-01 15:18:26','2026-06-02 15:18:26',1666.67,0.00,2000.00,'{\"guest_full_name\":\"Văn A\",\"guest_phone\":\"0123456789\",\"stay_days\":1,\"stay_nights\":24,\"room_unit_price\":100000,\"room_amount\":2400000,\"extra_notes\":null,\"source\":\"walkin\"}',4,4,'2026-06-01 08:18:25','2026-06-01 08:18:49'),(9,2,42,41,NULL,'checked_out','2026-06-01 08:18:37','2026-06-01 08:18:41','2026-06-01 15:18:37','2026-06-02 15:18:37',1666.67,0.00,2000.00,'{\"guest_full_name\":\"Văn B\",\"guest_phone\":\"0123965748\",\"stay_days\":1,\"stay_nights\":24,\"room_unit_price\":100000,\"room_amount\":2400000,\"extra_notes\":null,\"source\":\"walkin\"}',4,4,'2026-06-01 08:18:37','2026-06-01 08:18:40'),(10,2,41,8,56,'checked_out','2026-06-01 08:53:54','2026-06-01 08:54:10','2026-06-01 15:20:00','2026-06-02 15:53:54',1666.67,0.00,2000.00,'{\"source\":\"online_booking\",\"booking_id\":56}',4,4,'2026-06-01 08:20:26','2026-06-01 08:54:09'),(11,2,42,8,59,'checked_out','2026-06-01 08:53:45','2026-06-01 08:54:15','2026-06-01 15:52:00','2026-06-02 15:53:45',2300000.00,0.00,0.00,'{\"source\":\"online_booking\",\"booking_id\":59}',4,4,'2026-06-01 08:53:11','2026-06-01 08:54:14'),(12,2,46,8,60,'checked_out','2026-06-01 08:55:24','2026-06-01 08:55:32','2026-06-01 15:55:00','2026-06-02 15:55:24',1666.67,0.00,2000.00,'{\"source\":\"online_booking\",\"booking_id\":60}',4,4,'2026-06-01 08:55:15','2026-06-01 08:55:31'),(13,2,41,42,NULL,'checked_out','2026-06-01 14:25:39','2026-06-01 14:25:59','2026-06-01 21:25:39','2026-06-02 21:25:39',1666.67,0.00,2000.00,'{\"guest_full_name\":\"Nguyễn A\",\"guest_phone\":\"0987654321\",\"stay_days\":1,\"stay_nights\":24,\"room_unit_price\":100000,\"room_amount\":2400000,\"extra_notes\":null,\"source\":\"walkin\"}',4,4,'2026-06-01 14:25:39','2026-06-01 14:25:58'),(14,2,42,43,NULL,'checked_out','2026-06-01 14:25:52','2026-06-01 14:25:54','2026-06-01 21:25:52','2026-06-02 21:25:52',1666.67,0.00,2000.00,'{\"guest_full_name\":\"Nguyễn A\",\"guest_phone\":\"0987654321\",\"stay_days\":1,\"stay_nights\":24,\"room_unit_price\":100000,\"room_amount\":2400000,\"extra_notes\":null,\"source\":\"walkin\"}',4,4,'2026-06-01 14:25:51','2026-06-01 14:25:54'),(15,2,41,8,74,'checked_out','2026-06-01 14:26:36','2026-06-01 14:26:50','2026-06-01 21:26:00','2026-06-02 21:26:36',1666.67,0.00,2000.00,'{\"source\":\"online_booking\",\"booking_id\":74}',4,4,'2026-06-01 14:26:09','2026-06-01 14:26:50'),(16,2,42,8,75,'checked_out','2026-06-01 14:26:45','2026-06-01 14:26:54','2026-06-01 21:26:00','2026-06-02 21:26:45',1666.67,0.00,2000.00,'{\"source\":\"online_booking\",\"booking_id\":75}',4,4,'2026-06-01 14:26:12','2026-06-01 14:26:54'),(17,2,42,8,79,'cancelled',NULL,'2026-06-01 14:34:48','2026-06-01 21:34:00','2026-06-02 21:34:00',2400000.00,0.00,2400000.00,'{\"source\":\"online_booking\",\"booking_id\":79}',NULL,4,'2026-06-01 14:34:34','2026-06-01 14:34:48'),(18,2,46,8,80,'checked_out','2026-06-01 14:34:59','2026-06-01 14:35:05','2026-06-01 21:34:00','2026-06-02 21:34:59',2400000.00,0.00,0.00,'{\"source\":\"online_booking\",\"booking_id\":80}',4,4,'2026-06-01 14:34:37','2026-06-01 14:35:04');
/*!40000 ALTER TABLE `hotel_stays` ENABLE KEYS */;
UNLOCK TABLES;

--
-- Table structure for table `itineraries`
--

DROP TABLE IF EXISTS `itineraries`;
/*!40101 SET @saved_cs_client     = @@character_set_client */;
/*!50503 SET character_set_client = utf8mb4 */;
CREATE TABLE `itineraries` (
  `itinerary_id` int NOT NULL AUTO_INCREMENT,
  `user_id` int DEFAULT NULL,
  `name` varchar(255) NOT NULL,
  `description` text,
  `locations` json DEFAULT NULL,
  `total_distance_km` decimal(5,2) DEFAULT '0.00',
  `estimated_time_hours` decimal(5,2) DEFAULT '0.00',
  `is_ai_recommended` tinyint(1) DEFAULT '0',
  `created_at` timestamp NULL DEFAULT CURRENT_TIMESTAMP,
  PRIMARY KEY (`itinerary_id`),
  KEY `itineraries_ibfk_1` (`user_id`),
  CONSTRAINT `itineraries_ibfk_1` FOREIGN KEY (`user_id`) REFERENCES `users` (`user_id`) ON DELETE SET NULL
) ENGINE=InnoDB DEFAULT CHARSET=utf8mb4 COLLATE=utf8mb4_0900_ai_ci;
/*!40101 SET character_set_client = @saved_cs_client */;

--
-- Dumping data for table `itineraries`
--

LOCK TABLES `itineraries` WRITE;
/*!40000 ALTER TABLE `itineraries` DISABLE KEYS */;
/*!40000 ALTER TABLE `itineraries` ENABLE KEYS */;
UNLOCK TABLES;

--
-- Table structure for table `locations`
--

DROP TABLE IF EXISTS `locations`;
/*!40101 SET @saved_cs_client     = @@character_set_client */;
/*!50503 SET character_set_client = utf8mb4 */;
CREATE TABLE `locations` (
  `location_id` int NOT NULL AUTO_INCREMENT,
  `owner_id` int DEFAULT NULL,
  `commission_rate` decimal(5,2) NOT NULL DEFAULT '2.50',
  `location_name` varchar(255) NOT NULL,
  `location_type` enum('hotel','restaurant','tourist','cafe','resort','other') NOT NULL,
  `description` text,
  `address` text NOT NULL,
  `province` varchar(100) DEFAULT NULL,
  `latitude` decimal(10,8) DEFAULT NULL,
  `longitude` decimal(11,8) DEFAULT NULL,
  `images` json DEFAULT NULL,
  `first_image` varchar(500) GENERATED ALWAYS AS (json_unquote(json_extract(`images`,_utf8mb4'$[0]'))) STORED,
  `opening_hours` json DEFAULT NULL,
  `phone` varchar(20) DEFAULT NULL,
  `email` varchar(255) DEFAULT NULL,
  `website` varchar(255) DEFAULT NULL,
  `is_eco_friendly` tinyint(1) DEFAULT '0',
  `status` enum('active','inactive','pending') DEFAULT 'pending',
  `previous_status` enum('active','inactive','pending') DEFAULT NULL,
  `rejection_reason` text,
  `rating` decimal(2,1) DEFAULT '0.0',
  `total_reviews` int DEFAULT '0',
  `total_checkins` int DEFAULT '0',
  `created_at` timestamp NULL DEFAULT CURRENT_TIMESTAMP,
  `updated_at` timestamp NULL DEFAULT CURRENT_TIMESTAMP ON UPDATE CURRENT_TIMESTAMP,
  `deleted_at` timestamp NULL DEFAULT NULL,
  `osm_type` enum('node','way','relation') DEFAULT NULL,
  `osm_id` bigint DEFAULT NULL,
  `source` enum('osm','owner','admin') NOT NULL,
  `osm_ref_unique` varchar(64) GENERATED ALWAYS AS ((case when (`source` = _utf8mb4'osm') then concat(`osm_type`,_utf8mb4':',`osm_id`) else NULL end)) STORED,
  `auto_confirm_minutes` int DEFAULT '30',
  `auto_cancel_food_minutes` int DEFAULT '60',
  `auto_cancel_hotel_minutes` int DEFAULT '4320',
  `auto_cancel_ticket_minutes` int DEFAULT '1440',
  PRIMARY KEY (`location_id`),
  UNIQUE KEY `uniq_locations_osm_ref` (`osm_ref_unique`),
  KEY `idx_owner` (`owner_id`),
  KEY `idx_type` (`location_type`),
  KEY `idx_location` (`latitude`,`longitude`),
  KEY `idx_locations_province` (`province`),
  KEY `idx_locations_deleted_at` (`deleted_at`),
  CONSTRAINT `locations_ibfk_1` FOREIGN KEY (`owner_id`) REFERENCES `users` (`user_id`) ON DELETE SET NULL,
  CONSTRAINT `chk_locations_osm_refs` CHECK ((((`source` = _utf8mb4'osm') and (`osm_type` is not null) and (`osm_id` is not null)) or ((`source` <> _utf8mb4'osm') and (`osm_type` is null) and (`osm_id` is null))))
) ENGINE=InnoDB AUTO_INCREMENT=4 DEFAULT CHARSET=utf8mb4 COLLATE=utf8mb4_0900_ai_ci;
/*!40101 SET character_set_client = @saved_cs_client */;

--
-- Dumping data for table `locations`
--

LOCK TABLES `locations` WRITE;
/*!40000 ALTER TABLE `locations` DISABLE KEYS */;
INSERT INTO `locations` (`location_id`, `owner_id`, `commission_rate`, `location_name`, `location_type`, `description`, `address`, `province`, `latitude`, `longitude`, `images`, `opening_hours`, `phone`, `email`, `website`, `is_eco_friendly`, `status`, `previous_status`, `rejection_reason`, `rating`, `total_reviews`, `total_checkins`, `created_at`, `updated_at`, `deleted_at`, `osm_type`, `osm_id`, `source`, `auto_confirm_minutes`, `auto_cancel_food_minutes`, `auto_cancel_hotel_minutes`, `auto_cancel_ticket_minutes`) VALUES (1,4,2.00,'Cafe Trung Nguyên','restaurant','Quán cafe lâu đời','Trung Nguyên E-Coffee, Trần Chiên, Phường Cái Răng, Thành phố Cần Thơ, 94000, Việt Nam','Thành phố Cần Thơ',9.99862769,105.76025254,'[\"/uploads/locations/location-4-1770137748448-742673641852.jpg\"]',NULL,'0869378422','memory3367@gmail.com',NULL,0,'active',NULL,NULL,3.4,5,0,'2026-02-03 16:55:48','2026-06-01 07:55:31',NULL,NULL,NULL,'owner',30,60,4320,1440),(2,4,2.00,'Nhà Trọ Phú Mỹ','hotel',NULL,'Trần Chiên, Phường Cái Răng, Thành phố Cần Thơ, 94000, Việt Nam','Thành phố Cần Thơ',9.99771374,105.76062810,'[\"/uploads/locations/location-4-1770137807261-b78586ed02ee.jpg\"]',NULL,'0869378422','memory3367@gmail.com',NULL,0,'active',NULL,NULL,0.0,0,0,'2026-02-03 16:56:47','2026-05-29 11:47:39',NULL,NULL,NULL,'owner',30,60,60,1440),(3,4,1.00,'Bờ Kè Sông Hậu','tourist','Nơi Du Lịch lí tưởng','Bờ kè sông Hậu, Trần Văn Khéo, Phường Cái Khế, Thành phố Cần Thơ, 94111, Việt Nam','Thành phố Cần Thơ',10.04916039,105.79105498,'[\"/uploads/locations/location-4-1770137918199-2eb3920a2fb9.webp\"]',NULL,'0869378422','memory3367@gmail.com',NULL,0,'active',NULL,NULL,0.0,0,0,'2026-02-03 16:58:38','2026-02-03 16:59:18',NULL,NULL,NULL,'owner',30,60,4320,1440);
/*!40000 ALTER TABLE `locations` ENABLE KEYS */;
UNLOCK TABLES;

--
-- Table structure for table `login_attempts`
--

DROP TABLE IF EXISTS `login_attempts`;
/*!40101 SET @saved_cs_client     = @@character_set_client */;
/*!50503 SET character_set_client = utf8mb4 */;
CREATE TABLE `login_attempts` (
  `email` varchar(255) NOT NULL,
  `attempts` int NOT NULL DEFAULT '0',
  `locked_until` datetime DEFAULT NULL,
  `updated_at` timestamp NULL DEFAULT CURRENT_TIMESTAMP ON UPDATE CURRENT_TIMESTAMP,
  PRIMARY KEY (`email`),
  KEY `idx_locked_until` (`locked_until`)
) ENGINE=InnoDB DEFAULT CHARSET=utf8mb4 COLLATE=utf8mb4_0900_ai_ci;
/*!40101 SET character_set_client = @saved_cs_client */;

--
-- Dumping data for table `login_attempts`
--

LOCK TABLES `login_attempts` WRITE;
/*!40000 ALTER TABLE `login_attempts` DISABLE KEYS */;
/*!40000 ALTER TABLE `login_attempts` ENABLE KEYS */;
UNLOCK TABLES;

--
-- Table structure for table `login_history`
--

DROP TABLE IF EXISTS `login_history`;
/*!40101 SET @saved_cs_client     = @@character_set_client */;
/*!50503 SET character_set_client = utf8mb4 */;
CREATE TABLE `login_history` (
  `login_id` bigint NOT NULL AUTO_INCREMENT,
  `user_id` int DEFAULT NULL,
  `email` varchar(255) DEFAULT NULL,
  `role` enum('user','owner','employee','admin') DEFAULT NULL,
  `success` tinyint(1) NOT NULL,
  `ip_address` varchar(64) DEFAULT NULL,
  `user_agent` text,
  `device_info` text,
  `created_at` timestamp NULL DEFAULT CURRENT_TIMESTAMP,
  PRIMARY KEY (`login_id`),
  KEY `idx_login_history_user_id` (`user_id`),
  KEY `idx_login_history_email` (`email`),
  KEY `idx_login_history_created_at` (`created_at`),
  CONSTRAINT `login_history_user_fk` FOREIGN KEY (`user_id`) REFERENCES `users` (`user_id`) ON DELETE SET NULL
) ENGINE=InnoDB AUTO_INCREMENT=155 DEFAULT CHARSET=utf8mb4 COLLATE=utf8mb4_0900_ai_ci;
/*!40101 SET character_set_client = @saved_cs_client */;

--
-- Dumping data for table `login_history`
--

LOCK TABLES `login_history` WRITE;
/*!40000 ALTER TABLE `login_history` DISABLE KEYS */;
INSERT INTO `login_history` VALUES (1,8,'sathuonline0788746659@gmail.com','user',1,'::1','Mozilla/5.0 (Windows NT 10.0; Win64; x64) AppleWebKit/537.36 (KHTML, like Gecko) Chrome/144.0.0.0 Safari/537.36',NULL,'2026-02-02 16:54:52'),(2,4,'memory3367@gmail.com','owner',1,'::1','Mozilla/5.0 (Windows NT 10.0; Win64; x64) AppleWebKit/537.36 (KHTML, like Gecko) Chrome/144.0.0.0 Safari/537.36',NULL,'2026-02-02 16:54:59'),(3,8,'sathuonline0788746659@gmail.com','user',1,'::1','Mozilla/5.0 (Windows NT 10.0; Win64; x64) AppleWebKit/537.36 (KHTML, like Gecko) Chrome/144.0.0.0 Safari/537.36',NULL,'2026-02-02 17:19:12'),(4,4,'memory3367@gmail.com','owner',1,'::1','Mozilla/5.0 (Windows NT 10.0; Win64; x64) AppleWebKit/537.36 (KHTML, like Gecko) Chrome/144.0.0.0 Safari/537.36',NULL,'2026-02-02 17:37:52'),(5,1,'minhmap3367@gmail.com','admin',1,'::1','Mozilla/5.0 (Windows NT 10.0; Win64; x64) AppleWebKit/537.36 (KHTML, like Gecko) Chrome/144.0.0.0 Safari/537.36 Edg/144.0.0.0',NULL,'2026-02-03 16:26:10'),(6,1,'minhmap3367@gmail.com','admin',1,'::1','Mozilla/5.0 (Windows NT 10.0; Win64; x64) AppleWebKit/537.36 (KHTML, like Gecko) Chrome/144.0.0.0 Safari/537.36 Edg/144.0.0.0',NULL,'2026-02-04 07:34:33'),(7,8,'sathuonline0788746659@gmail.com','user',1,'::1','Mozilla/5.0 (Windows NT 10.0; Win64; x64) AppleWebKit/537.36 (KHTML, like Gecko) Chrome/144.0.0.0 Safari/537.36',NULL,'2026-02-04 07:38:59'),(8,4,'memory3367@gmail.com','owner',1,'::1','Mozilla/5.0 (Windows NT 10.0; Win64; x64) AppleWebKit/537.36 (KHTML, like Gecko) Chrome/144.0.0.0 Safari/537.36',NULL,'2026-02-04 07:44:13'),(9,1,'minhmap3367@gmail.com','admin',1,'::1','Mozilla/5.0 (Windows NT 10.0; Win64; x64) AppleWebKit/537.36 (KHTML, like Gecko) Chrome/144.0.0.0 Safari/537.36 Edg/144.0.0.0',NULL,'2026-02-04 11:24:07'),(10,1,'minhmap3367@gmail.com','admin',1,'::1','Mozilla/5.0 (Windows NT 10.0; Win64; x64) AppleWebKit/537.36 (KHTML, like Gecko) Chrome/144.0.0.0 Safari/537.36 Edg/144.0.0.0',NULL,'2026-02-25 11:53:40'),(11,8,'sathuonline0788746659@gmail.com','user',1,'::1','Mozilla/5.0 (Windows NT 10.0; Win64; x64) AppleWebKit/537.36 (KHTML, like Gecko) Chrome/148.0.0.0 Safari/537.36',NULL,'2026-05-12 16:50:26'),(12,8,'sathuonline0788746659@gmail.com','user',1,'::1','Mozilla/5.0 (Windows NT 10.0; Win64; x64) AppleWebKit/537.36 (KHTML, like Gecko) Chrome/148.0.0.0 Safari/537.36',NULL,'2026-05-13 09:50:05'),(13,4,'memory3367@gmail.com','owner',1,'::1','Mozilla/5.0 (Windows NT 10.0; Win64; x64) AppleWebKit/537.36 (KHTML, like Gecko) Chrome/148.0.0.0 Safari/537.36',NULL,'2026-05-13 09:50:29'),(14,1,'minhmap3367@gmail.com','admin',1,'::1','Mozilla/5.0 (Windows NT 10.0; Win64; x64) AppleWebKit/537.36 (KHTML, like Gecko) Chrome/148.0.0.0 Safari/537.36',NULL,'2026-05-13 09:51:14'),(15,8,'sathuonline0788746659@gmail.com','user',1,'::1','Mozilla/5.0 (Windows NT 10.0; Win64; x64) AppleWebKit/537.36 (KHTML, like Gecko) Chrome/148.0.0.0 Safari/537.36',NULL,'2026-05-13 09:51:39'),(16,1,'minhmap3367@gmail.com','admin',1,'::1','Mozilla/5.0 (Windows NT 10.0; Win64; x64) AppleWebKit/537.36 (KHTML, like Gecko) Chrome/148.0.0.0 Safari/537.36 Edg/148.0.0.0',NULL,'2026-05-13 09:54:02'),(17,1,'minhmap3367@gmail.com','admin',1,'::1','Mozilla/5.0 (Windows NT 10.0; Win64; x64) AppleWebKit/537.36 (KHTML, like Gecko) Chrome/148.0.0.0 Safari/537.36',NULL,'2026-05-13 10:11:55'),(18,8,'sathuonline0788746659@gmail.com','user',1,'::1','Mozilla/5.0 (Windows NT 10.0; Win64; x64) AppleWebKit/537.36 (KHTML, like Gecko) Chrome/148.0.0.0 Safari/537.36',NULL,'2026-05-13 10:11:58'),(19,1,'minhmap3367@gmail.com','admin',1,'::1','Mozilla/5.0 (Windows NT 10.0; Win64; x64) AppleWebKit/537.36 (KHTML, like Gecko) Chrome/148.0.0.0 Safari/537.36',NULL,'2026-05-13 10:12:11'),(20,1,'minhmap3367@gmail.com','admin',1,'::1','Mozilla/5.0 (Windows NT 10.0; Win64; x64) AppleWebKit/537.36 (KHTML, like Gecko) Chrome/148.0.0.0 Safari/537.36 Edg/148.0.0.0',NULL,'2026-05-13 10:12:49'),(21,1,'minhmap3367@gmail.com','admin',1,'::1','Mozilla/5.0 (Windows NT 10.0; Win64; x64) AppleWebKit/537.36 (KHTML, like Gecko) Chrome/148.0.0.0 Safari/537.36',NULL,'2026-05-13 10:13:36'),(22,4,'memory3367@gmail.com','owner',1,'::1','Mozilla/5.0 (Windows NT 10.0; Win64; x64) AppleWebKit/537.36 (KHTML, like Gecko) Chrome/148.0.0.0 Safari/537.36',NULL,'2026-05-13 10:13:38'),(23,4,'memory3367@gmail.com','owner',1,'::1','Mozilla/5.0 (Windows NT 10.0; Win64; x64) AppleWebKit/537.36 (KHTML, like Gecko) Chrome/148.0.0.0 Safari/537.36',NULL,'2026-05-13 10:13:50'),(24,8,'sathuonline0788746659@gmail.com','user',1,'::1','Mozilla/5.0 (Windows NT 10.0; Win64; x64) AppleWebKit/537.36 (KHTML, like Gecko) Chrome/148.0.0.0 Safari/537.36',NULL,'2026-05-13 10:14:00'),(25,8,'sathuonline0788746659@gmail.com','user',1,'::1','Mozilla/5.0 (Windows NT 10.0; Win64; x64) AppleWebKit/537.36 (KHTML, like Gecko) Code/1.120.0 Chrome/142.0.7444.265 Electron/39.8.8 Safari/537.36',NULL,'2026-05-15 17:59:38'),(26,8,'sathuonline0788746659@gmail.com','user',1,'::1','Mozilla/5.0 (Windows NT 10.0; Win64; x64) AppleWebKit/537.36 (KHTML, like Gecko) Code/1.120.0 Chrome/142.0.7444.265 Electron/39.8.8 Safari/537.36',NULL,'2026-05-15 17:59:38'),(27,4,'memory3367@gmail.com','owner',1,'::1','Mozilla/5.0 (Windows NT 10.0; Win64; x64) AppleWebKit/537.36 (KHTML, like Gecko) Code/1.120.0 Chrome/142.0.7444.265 Electron/39.8.8 Safari/537.36',NULL,'2026-05-15 18:02:28'),(28,1,'minhmap3367@gmail.com','admin',1,'::1','Mozilla/5.0 (Windows NT 10.0; Win64; x64) AppleWebKit/537.36 (KHTML, like Gecko) Chrome/148.0.0.0 Safari/537.36',NULL,'2026-05-16 16:40:29'),(29,1,'minhmap3367@gmail.com','admin',1,'::1','Mozilla/5.0 (Windows NT 10.0; Win64; x64) AppleWebKit/537.36 (KHTML, like Gecko) Chrome/148.0.0.0 Safari/537.36',NULL,'2026-05-16 16:40:29'),(30,8,'sathuonline0788746659@gmail.com','user',1,'::1','Mozilla/5.0 (Windows NT 10.0; Win64; x64) AppleWebKit/537.36 (KHTML, like Gecko) Chrome/148.0.0.0 Safari/537.36',NULL,'2026-05-16 16:40:33'),(31,4,'memory3367@gmail.com','owner',1,'::1','Mozilla/5.0 (Windows NT 10.0; Win64; x64) AppleWebKit/537.36 (KHTML, like Gecko) Chrome/148.0.0.0 Safari/537.36',NULL,'2026-05-16 16:40:37'),(32,8,'sathuonline0788746659@gmail.com','user',1,'::1','Mozilla/5.0 (Windows NT 10.0; Win64; x64) AppleWebKit/537.36 (KHTML, like Gecko) Chrome/148.0.0.0 Safari/537.36',NULL,'2026-05-16 17:39:12'),(33,4,'memory3367@gmail.com','owner',1,'::1','Mozilla/5.0 (Windows NT 10.0; Win64; x64) AppleWebKit/537.36 (KHTML, like Gecko) Chrome/148.0.0.0 Safari/537.36',NULL,'2026-05-16 17:39:34'),(34,4,'memory3367@gmail.com','owner',1,'::1','Mozilla/5.0 (Windows NT 10.0; Win64; x64) AppleWebKit/537.36 (KHTML, like Gecko) Chrome/148.0.0.0 Safari/537.36',NULL,'2026-05-17 14:29:02'),(35,4,'memory3367@gmail.com','owner',1,'::1','Mozilla/5.0 (Windows NT 10.0; Win64; x64) AppleWebKit/537.36 (KHTML, like Gecko) Chrome/148.0.0.0 Safari/537.36',NULL,'2026-05-17 14:29:02'),(36,8,'sathuonline0788746659@gmail.com','user',1,'::1','Mozilla/5.0 (Windows NT 10.0; Win64; x64) AppleWebKit/537.36 (KHTML, like Gecko) Chrome/148.0.0.0 Safari/537.36',NULL,'2026-05-17 14:29:04'),(37,8,'sathuonline0788746659@gmail.com','user',1,'::1','Mozilla/5.0 (Windows NT 10.0; Win64; x64) AppleWebKit/537.36 (KHTML, like Gecko) Chrome/148.0.0.0 Safari/537.36',NULL,'2026-05-18 07:02:39'),(38,8,'sathuonline0788746659@gmail.com','user',1,'::1','Mozilla/5.0 (Windows NT 10.0; Win64; x64) AppleWebKit/537.36 (KHTML, like Gecko) Chrome/148.0.0.0 Safari/537.36',NULL,'2026-05-18 07:02:39'),(39,4,'memory3367@gmail.com','owner',1,'::1','Mozilla/5.0 (Windows NT 10.0; Win64; x64) AppleWebKit/537.36 (KHTML, like Gecko) Chrome/148.0.0.0 Safari/537.36',NULL,'2026-05-18 07:02:44'),(40,8,'sathuonline0788746659@gmail.com','user',1,'::1','Mozilla/5.0 (Windows NT 10.0; Win64; x64) AppleWebKit/537.36 (KHTML, like Gecko) Chrome/148.0.0.0 Safari/537.36',NULL,'2026-05-18 08:20:32'),(41,8,'sathuonline0788746659@gmail.com','user',1,'::1','Mozilla/5.0 (Windows NT 10.0; Win64; x64) AppleWebKit/537.36 (KHTML, like Gecko) Chrome/148.0.0.0 Safari/537.36',NULL,'2026-05-18 08:22:20'),(42,1,'minhmap3367@gmail.com','admin',1,'::1','Mozilla/5.0 (Windows NT 10.0; Win64; x64) AppleWebKit/537.36 (KHTML, like Gecko) Chrome/148.0.0.0 Safari/537.36',NULL,'2026-05-18 09:17:39'),(43,4,'memory3367@gmail.com','owner',1,'::1','Mozilla/5.0 (Windows NT 10.0; Win64; x64) AppleWebKit/537.36 (KHTML, like Gecko) Chrome/148.0.0.0 Safari/537.36',NULL,'2026-05-18 09:18:01'),(44,8,'sathuonline0788746659@gmail.com','user',1,'::1','Mozilla/5.0 (Windows NT 10.0; Win64; x64) AppleWebKit/537.36 (KHTML, like Gecko) Chrome/148.0.0.0 Safari/537.36',NULL,'2026-05-18 09:22:00'),(45,8,'sathuonline0788746659@gmail.com','user',1,'::1','Mozilla/5.0 (Windows NT 10.0; Win64; x64) AppleWebKit/537.36 (KHTML, like Gecko) Chrome/148.0.0.0 Safari/537.36',NULL,'2026-05-18 09:33:25'),(46,8,'sathuonline0788746659@gmail.com','user',1,'::1','Mozilla/5.0 (Windows NT 10.0; Win64; x64) AppleWebKit/537.36 (KHTML, like Gecko) Chrome/148.0.0.0 Safari/537.36',NULL,'2026-05-18 09:44:14'),(47,8,'sathuonline0788746659@gmail.com','user',1,'::1','Mozilla/5.0 (Windows NT 10.0; Win64; x64) AppleWebKit/537.36 (KHTML, like Gecko) Chrome/148.0.0.0 Safari/537.36',NULL,'2026-05-18 15:22:09'),(48,8,'sathuonline0788746659@gmail.com','user',1,'::1','Mozilla/5.0 (Windows NT 10.0; Win64; x64) AppleWebKit/537.36 (KHTML, like Gecko) Chrome/148.0.0.0 Safari/537.36',NULL,'2026-05-18 15:29:40'),(49,8,'sathuonline0788746659@gmail.com','user',1,'::1','Mozilla/5.0 (Windows NT 10.0; Win64; x64) AppleWebKit/537.36 (KHTML, like Gecko) Chrome/148.0.0.0 Safari/537.36',NULL,'2026-05-18 16:21:18'),(50,4,'memory3367@gmail.com','owner',1,'::1','Mozilla/5.0 (Windows NT 10.0; Win64; x64) AppleWebKit/537.36 (KHTML, like Gecko) Chrome/148.0.0.0 Safari/537.36',NULL,'2026-05-19 07:09:46'),(51,4,'memory3367@gmail.com','owner',1,'::1','Mozilla/5.0 (Windows NT 10.0; Win64; x64) AppleWebKit/537.36 (KHTML, like Gecko) Chrome/148.0.0.0 Safari/537.36',NULL,'2026-05-19 07:09:46'),(52,4,'memory3367@gmail.com','owner',1,'::1','Mozilla/5.0 (Windows NT 10.0; Win64; x64) AppleWebKit/537.36 (KHTML, like Gecko) Chrome/148.0.0.0 Safari/537.36',NULL,'2026-05-19 07:09:52'),(53,8,'sathuonline0788746659@gmail.com','user',1,'::1','Mozilla/5.0 (Windows NT 10.0; Win64; x64) AppleWebKit/537.36 (KHTML, like Gecko) Chrome/148.0.0.0 Safari/537.36',NULL,'2026-05-19 07:10:02'),(54,8,'sathuonline0788746659@gmail.com','user',1,'::1','Mozilla/5.0 (Windows NT 10.0; Win64; x64) AppleWebKit/537.36 (KHTML, like Gecko) Chrome/148.0.0.0 Safari/537.36',NULL,'2026-05-19 07:12:26'),(55,8,'sathuonline0788746659@gmail.com','user',1,'::1','Mozilla/5.0 (Windows NT 10.0; Win64; x64) AppleWebKit/537.36 (KHTML, like Gecko) Chrome/148.0.0.0 Safari/537.36',NULL,'2026-05-19 07:15:08'),(56,8,'sathuonline0788746659@gmail.com','user',1,'::1','Mozilla/5.0 (Windows NT 10.0; Win64; x64) AppleWebKit/537.36 (KHTML, like Gecko) Chrome/148.0.0.0 Safari/537.36',NULL,'2026-05-19 07:23:54'),(57,8,'sathuonline0788746659@gmail.com','user',1,'::1','Mozilla/5.0 (Windows NT 10.0; Win64; x64) AppleWebKit/537.36 (KHTML, like Gecko) Chrome/148.0.0.0 Safari/537.36',NULL,'2026-05-19 07:25:08'),(58,8,'sathuonline0788746659@gmail.com','user',1,'::1','Mozilla/5.0 (Windows NT 10.0; Win64; x64) AppleWebKit/537.36 (KHTML, like Gecko) Chrome/148.0.0.0 Safari/537.36',NULL,'2026-05-19 15:05:21'),(59,8,'sathuonline0788746659@gmail.com','user',1,'::1','Mozilla/5.0 (Windows NT 10.0; Win64; x64) AppleWebKit/537.36 (KHTML, like Gecko) Chrome/148.0.0.0 Safari/537.36',NULL,'2026-05-19 15:05:21'),(60,8,'sathuonline0788746659@gmail.com','user',1,'::1','Mozilla/5.0 (Windows NT 10.0; Win64; x64) AppleWebKit/537.36 (KHTML, like Gecko) Chrome/148.0.0.0 Safari/537.36',NULL,'2026-05-19 15:11:41'),(61,8,'sathuonline0788746659@gmail.com','user',1,'::1','Mozilla/5.0 (Windows NT 10.0; Win64; x64) AppleWebKit/537.36 (KHTML, like Gecko) Chrome/148.0.0.0 Safari/537.36',NULL,'2026-05-19 16:45:17'),(62,4,'memory3367@gmail.com','owner',1,'::1','Mozilla/5.0 (Windows NT 10.0; Win64; x64) AppleWebKit/537.36 (KHTML, like Gecko) Chrome/148.0.0.0 Safari/537.36',NULL,'2026-05-20 07:16:07'),(63,4,'memory3367@gmail.com','owner',1,'::1','Mozilla/5.0 (Windows NT 10.0; Win64; x64) AppleWebKit/537.36 (KHTML, like Gecko) Chrome/148.0.0.0 Safari/537.36',NULL,'2026-05-20 07:16:07'),(64,8,'sathuonline0788746659@gmail.com','user',1,'::1','Mozilla/5.0 (Windows NT 10.0; Win64; x64) AppleWebKit/537.36 (KHTML, like Gecko) Chrome/148.0.0.0 Safari/537.36',NULL,'2026-05-20 07:19:22'),(65,8,'sathuonline0788746659@gmail.com','user',1,'::1','Mozilla/5.0 (Windows NT 10.0; Win64; x64) AppleWebKit/537.36 (KHTML, like Gecko) Chrome/148.0.0.0 Safari/537.36',NULL,'2026-05-20 07:28:11'),(66,8,'sathuonline0788746659@gmail.com','user',1,'::1','Mozilla/5.0 (Windows NT 10.0; Win64; x64) AppleWebKit/537.36 (KHTML, like Gecko) Chrome/148.0.0.0 Safari/537.36',NULL,'2026-05-20 07:33:10'),(67,8,'sathuonline0788746659@gmail.com','user',1,'::1','Mozilla/5.0 (Windows NT 10.0; Win64; x64) AppleWebKit/537.36 (KHTML, like Gecko) Chrome/148.0.0.0 Safari/537.36',NULL,'2026-05-20 09:04:05'),(68,30,NULL,'user',1,'::1','Mozilla/5.0 (Windows NT 10.0; Win64; x64) AppleWebKit/537.36 (KHTML, like Gecko) Chrome/148.0.0.0 Safari/537.36',NULL,'2026-05-20 09:10:44'),(69,4,'memory3367@gmail.com','owner',1,'::1','Mozilla/5.0 (Windows NT 10.0; Win64; x64) AppleWebKit/537.36 (KHTML, like Gecko) Chrome/148.0.0.0 Safari/537.36',NULL,'2026-05-20 09:11:43'),(70,8,'sathuonline0788746659@gmail.com','user',1,'::1','Mozilla/5.0 (Windows NT 10.0; Win64; x64) AppleWebKit/537.36 (KHTML, like Gecko) Chrome/148.0.0.0 Safari/537.36',NULL,'2026-05-20 13:05:45'),(71,8,'sathuonline0788746659@gmail.com','user',1,'::1','Mozilla/5.0 (Windows NT 10.0; Win64; x64) AppleWebKit/537.36 (KHTML, like Gecko) Chrome/148.0.0.0 Safari/537.36',NULL,'2026-05-20 13:05:45'),(72,8,'sathuonline0788746659@gmail.com','user',1,'::1','Mozilla/5.0 (Windows NT 10.0; Win64; x64) AppleWebKit/537.36 (KHTML, like Gecko) Chrome/148.0.0.0 Safari/537.36',NULL,'2026-05-20 13:17:17'),(73,8,'sathuonline0788746659@gmail.com','user',1,'::1','Mozilla/5.0 (Windows NT 10.0; Win64; x64) AppleWebKit/537.36 (KHTML, like Gecko) Chrome/148.0.0.0 Safari/537.36',NULL,'2026-05-20 14:51:15'),(74,8,'sathuonline0788746659@gmail.com','user',1,'::1','Mozilla/5.0 (Windows NT 10.0; Win64; x64) AppleWebKit/537.36 (KHTML, like Gecko) Chrome/148.0.0.0 Safari/537.36',NULL,'2026-05-20 15:19:11'),(75,8,'sathuonline0788746659@gmail.com','user',1,'::1','Mozilla/5.0 (Windows NT 10.0; Win64; x64) AppleWebKit/537.36 (KHTML, like Gecko) Chrome/148.0.0.0 Safari/537.36',NULL,'2026-05-20 15:48:44'),(76,8,'sathuonline0788746659@gmail.com','user',1,'::1','Mozilla/5.0 (Windows NT 10.0; Win64; x64) AppleWebKit/537.36 (KHTML, like Gecko) Chrome/148.0.0.0 Safari/537.36',NULL,'2026-05-20 17:02:46'),(77,8,'sathuonline0788746659@gmail.com','user',1,'::1','Mozilla/5.0 (Windows NT 10.0; Win64; x64) AppleWebKit/537.36 (KHTML, like Gecko) Chrome/148.0.0.0 Safari/537.36',NULL,'2026-05-20 17:19:01'),(78,8,'sathuonline0788746659@gmail.com','user',1,'::1','Mozilla/5.0 (Windows NT 10.0; Win64; x64) AppleWebKit/537.36 (KHTML, like Gecko) Chrome/148.0.0.0 Safari/537.36',NULL,'2026-05-20 17:23:41'),(79,8,'sathuonline0788746659@gmail.com','user',1,'::1','Mozilla/5.0 (Windows NT 10.0; Win64; x64) AppleWebKit/537.36 (KHTML, like Gecko) Chrome/148.0.0.0 Safari/537.36',NULL,'2026-05-20 17:32:58'),(80,8,'sathuonline0788746659@gmail.com','user',1,'::1','Mozilla/5.0 (Windows NT 10.0; Win64; x64) AppleWebKit/537.36 (KHTML, like Gecko) Chrome/148.0.0.0 Safari/537.36',NULL,'2026-05-20 17:46:00'),(81,1,'minhmap3367@gmail.com','admin',1,'::1','Mozilla/5.0 (Windows NT 10.0; Win64; x64) AppleWebKit/537.36 (KHTML, like Gecko) Chrome/148.0.0.0 Safari/537.36',NULL,'2026-05-20 17:57:44'),(82,4,'memory3367@gmail.com','owner',1,'::1','Mozilla/5.0 (Windows NT 10.0; Win64; x64) AppleWebKit/537.36 (KHTML, like Gecko) Chrome/148.0.0.0 Safari/537.36',NULL,'2026-05-20 17:58:34'),(83,8,'sathuonline0788746659@gmail.com','user',1,'::1','Mozilla/5.0 (Windows NT 10.0; Win64; x64) AppleWebKit/537.36 (KHTML, like Gecko) Chrome/148.0.0.0 Safari/537.36',NULL,'2026-05-20 18:01:22'),(84,8,'sathuonline0788746659@gmail.com','user',1,'::1','Mozilla/5.0 (Windows NT 10.0; Win64; x64) AppleWebKit/537.36 (KHTML, like Gecko) Chrome/148.0.0.0 Safari/537.36',NULL,'2026-05-20 18:04:21'),(85,8,'sathuonline0788746659@gmail.com','user',1,'::1','Mozilla/5.0 (Windows NT 10.0; Win64; x64) AppleWebKit/537.36 (KHTML, like Gecko) Chrome/148.0.0.0 Safari/537.36',NULL,'2026-05-20 18:26:35'),(86,8,'sathuonline0788746659@gmail.com','user',1,'::1','Mozilla/5.0 (Windows NT 10.0; Win64; x64) AppleWebKit/537.36 (KHTML, like Gecko) Chrome/148.0.0.0 Safari/537.36',NULL,'2026-05-20 18:34:37'),(87,8,'sathuonline0788746659@gmail.com','user',1,'::1','Mozilla/5.0 (Windows NT 10.0; Win64; x64) AppleWebKit/537.36 (KHTML, like Gecko) Chrome/148.0.0.0 Safari/537.36',NULL,'2026-05-20 18:40:52'),(88,8,'sathuonline0788746659@gmail.com','user',1,'::1','Mozilla/5.0 (Windows NT 10.0; Win64; x64) AppleWebKit/537.36 (KHTML, like Gecko) Chrome/148.0.0.0 Safari/537.36',NULL,'2026-05-20 18:43:59'),(89,8,'sathuonline0788746659@gmail.com','user',1,'::1','Mozilla/5.0 (Windows NT 10.0; Win64; x64) AppleWebKit/537.36 (KHTML, like Gecko) Chrome/148.0.0.0 Safari/537.36',NULL,'2026-05-21 02:02:35'),(90,8,'sathuonline0788746659@gmail.com','user',1,'::1','Mozilla/5.0 (Windows NT 10.0; Win64; x64) AppleWebKit/537.36 (KHTML, like Gecko) Chrome/148.0.0.0 Safari/537.36',NULL,'2026-05-21 02:02:35'),(91,8,'sathuonline0788746659@gmail.com','user',1,'::1','Mozilla/5.0 (Windows NT 10.0; Win64; x64) AppleWebKit/537.36 (KHTML, like Gecko) Chrome/148.0.0.0 Safari/537.36',NULL,'2026-05-21 05:23:44'),(92,8,'sathuonline0788746659@gmail.com','user',1,'::1','Mozilla/5.0 (Windows NT 10.0; Win64; x64) AppleWebKit/537.36 (KHTML, like Gecko) Chrome/148.0.0.0 Safari/537.36',NULL,'2026-05-21 05:29:49'),(93,8,'sathuonline0788746659@gmail.com','user',1,'::1','Mozilla/5.0 (Windows NT 10.0; Win64; x64) AppleWebKit/537.36 (KHTML, like Gecko) Chrome/148.0.0.0 Safari/537.36',NULL,'2026-05-21 07:46:08'),(94,8,'sathuonline0788746659@gmail.com','user',1,'::1','Mozilla/5.0 (Windows NT 10.0; Win64; x64) AppleWebKit/537.36 (KHTML, like Gecko) Chrome/148.0.0.0 Safari/537.36',NULL,'2026-05-21 08:02:08'),(95,8,'sathuonline0788746659@gmail.com','user',1,'::1','Mozilla/5.0 (Windows NT 10.0; Win64; x64) AppleWebKit/537.36 (KHTML, like Gecko) Chrome/148.0.0.0 Safari/537.36',NULL,'2026-05-21 08:08:09'),(96,8,'sathuonline0788746659@gmail.com','user',1,'::1','Mozilla/5.0 (Windows NT 10.0; Win64; x64) AppleWebKit/537.36 (KHTML, like Gecko) Chrome/148.0.0.0 Safari/537.36',NULL,'2026-05-21 08:30:05'),(97,8,'sathuonline0788746659@gmail.com','user',1,'::1','Mozilla/5.0 (Windows NT 10.0; Win64; x64) AppleWebKit/537.36 (KHTML, like Gecko) Chrome/148.0.0.0 Safari/537.36',NULL,'2026-05-21 14:22:02'),(98,8,'sathuonline0788746659@gmail.com','user',1,'::1','Mozilla/5.0 (Windows NT 10.0; Win64; x64) AppleWebKit/537.36 (KHTML, like Gecko) Chrome/148.0.0.0 Safari/537.36',NULL,'2026-05-21 14:22:02'),(99,8,'sathuonline0788746659@gmail.com','user',1,'::1','Mozilla/5.0 (Windows NT 10.0; Win64; x64) AppleWebKit/537.36 (KHTML, like Gecko) Chrome/148.0.0.0 Safari/537.36',NULL,'2026-05-21 15:16:33'),(100,4,'memory3367@gmail.com','owner',1,'::1','Mozilla/5.0 (Windows NT 10.0; Win64; x64) AppleWebKit/537.36 (KHTML, like Gecko) Chrome/148.0.0.0 Safari/537.36',NULL,'2026-05-24 15:31:39'),(101,8,'sathuonline0788746659@gmail.com','user',1,'::1','Mozilla/5.0 (Windows NT 10.0; Win64; x64) AppleWebKit/537.36 (KHTML, like Gecko) Chrome/148.0.0.0 Safari/537.36',NULL,'2026-05-24 15:31:43'),(102,1,'minhmap3367@gmail.com','admin',1,'::1','Mozilla/5.0 (Windows NT 10.0; Win64; x64) AppleWebKit/537.36 (KHTML, like Gecko) Chrome/148.0.0.0 Safari/537.36',NULL,'2026-05-25 01:25:59'),(103,1,'minhmap3367@gmail.com','admin',1,'::1','Mozilla/5.0 (Windows NT 10.0; Win64; x64) AppleWebKit/537.36 (KHTML, like Gecko) Chrome/148.0.0.0 Safari/537.36',NULL,'2026-05-25 01:25:59'),(104,4,'memory3367@gmail.com','owner',1,'::1','Mozilla/5.0 (Windows NT 10.0; Win64; x64) AppleWebKit/537.36 (KHTML, like Gecko) Chrome/148.0.0.0 Safari/537.36',NULL,'2026-05-25 01:26:01'),(105,8,'sathuonline0788746659@gmail.com','user',1,'::1','Mozilla/5.0 (Windows NT 10.0; Win64; x64) AppleWebKit/537.36 (KHTML, like Gecko) Chrome/148.0.0.0 Safari/537.36',NULL,'2026-05-25 01:26:03'),(106,1,'minhmap3367@gmail.com','admin',1,'::1','Mozilla/5.0 (Windows NT 10.0; Win64; x64) AppleWebKit/537.36 (KHTML, like Gecko) Chrome/148.0.0.0 Safari/537.36',NULL,'2026-05-25 06:57:16'),(107,4,'memory3367@gmail.com','owner',1,'::1','Mozilla/5.0 (Windows NT 10.0; Win64; x64) AppleWebKit/537.36 (KHTML, like Gecko) Chrome/148.0.0.0 Safari/537.36',NULL,'2026-05-25 06:57:23'),(108,8,'sathuonline0788746659@gmail.com','user',1,'::1','Mozilla/5.0 (Windows NT 10.0; Win64; x64) AppleWebKit/537.36 (KHTML, like Gecko) Chrome/148.0.0.0 Safari/537.36',NULL,'2026-05-25 06:57:25'),(109,1,'minhmap3367@gmail.com','admin',1,'::1','Mozilla/5.0 (Windows NT 10.0; Win64; x64) AppleWebKit/537.36 (KHTML, like Gecko) Chrome/148.0.0.0 Safari/537.36',NULL,'2026-05-25 15:23:29'),(110,1,'minhmap3367@gmail.com','admin',1,'::1','Mozilla/5.0 (Windows NT 10.0; Win64; x64) AppleWebKit/537.36 (KHTML, like Gecko) Chrome/148.0.0.0 Safari/537.36',NULL,'2026-05-25 15:23:29'),(111,8,'sathuonline0788746659@gmail.com','user',1,'::1','Mozilla/5.0 (Windows NT 10.0; Win64; x64) AppleWebKit/537.36 (KHTML, like Gecko) Chrome/148.0.0.0 Safari/537.36',NULL,'2026-05-25 15:23:31'),(112,4,'memory3367@gmail.com','owner',1,'::1','Mozilla/5.0 (Windows NT 10.0; Win64; x64) AppleWebKit/537.36 (KHTML, like Gecko) Chrome/148.0.0.0 Safari/537.36',NULL,'2026-05-25 15:23:34'),(113,1,'minhmap3367@gmail.com','admin',1,'::1','Mozilla/5.0 (Windows NT 10.0; Win64; x64) AppleWebKit/537.36 (KHTML, like Gecko) Chrome/148.0.0.0 Safari/537.36',NULL,'2026-05-26 01:13:02'),(114,4,'memory3367@gmail.com','owner',1,'::1','Mozilla/5.0 (Windows NT 10.0; Win64; x64) AppleWebKit/537.36 (KHTML, like Gecko) Chrome/148.0.0.0 Safari/537.36',NULL,'2026-05-26 01:13:05'),(115,8,'sathuonline0788746659@gmail.com','user',1,'::1','Mozilla/5.0 (Windows NT 10.0; Win64; x64) AppleWebKit/537.36 (KHTML, like Gecko) Chrome/148.0.0.0 Safari/537.36',NULL,'2026-05-26 01:13:07'),(116,8,'sathuonline0788746659@gmail.com','user',1,'::1','Mozilla/5.0 (Windows NT 10.0; Win64; x64) AppleWebKit/537.36 (KHTML, like Gecko) Chrome/148.0.0.0 Safari/537.36',NULL,'2026-05-26 01:13:07'),(117,1,'minhmap3367@gmail.com','admin',1,'::1','Mozilla/5.0 (Windows NT 10.0; Win64; x64) AppleWebKit/537.36 (KHTML, like Gecko) Chrome/148.0.0.0 Safari/537.36',NULL,'2026-05-26 09:18:22'),(118,4,'memory3367@gmail.com','owner',1,'::1','Mozilla/5.0 (Windows NT 10.0; Win64; x64) AppleWebKit/537.36 (KHTML, like Gecko) Chrome/148.0.0.0 Safari/537.36',NULL,'2026-05-26 09:18:36'),(119,8,'sathuonline0788746659@gmail.com','user',1,'::1','Mozilla/5.0 (Windows NT 10.0; Win64; x64) AppleWebKit/537.36 (KHTML, like Gecko) Chrome/148.0.0.0 Safari/537.36',NULL,'2026-05-26 09:18:42'),(120,4,'memory3367@gmail.com','owner',1,'::1','Mozilla/5.0 (Windows NT 10.0; Win64; x64) AppleWebKit/537.36 (KHTML, like Gecko) Chrome/148.0.0.0 Safari/537.36',NULL,'2026-05-29 01:23:31'),(121,8,'sathuonline0788746659@gmail.com','user',1,'::1','Mozilla/5.0 (Windows NT 10.0; Win64; x64) AppleWebKit/537.36 (KHTML, like Gecko) Chrome/148.0.0.0 Safari/537.36',NULL,'2026-05-29 01:23:40'),(122,1,'minhmap3367@gmail.com','admin',1,'::1','Mozilla/5.0 (Windows NT 10.0; Win64; x64) AppleWebKit/537.36 (KHTML, like Gecko) Chrome/148.0.0.0 Safari/537.36',NULL,'2026-05-29 02:14:47'),(123,8,'sathuonline0788746659@gmail.com','user',1,'::ffff:127.0.0.1','Mozilla/5.0 (Windows NT 10.0; Win64; x64) AppleWebKit/537.36 (KHTML, like Gecko) Chrome/148.0.0.0 Safari/537.36',NULL,'2026-05-29 07:29:11'),(124,8,'sathuonline0788746659@gmail.com','user',1,'::1','Mozilla/5.0 (Windows NT 10.0; Win64; x64) AppleWebKit/537.36 (KHTML, like Gecko) Chrome/148.0.0.0 Safari/537.36',NULL,'2026-05-29 07:29:11'),(125,4,'memory3367@gmail.com','owner',1,'::1','Mozilla/5.0 (Windows NT 10.0; Win64; x64) AppleWebKit/537.36 (KHTML, like Gecko) Chrome/148.0.0.0 Safari/537.36',NULL,'2026-05-29 07:29:12'),(126,8,'sathuonline0788746659@gmail.com','user',1,'::1','Mozilla/5.0 (Windows NT 10.0; Win64; x64) AppleWebKit/537.36 (KHTML, like Gecko) Chrome/148.0.0.0 Safari/537.36',NULL,'2026-05-29 12:01:22'),(127,4,'memory3367@gmail.com','owner',1,'::1','Mozilla/5.0 (Windows NT 10.0; Win64; x64) AppleWebKit/537.36 (KHTML, like Gecko) Chrome/148.0.0.0 Safari/537.36',NULL,'2026-05-30 02:30:00'),(128,4,'memory3367@gmail.com','owner',1,'::1','Mozilla/5.0 (Windows NT 10.0; Win64; x64) AppleWebKit/537.36 (KHTML, like Gecko) Chrome/148.0.0.0 Safari/537.36',NULL,'2026-05-30 02:30:00'),(129,8,'sathuonline0788746659@gmail.com','user',1,'::1','Mozilla/5.0 (Windows NT 10.0; Win64; x64) AppleWebKit/537.36 (KHTML, like Gecko) Chrome/148.0.0.0 Safari/537.36',NULL,'2026-05-30 02:30:01'),(130,14,'NVF@gmail.com','employee',0,'::1','Mozilla/5.0 (Windows NT 10.0; Win64; x64) AppleWebKit/537.36 (KHTML, like Gecko) Chrome/148.0.0.0 Safari/537.36',NULL,'2026-05-30 03:45:07'),(131,14,'NVF@gmail.com','employee',1,'::1','Mozilla/5.0 (Windows NT 10.0; Win64; x64) AppleWebKit/537.36 (KHTML, like Gecko) Chrome/148.0.0.0 Safari/537.36',NULL,'2026-05-30 03:48:02'),(132,1,'minhmap3367@gmail.com','admin',1,'::1','Mozilla/5.0 (Windows NT 10.0; Win64; x64) AppleWebKit/537.36 (KHTML, like Gecko) Chrome/148.0.0.0 Safari/537.36',NULL,'2026-05-30 05:07:51'),(133,1,'minhmap3367@gmail.com','admin',1,'::1','Mozilla/5.0 (Windows NT 10.0; Win64; x64) AppleWebKit/537.36 (KHTML, like Gecko) Chrome/148.0.0.0 Safari/537.36',NULL,'2026-05-31 06:14:01'),(134,8,'sathuonline0788746659@gmail.com','user',1,'::1','Mozilla/5.0 (Windows NT 10.0; Win64; x64) AppleWebKit/537.36 (KHTML, like Gecko) Chrome/148.0.0.0 Safari/537.36',NULL,'2026-05-31 06:14:03'),(135,4,'memory3367@gmail.com','owner',1,'::1','Mozilla/5.0 (Windows NT 10.0; Win64; x64) AppleWebKit/537.36 (KHTML, like Gecko) Chrome/148.0.0.0 Safari/537.36',NULL,'2026-05-31 06:14:05'),(136,8,'sathuonline0788746659@gmail.com','user',1,'::1','Mozilla/5.0 (Windows NT 10.0; Win64; x64) AppleWebKit/537.36 (KHTML, like Gecko) Chrome/148.0.0.0 Safari/537.36',NULL,'2026-05-31 06:47:27'),(137,4,'memory3367@gmail.com','owner',1,'::1','Mozilla/5.0 (Windows NT 10.0; Win64; x64) AppleWebKit/537.36 (KHTML, like Gecko) Chrome/148.0.0.0 Safari/537.36',NULL,'2026-05-31 06:47:32'),(138,1,'minhmap3367@gmail.com','admin',1,'::ffff:127.0.0.1','Mozilla/5.0 (Windows NT 10.0; Win64; x64) AppleWebKit/537.36 (KHTML, like Gecko) Chrome/148.0.0.0 Safari/537.36',NULL,'2026-05-31 13:36:59'),(139,4,'memory3367@gmail.com','owner',1,'::1','Mozilla/5.0 (Windows NT 10.0; Win64; x64) AppleWebKit/537.36 (KHTML, like Gecko) Chrome/148.0.0.0 Safari/537.36',NULL,'2026-05-31 13:37:11'),(140,8,'sathuonline0788746659@gmail.com','user',1,'::1','Mozilla/5.0 (Windows NT 10.0; Win64; x64) AppleWebKit/537.36 (KHTML, like Gecko) Chrome/148.0.0.0 Safari/537.36',NULL,'2026-05-31 13:37:13'),(141,1,'minhmap3367@gmail.com','admin',1,'::1','Mozilla/5.0 (Windows NT 10.0; Win64; x64) AppleWebKit/537.36 (KHTML, like Gecko) Chrome/148.0.0.0 Safari/537.36',NULL,'2026-06-01 01:03:47'),(142,8,'sathuonline0788746659@gmail.com','user',1,'::1','Mozilla/5.0 (Windows NT 10.0; Win64; x64) AppleWebKit/537.36 (KHTML, like Gecko) Chrome/148.0.0.0 Safari/537.36',NULL,'2026-06-01 01:03:49'),(143,4,'memory3367@gmail.com','owner',1,'::1','Mozilla/5.0 (Windows NT 10.0; Win64; x64) AppleWebKit/537.36 (KHTML, like Gecko) Chrome/148.0.0.0 Safari/537.36',NULL,'2026-06-01 01:03:51'),(144,1,'minhmap3367@gmail.com','admin',1,'::1','Mozilla/5.0 (Windows NT 10.0; Win64; x64) AppleWebKit/537.36 (KHTML, like Gecko) Chrome/148.0.0.0 Safari/537.36',NULL,'2026-06-01 03:05:50'),(145,1,'minhmap3367@gmail.com','admin',1,'::1','Mozilla/5.0 (Windows NT 10.0; Win64; x64) AppleWebKit/537.36 (KHTML, like Gecko) Chrome/148.0.0.0 Safari/537.36',NULL,'2026-06-01 06:57:50'),(146,4,'memory3367@gmail.com','owner',1,'::1','Mozilla/5.0 (Windows NT 10.0; Win64; x64) AppleWebKit/537.36 (KHTML, like Gecko) Chrome/148.0.0.0 Safari/537.36',NULL,'2026-06-01 06:57:52'),(147,8,'sathuonline0788746659@gmail.com','user',1,'::1','Mozilla/5.0 (Windows NT 10.0; Win64; x64) AppleWebKit/537.36 (KHTML, like Gecko) Chrome/148.0.0.0 Safari/537.36',NULL,'2026-06-01 06:57:54'),(148,4,'memory3367@gmail.com','owner',1,'::1','Mozilla/5.0 (Windows NT 10.0; Win64; x64) AppleWebKit/537.36 (KHTML, like Gecko) Chrome/148.0.0.0 Safari/537.36',NULL,'2026-06-01 07:32:01'),(149,8,'sathuonline0788746659@gmail.com','user',1,'::1','Mozilla/5.0 (Windows NT 10.0; Win64; x64) AppleWebKit/537.36 (KHTML, like Gecko) Chrome/148.0.0.0 Safari/537.36',NULL,'2026-06-01 07:32:09'),(150,4,'memory3367@gmail.com','owner',1,'::1','Mozilla/5.0 (Windows NT 10.0; Win64; x64) AppleWebKit/537.36 (KHTML, like Gecko) Chrome/148.0.0.0 Safari/537.36',NULL,'2026-06-01 13:19:18'),(151,1,'minhmap3367@gmail.com','admin',1,'::1','Mozilla/5.0 (Windows NT 10.0; Win64; x64) AppleWebKit/537.36 (KHTML, like Gecko) Chrome/148.0.0.0 Safari/537.36',NULL,'2026-06-01 14:05:32'),(152,8,'sathuonline0788746659@gmail.com','user',1,'::1','Mozilla/5.0 (Windows NT 10.0; Win64; x64) AppleWebKit/537.36 (KHTML, like Gecko) Chrome/148.0.0.0 Safari/537.36',NULL,'2026-06-01 14:18:06'),(153,1,'minhmap3367@gmail.com','admin',1,'::1','Mozilla/5.0 (Windows NT 10.0; Win64; x64) AppleWebKit/537.36 (KHTML, like Gecko) Chrome/148.0.0.0 Safari/537.36',NULL,'2026-06-01 14:50:53'),(154,4,'memory3367@gmail.com','owner',1,'::1','Mozilla/5.0 (Windows NT 10.0; Win64; x64) AppleWebKit/537.36 (KHTML, like Gecko) Chrome/148.0.0.0 Safari/537.36',NULL,'2026-06-01 15:18:18');
/*!40000 ALTER TABLE `login_history` ENABLE KEYS */;
UNLOCK TABLES;

--
-- Table structure for table `otp_codes`
--

DROP TABLE IF EXISTS `otp_codes`;
/*!40101 SET @saved_cs_client     = @@character_set_client */;
/*!50503 SET character_set_client = utf8mb4 */;
CREATE TABLE `otp_codes` (
  `id` int NOT NULL AUTO_INCREMENT,
  `email` varchar(255) CHARACTER SET utf8mb4 COLLATE utf8mb4_general_ci DEFAULT NULL,
  `otp_code` varchar(10) NOT NULL,
  `type` enum('REGISTER','FORGOT_PASSWORD') NOT NULL,
  `expires_at` datetime NOT NULL,
  `is_used` tinyint(1) DEFAULT '0',
  `created_at` timestamp NULL DEFAULT CURRENT_TIMESTAMP,
  PRIMARY KEY (`id`),
  KEY `idx_email_otp` (`email`,`otp_code`)
) ENGINE=InnoDB DEFAULT CHARSET=utf8mb4 COLLATE=utf8mb4_0900_ai_ci;
/*!40101 SET character_set_client = @saved_cs_client */;

--
-- Dumping data for table `otp_codes`
--

LOCK TABLES `otp_codes` WRITE;
/*!40000 ALTER TABLE `otp_codes` DISABLE KEYS */;
/*!40000 ALTER TABLE `otp_codes` ENABLE KEYS */;
UNLOCK TABLES;

--
-- Table structure for table `owner_notification_dismissed`
--

DROP TABLE IF EXISTS `owner_notification_dismissed`;
/*!40101 SET @saved_cs_client     = @@character_set_client */;
/*!50503 SET character_set_client = utf8mb4 */;
CREATE TABLE `owner_notification_dismissed` (
  `notification_id` int NOT NULL,
  `owner_user_id` int NOT NULL,
  `dismissed_at` datetime NOT NULL DEFAULT CURRENT_TIMESTAMP,
  PRIMARY KEY (`notification_id`,`owner_user_id`),
  KEY `idx_owner_notification_dismissed_user` (`owner_user_id`),
  CONSTRAINT `fk_owner_notification_dismissed_notification` FOREIGN KEY (`notification_id`) REFERENCES `push_notifications` (`notification_id`) ON DELETE CASCADE,
  CONSTRAINT `fk_owner_notification_dismissed_user` FOREIGN KEY (`owner_user_id`) REFERENCES `users` (`user_id`) ON DELETE CASCADE
) ENGINE=InnoDB DEFAULT CHARSET=utf8mb4 COLLATE=utf8mb4_0900_ai_ci;
/*!40101 SET character_set_client = @saved_cs_client */;

--
-- Dumping data for table `owner_notification_dismissed`
--

LOCK TABLES `owner_notification_dismissed` WRITE;
/*!40000 ALTER TABLE `owner_notification_dismissed` DISABLE KEYS */;
INSERT INTO `owner_notification_dismissed` VALUES (2,4,'2026-05-25 08:26:12'),(3,4,'2026-05-25 08:26:12'),(4,4,'2026-05-25 08:26:12'),(5,4,'2026-05-25 08:26:12'),(6,4,'2026-05-25 08:26:12');
/*!40000 ALTER TABLE `owner_notification_dismissed` ENABLE KEYS */;
UNLOCK TABLES;

--
-- Table structure for table `owner_notification_reads`
--

DROP TABLE IF EXISTS `owner_notification_reads`;
/*!40101 SET @saved_cs_client     = @@character_set_client */;
/*!50503 SET character_set_client = utf8mb4 */;
CREATE TABLE `owner_notification_reads` (
  `notification_id` int NOT NULL,
  `owner_user_id` int NOT NULL,
  `read_at` datetime NOT NULL DEFAULT CURRENT_TIMESTAMP,
  PRIMARY KEY (`notification_id`,`owner_user_id`),
  KEY `idx_owner_notification_reads_user` (`owner_user_id`),
  CONSTRAINT `fk_owner_notification_reads_notification` FOREIGN KEY (`notification_id`) REFERENCES `push_notifications` (`notification_id`) ON DELETE CASCADE,
  CONSTRAINT `fk_owner_notification_reads_user` FOREIGN KEY (`owner_user_id`) REFERENCES `users` (`user_id`) ON DELETE CASCADE
) ENGINE=InnoDB DEFAULT CHARSET=utf8mb4 COLLATE=utf8mb4_0900_ai_ci;
/*!40101 SET character_set_client = @saved_cs_client */;

--
-- Dumping data for table `owner_notification_reads`
--

LOCK TABLES `owner_notification_reads` WRITE;
/*!40000 ALTER TABLE `owner_notification_reads` DISABLE KEYS */;
INSERT INTO `owner_notification_reads` VALUES (19,4,'2026-06-01 15:11:20');
/*!40000 ALTER TABLE `owner_notification_reads` ENABLE KEYS */;
UNLOCK TABLES;

--
-- Table structure for table `owner_profiles`
--

DROP TABLE IF EXISTS `owner_profiles`;
/*!40101 SET @saved_cs_client     = @@character_set_client */;
/*!50503 SET character_set_client = utf8mb4 */;
CREATE TABLE `owner_profiles` (
  `owner_id` int NOT NULL,
  `bank_account` varchar(50) NOT NULL,
  `bank_name` varchar(100) NOT NULL,
  `account_holder` varchar(255) NOT NULL,
  `qr_code` text,
  `contact_info` text,
  `business_license` varchar(255) DEFAULT NULL,
  `cccd_number` varchar(30) DEFAULT NULL,
  `cccd_front_url` text,
  `cccd_back_url` text,
  `membership_level` enum('basic','pro','vip') DEFAULT 'basic',
  `commission_rate` decimal(5,2) DEFAULT '2.50',
  `total_revenue` decimal(15,2) DEFAULT '0.00',
  `approval_status` enum('pending','approved','rejected') DEFAULT 'pending',
  `approved_at` timestamp NULL DEFAULT NULL,
  `approved_by` int DEFAULT NULL,
  `terms_accepted_at` timestamp NULL DEFAULT NULL,
  `terms_accepted_ip` varchar(64) DEFAULT NULL,
  `terms_accepted_user_agent` text,
  `terms_token` varchar(128) DEFAULT NULL,
  `terms_token_expires` datetime DEFAULT NULL,
  `created_at` timestamp NULL DEFAULT CURRENT_TIMESTAMP,
  `updated_at` timestamp NULL DEFAULT CURRENT_TIMESTAMP ON UPDATE CURRENT_TIMESTAMP,
  PRIMARY KEY (`owner_id`),
  KEY `idx_approval_status` (`approval_status`),
  KEY `idx_terms_token` (`terms_token`),
  KEY `owner_profiles_ibfk_2` (`approved_by`),
  CONSTRAINT `owner_profiles_ibfk_1` FOREIGN KEY (`owner_id`) REFERENCES `users` (`user_id`) ON DELETE CASCADE,
  CONSTRAINT `owner_profiles_ibfk_2` FOREIGN KEY (`approved_by`) REFERENCES `users` (`user_id`) ON DELETE SET NULL
) ENGINE=InnoDB DEFAULT CHARSET=utf8mb4 COLLATE=utf8mb4_0900_ai_ci;
/*!40101 SET character_set_client = @saved_cs_client */;

--
-- Dumping data for table `owner_profiles`
--

LOCK TABLES `owner_profiles` WRITE;
/*!40000 ALTER TABLE `owner_profiles` DISABLE KEYS */;
INSERT INTO `owner_profiles` VALUES (4,'1030549759','Vietcombank','Minh','https://img.vietqr.io/image/970436-1030549759-qr_only.png?addInfo=Checkin',NULL,NULL,NULL,NULL,NULL,'basic',1.50,0.00,'approved','2026-02-02 17:37:20',1,NULL,NULL,NULL,NULL,NULL,'2026-02-02 17:37:13','2026-02-25 11:53:28');
/*!40000 ALTER TABLE `owner_profiles` ENABLE KEYS */;
UNLOCK TABLES;

--
-- Table structure for table `owner_violations`
--

DROP TABLE IF EXISTS `owner_violations`;
/*!40101 SET @saved_cs_client     = @@character_set_client */;
/*!50503 SET character_set_client = utf8mb4 */;
CREATE TABLE `owner_violations` (
  `violation_id` int NOT NULL AUTO_INCREMENT,
  `owner_id` int NOT NULL,
  `title` varchar(255) NOT NULL,
  `description` text,
  `severity` enum('low','medium','high','critical') NOT NULL DEFAULT 'medium',
  `created_by` int DEFAULT NULL,
  `created_at` timestamp NULL DEFAULT CURRENT_TIMESTAMP,
  PRIMARY KEY (`violation_id`),
  KEY `idx_violation_owner` (`owner_id`),
  KEY `idx_violation_created` (`created_at`),
  KEY `owner_violations_admin_fk` (`created_by`),
  CONSTRAINT `owner_violations_admin_fk` FOREIGN KEY (`created_by`) REFERENCES `users` (`user_id`) ON DELETE SET NULL,
  CONSTRAINT `owner_violations_owner_fk` FOREIGN KEY (`owner_id`) REFERENCES `users` (`user_id`) ON DELETE CASCADE
) ENGINE=InnoDB DEFAULT CHARSET=utf8mb4 COLLATE=utf8mb4_0900_ai_ci;
/*!40101 SET character_set_client = @saved_cs_client */;

--
-- Dumping data for table `owner_violations`
--

LOCK TABLES `owner_violations` WRITE;
/*!40000 ALTER TABLE `owner_violations` DISABLE KEYS */;
/*!40000 ALTER TABLE `owner_violations` ENABLE KEYS */;
UNLOCK TABLES;

--
-- Table structure for table `payments`
--

DROP TABLE IF EXISTS `payments`;
/*!40101 SET @saved_cs_client     = @@character_set_client */;
/*!50503 SET character_set_client = utf8mb4 */;
CREATE TABLE `payments` (
  `payment_id` int NOT NULL AUTO_INCREMENT,
  `user_id` int DEFAULT NULL,
  `location_id` int NOT NULL,
  `booking_id` int DEFAULT NULL,
  `amount` decimal(15,2) NOT NULL,
  `transaction_source` enum('online_booking','onsite_pos') NOT NULL DEFAULT 'onsite_pos',
  `commission_rate` decimal(5,2) DEFAULT '2.50',
  `commission_amount` decimal(15,2) NOT NULL,
  `vat_rate` decimal(5,2) DEFAULT '10.00',
  `vat_amount` decimal(15,2) NOT NULL,
  `owner_receivable` decimal(15,2) NOT NULL,
  `payment_method` varchar(50) DEFAULT 'VietQR',
  `transaction_code` varchar(255) DEFAULT NULL,
  `qr_data` text,
  `payment_time` timestamp NULL DEFAULT CURRENT_TIMESTAMP,
  `performed_by_user_id` int DEFAULT NULL,
  `performed_by_role` enum('owner','employee','user') DEFAULT NULL,
  `performed_by_name` varchar(255) DEFAULT NULL,
  `reconciled_at` timestamp NULL DEFAULT NULL,
  `reconciled_by` int DEFAULT NULL,
  `status` enum('pending','completed','failed','refunded') DEFAULT 'pending',
  `notes` text,
  PRIMARY KEY (`payment_id`),
  UNIQUE KEY `transaction_code` (`transaction_code`),
  KEY `idx_user` (`user_id`),
  KEY `idx_payments_transaction_source` (`transaction_source`),
  KEY `idx_payments_performed_by_user` (`performed_by_user_id`),
  KEY `payments_ibfk_2` (`location_id`),
  KEY `payments_ibfk_3` (`booking_id`),
  KEY `fk_payment_reconciled` (`reconciled_by`),
  KEY `idx_payments_status_time` (`status`,`payment_time`),
  CONSTRAINT `fk_payment_performed_by` FOREIGN KEY (`performed_by_user_id`) REFERENCES `users` (`user_id`) ON DELETE SET NULL,
  CONSTRAINT `fk_payment_reconciled` FOREIGN KEY (`reconciled_by`) REFERENCES `users` (`user_id`) ON DELETE SET NULL,
  CONSTRAINT `payments_ibfk_1` FOREIGN KEY (`user_id`) REFERENCES `users` (`user_id`) ON DELETE SET NULL,
  CONSTRAINT `payments_ibfk_2` FOREIGN KEY (`location_id`) REFERENCES `locations` (`location_id`) ON DELETE RESTRICT,
  CONSTRAINT `payments_ibfk_3` FOREIGN KEY (`booking_id`) REFERENCES `bookings` (`booking_id`) ON DELETE SET NULL
) ENGINE=InnoDB AUTO_INCREMENT=113 DEFAULT CHARSET=utf8mb4 COLLATE=utf8mb4_0900_ai_ci;
/*!40101 SET character_set_client = @saved_cs_client */;

--
-- Dumping data for table `payments`
--

LOCK TABLES `payments` WRITE;
/*!40000 ALTER TABLE `payments` DISABLE KEYS */;
INSERT INTO `payments` VALUES (1,8,1,2,72000.00,'online_booking',2.00,1440.00,10.00,144.00,70416.00,'BankTransfer',NULL,'{\"bank_name\":\"Vietcombank\",\"bank_account\":\"1030549759\",\"account_holder\":\"Minh\",\"bank_bin\":\"970436\",\"amount\":72000,\"add_info\":\"Cafe Trung Nguyên - Cảm ơn quý khách\",\"qr_code_url\":\"https://img.vietqr.io/image/970436-1030549759-qr_only.png?amount=72000&addInfo=Cafe%20Trung%20Nguyen%20-%20Cam%20on%20quy%20khach\",\"pos_order_id\":1}','2026-05-29 12:38:52',8,'user','Nhựt Minh - 0869378427 - 2026-05-29T12:38:11.000Z',NULL,NULL,'completed','{\"transaction_source\":\"online_booking\",\"service_type\":\"food\",\"location_id\":1,\"location_name\":\"Cafe Trung Nguyên\",\"owner_id\":4,\"owner_name\":\"Minh\",\"booking_id\":2,\"pos_order_id\":1,\"table_id\":22,\"table_name\":\"Bàn 2\",\"voucher_code\":null,\"amount\":72000,\"items\":[{\"service_id\":2,\"service_name\":\"Cafe Sữa\",\"quantity\":1,\"unit_price\":20000,\"line_total\":20000},{\"service_id\":1,\"service_name\":\"Cafe đen\",\"quantity\":1,\"unit_price\":17000,\"line_total\":17000},{\"service_id\":4,\"service_name\":\"Combo đi làm\",\"quantity\":1,\"unit_price\":35000,\"line_total\":35000}],\"total_qty\":3,\"prepaid_amount\":0,\"prepaid_items\":[],\"performed_by\":{\"role\":\"user\",\"user_id\":8,\"name\":\"Nhựt Minh - 0869378427 - 2026-05-29T12:38:11.000Z\",\"phone\":\"0869378427\",\"booked_at\":\"2026-05-29T12:38:11.000Z\"},\"processed_by\":{\"user_id\":4,\"role\":\"owner\",\"name\":\"Minh\"},\"created_by\":4}'),(2,8,1,3,51000.00,'online_booking',2.00,1020.00,10.00,102.00,49878.00,'VietQR','BK-3-1780059148998-07df60','{\"bank_name\":\"Vietcombank\",\"bank_account\":\"1030549759\",\"account_holder\":\"Minh\",\"amount\":51000,\"content\":\"Cafe Trung Nguyên - Cảm ơn quý khách\",\"transaction_code\":\"BK-3-1780059148998-07df60\"}','2026-05-29 12:53:47',4,'owner','Minh',NULL,NULL,'completed','{\"transaction_source\":\"online_booking\",\"service_type\":\"table\",\"booking_id\":3,\"location_id\":1,\"table_names\":\"Bàn 1\",\"invoice_ready\":true,\"created_at\":\"2026-05-29T12:52:29.002Z\",\"reminder\":\"Đã thanh toán nếu có vấn đề phát sinh hay không tới bị hủy thì tiền không được hoàn lại\",\"pos_order_id\":2,\"table_name\":\"Bàn 1\",\"items\":[{\"service_id\":1,\"service_name\":\"Cafe đen\",\"quantity\":3,\"unit_price\":17000,\"line_total\":51000}],\"total_qty\":3,\"arrived_at\":\"2026-05-29T12:53:47.936Z\",\"performed_by\":{\"role\":\"owner\",\"user_id\":4,\"name\":\"Minh\",\"phone\":null},\"processed_by\":{\"user_id\":4,\"role\":\"owner\",\"name\":\"Minh\"}}'),(3,8,1,3,0.00,'online_booking',2.00,0.00,10.00,0.00,0.00,'BankTransfer',NULL,NULL,'2026-05-29 12:54:00',8,'user','Nhựt Minh - 0869378427 - 2026-05-29T12:52:28.000Z',NULL,NULL,'completed','{\"transaction_source\":\"online_booking\",\"service_type\":\"food\",\"location_id\":1,\"location_name\":\"Cafe Trung Nguyên\",\"owner_id\":4,\"owner_name\":\"Minh\",\"booking_id\":3,\"pos_order_id\":3,\"table_id\":21,\"table_name\":\"Bàn 1\",\"voucher_code\":null,\"amount\":0,\"items\":[],\"total_qty\":0,\"prepaid_amount\":51000,\"prepaid_items\":[{\"service_id\":1,\"service_name\":\"Cafe đen\",\"quantity\":3,\"unit_price\":17000,\"line_total\":51000}],\"performed_by\":{\"role\":\"user\",\"user_id\":8,\"name\":\"Nhựt Minh - 0869378427 - 2026-05-29T12:52:28.000Z\",\"phone\":\"0869378427\",\"booked_at\":\"2026-05-29T12:52:28.000Z\"},\"processed_by\":{\"user_id\":4,\"role\":\"owner\",\"name\":\"Minh\"},\"created_by\":4,\"settlement_type\":\"prepaid_only\"}'),(4,8,1,4,72000.00,'online_booking',2.00,1440.00,10.00,144.00,70416.00,'Cash',NULL,NULL,'2026-05-29 13:24:38',8,'user','Nhựt Minh - 0869378427 - 2026-05-29T13:12:56.000Z',NULL,NULL,'completed','{\"transaction_source\":\"online_booking\",\"service_type\":\"food\",\"location_id\":1,\"location_name\":\"Cafe Trung Nguyên\",\"owner_id\":4,\"owner_name\":\"Minh\",\"booking_id\":4,\"pos_order_id\":6,\"table_id\":21,\"table_name\":\"Bàn 1\",\"voucher_code\":null,\"amount\":72000,\"items\":[{\"service_id\":1,\"service_name\":\"Cafe đen\",\"quantity\":1,\"unit_price\":17000,\"line_total\":17000},{\"service_id\":2,\"service_name\":\"Cafe Sữa\",\"quantity\":1,\"unit_price\":20000,\"line_total\":20000},{\"service_id\":4,\"service_name\":\"Combo đi làm\",\"quantity\":1,\"unit_price\":35000,\"line_total\":35000}],\"total_qty\":3,\"prepaid_amount\":0,\"prepaid_items\":[],\"performed_by\":{\"role\":\"user\",\"user_id\":8,\"name\":\"Nhựt Minh - 0869378427 - 2026-05-29T13:12:56.000Z\",\"phone\":\"0869378427\",\"booked_at\":\"2026-05-29T13:12:56.000Z\"},\"processed_by\":{\"user_id\":4,\"role\":\"owner\",\"name\":\"Minh\"},\"created_by\":4}'),(5,8,1,6,70000.00,'online_booking',2.00,1400.00,10.00,140.00,68460.00,'BankTransfer',NULL,'{\"bank_name\":\"Vietcombank\",\"bank_account\":\"1030549759\",\"account_holder\":\"Minh\",\"bank_bin\":\"970436\",\"amount\":70000,\"add_info\":\"Cafe Trung Nguyên - Cảm ơn quý khách\",\"qr_code_url\":\"https://img.vietqr.io/image/970436-1030549759-qr_only.png?amount=70000&addInfo=Cafe%20Trung%20Nguyen%20-%20Cam%20on%20quy%20khach\",\"pos_order_id\":4}','2026-05-29 13:24:46',8,'user','Nhựt Minh - 0869378427 - 2026-05-29T13:13:01.000Z',NULL,NULL,'completed','{\"transaction_source\":\"online_booking\",\"service_type\":\"food\",\"location_id\":1,\"location_name\":\"Cafe Trung Nguyên\",\"owner_id\":4,\"owner_name\":\"Minh\",\"booking_id\":6,\"pos_order_id\":4,\"table_id\":23,\"table_name\":\"Bàn 3\",\"voucher_code\":null,\"amount\":70000,\"items\":[{\"service_id\":2,\"service_name\":\"Cafe Sữa\",\"quantity\":1,\"unit_price\":20000,\"line_total\":20000},{\"service_id\":4,\"service_name\":\"Combo đi làm\",\"quantity\":1,\"unit_price\":35000,\"line_total\":35000},{\"service_id\":17,\"service_name\":\"Cafe Cam\",\"quantity\":1,\"unit_price\":15000,\"line_total\":15000}],\"total_qty\":3,\"prepaid_amount\":0,\"prepaid_items\":[],\"performed_by\":{\"role\":\"user\",\"user_id\":8,\"name\":\"Nhựt Minh - 0869378427 - 2026-05-29T13:13:01.000Z\",\"phone\":\"0869378427\",\"booked_at\":\"2026-05-29T13:13:01.000Z\"},\"processed_by\":{\"user_id\":4,\"role\":\"owner\",\"name\":\"Minh\"},\"created_by\":4}'),(6,8,1,5,131000.00,'online_booking',2.00,2620.00,10.00,262.00,128118.00,'Cash',NULL,NULL,'2026-05-29 13:24:53',8,'user','Nhựt Minh - 0869378427 - 2026-05-29T13:12:59.000Z',NULL,NULL,'completed','{\"transaction_source\":\"online_booking\",\"service_type\":\"food\",\"location_id\":1,\"location_name\":\"Cafe Trung Nguyên\",\"owner_id\":4,\"owner_name\":\"Minh\",\"booking_id\":5,\"pos_order_id\":5,\"table_id\":22,\"table_name\":\"Bàn 2\",\"voucher_code\":null,\"amount\":131000,\"items\":[{\"service_id\":3,\"service_name\":\"Trà Đào\",\"quantity\":1,\"unit_price\":23000,\"line_total\":23000},{\"service_id\":15,\"service_name\":\"Bánh cheesecake Chanh Dây Phô Mai\",\"quantity\":1,\"unit_price\":100000,\"line_total\":100000},{\"service_id\":16,\"service_name\":\"Bánh Sừng Trâu\",\"quantity\":1,\"unit_price\":8000,\"line_total\":8000}],\"total_qty\":3,\"prepaid_amount\":0,\"prepaid_items\":[],\"performed_by\":{\"role\":\"user\",\"user_id\":8,\"name\":\"Nhựt Minh - 0869378427 - 2026-05-29T13:12:59.000Z\",\"phone\":\"0869378427\",\"booked_at\":\"2026-05-29T13:12:59.000Z\"},\"processed_by\":{\"user_id\":4,\"role\":\"owner\",\"name\":\"Minh\"},\"created_by\":4}'),(7,NULL,1,NULL,50000.00,'onsite_pos',0.00,0.00,0.00,0.00,50000.00,'Cash',NULL,NULL,'2026-05-29 13:25:06',4,'owner','Minh',NULL,NULL,'completed','{\"transaction_source\":\"onsite_pos\",\"service_type\":\"food\",\"location_id\":1,\"location_name\":\"Cafe Trung Nguyên\",\"owner_id\":4,\"owner_name\":\"Minh\",\"booking_id\":null,\"pos_order_id\":7,\"table_id\":22,\"table_name\":\"Bàn 2\",\"voucher_code\":null,\"amount\":50000,\"items\":[{\"service_id\":17,\"service_name\":\"Cafe Cam\",\"quantity\":1,\"unit_price\":15000,\"line_total\":15000},{\"service_id\":4,\"service_name\":\"Combo đi làm\",\"quantity\":1,\"unit_price\":35000,\"line_total\":35000}],\"total_qty\":2,\"prepaid_amount\":0,\"prepaid_items\":[],\"performed_by\":{\"role\":\"owner\",\"user_id\":4,\"name\":\"Minh\",\"phone\":null,\"booked_at\":null},\"processed_by\":{\"user_id\":4,\"role\":\"owner\",\"name\":\"Minh\"},\"created_by\":4}'),(8,NULL,1,NULL,20000.00,'onsite_pos',0.00,0.00,0.00,0.00,20000.00,'BankTransfer',NULL,'{\"bank_name\":\"Vietcombank\",\"bank_account\":\"1030549759\",\"account_holder\":\"Minh\",\"bank_bin\":\"970436\",\"amount\":20000,\"add_info\":\"Cafe Trung Nguyên - Cảm ơn quý khách\",\"qr_code_url\":\"https://img.vietqr.io/image/970436-1030549759-qr_only.png?amount=20000&addInfo=Cafe%20Trung%20Nguyen%20-%20Cam%20on%20quy%20khach\",\"pos_order_id\":8}','2026-05-29 13:25:14',4,'owner','Minh',NULL,NULL,'completed','{\"transaction_source\":\"onsite_pos\",\"service_type\":\"food\",\"location_id\":1,\"location_name\":\"Cafe Trung Nguyên\",\"owner_id\":4,\"owner_name\":\"Minh\",\"booking_id\":null,\"pos_order_id\":8,\"table_id\":23,\"table_name\":\"Bàn 3\",\"voucher_code\":null,\"amount\":20000,\"items\":[{\"service_id\":2,\"service_name\":\"Cafe Sữa\",\"quantity\":1,\"unit_price\":20000,\"line_total\":20000}],\"total_qty\":1,\"prepaid_amount\":0,\"prepaid_items\":[],\"performed_by\":{\"role\":\"owner\",\"user_id\":4,\"name\":\"Minh\",\"phone\":null,\"booked_at\":null},\"processed_by\":{\"user_id\":4,\"role\":\"owner\",\"name\":\"Minh\"},\"created_by\":4}'),(9,8,1,8,23000.00,'online_booking',2.00,460.00,10.00,46.00,22494.00,'VietQR','BK-8-1780061154275-09cc54','{\"bank_name\":\"Vietcombank\",\"bank_account\":\"1030549759\",\"account_holder\":\"Minh\",\"amount\":23000,\"content\":\"Cafe Trung Nguyên - Cảm ơn quý khách\",\"transaction_code\":\"BK-8-1780061154275-09cc54\"}','2026-05-29 13:33:07',4,'owner','Minh',NULL,NULL,'completed','{\"transaction_source\":\"online_booking\",\"service_type\":\"table\",\"booking_id\":8,\"location_id\":1,\"table_names\":\"Bàn 8\",\"invoice_ready\":true,\"created_at\":\"2026-05-29T13:25:54.276Z\",\"reminder\":\"Đã thanh toán nếu có vấn đề phát sinh hay không tới bị hủy thì tiền không được hoàn lại\",\"pos_order_id\":9,\"table_name\":\"Bàn 8\",\"items\":[{\"service_id\":3,\"service_name\":\"Trà Đào\",\"quantity\":1,\"unit_price\":23000,\"line_total\":23000}],\"total_qty\":1,\"arrived_at\":\"2026-05-29T13:33:07.478Z\",\"performed_by\":{\"role\":\"owner\",\"user_id\":4,\"name\":\"Minh\",\"phone\":null},\"processed_by\":{\"user_id\":4,\"role\":\"owner\",\"name\":\"Minh\"}}'),(10,8,1,9,45000.00,'online_booking',2.00,900.00,10.00,90.00,44010.00,'VietQR','BK-9-1780061166639-96323c','{\"bank_name\":\"Vietcombank\",\"bank_account\":\"1030549759\",\"account_holder\":\"Minh\",\"amount\":45000,\"content\":\"Cafe Trung Nguyên - Cảm ơn quý khách\",\"transaction_code\":\"BK-9-1780061166639-96323c\"}','2026-05-29 13:32:58',4,'owner','Minh',NULL,NULL,'completed','{\"transaction_source\":\"online_booking\",\"service_type\":\"table\",\"booking_id\":9,\"location_id\":1,\"table_names\":\"Bàn 11\",\"invoice_ready\":true,\"created_at\":\"2026-05-29T13:26:06.639Z\",\"reminder\":\"Đã thanh toán nếu có vấn đề phát sinh hay không tới bị hủy thì tiền không được hoàn lại\",\"pos_order_id\":10,\"table_name\":\"Bàn 11\",\"items\":[{\"service_id\":17,\"service_name\":\"Cafe Cam\",\"quantity\":3,\"unit_price\":15000,\"line_total\":45000}],\"total_qty\":3,\"arrived_at\":\"2026-05-29T13:32:58.720Z\",\"performed_by\":{\"role\":\"owner\",\"user_id\":4,\"name\":\"Minh\",\"phone\":null},\"processed_by\":{\"user_id\":4,\"role\":\"owner\",\"name\":\"Minh\"}}'),(11,8,1,10,34000.00,'online_booking',2.00,680.00,10.00,68.00,33252.00,'VietQR','BK-10-1780061182976-ecc526','{\"bank_name\":\"Vietcombank\",\"bank_account\":\"1030549759\",\"account_holder\":\"Minh\",\"amount\":34000,\"content\":\"Cafe Trung Nguyên - Cảm ơn quý khách\",\"transaction_code\":\"BK-10-1780061182976-ecc526\"}','2026-05-29 13:26:24',8,'user',NULL,NULL,NULL,'completed','{\"transaction_source\":\"online_booking\",\"service_type\":\"table\",\"booking_id\":10,\"location_id\":1,\"table_names\":\"Bàn 1\",\"invoice_ready\":false,\"created_at\":\"2026-05-29T13:26:22.976Z\",\"reminder\":\"Đã thanh toán nếu có vấn đề phát sinh hay không tới bị hủy thì tiền không được hoàn lại\"}'),(12,8,1,8,0.00,'online_booking',2.00,0.00,10.00,0.00,0.00,'BankTransfer',NULL,NULL,'2026-05-29 13:34:00',8,'user','Nhựt Minh - 0869378427 - 2026-05-29T13:25:54.000Z',NULL,NULL,'completed','{\"transaction_source\":\"online_booking\",\"service_type\":\"food\",\"location_id\":1,\"location_name\":\"Cafe Trung Nguyên\",\"owner_id\":4,\"owner_name\":\"Minh\",\"booking_id\":8,\"pos_order_id\":13,\"table_id\":28,\"table_name\":\"Bàn 8\",\"voucher_code\":null,\"amount\":0,\"items\":[],\"total_qty\":0,\"prepaid_amount\":23000,\"prepaid_items\":[{\"service_id\":3,\"service_name\":\"Trà Đào\",\"quantity\":1,\"unit_price\":23000,\"line_total\":23000}],\"performed_by\":{\"role\":\"user\",\"user_id\":8,\"name\":\"Nhựt Minh - 0869378427 - 2026-05-29T13:25:54.000Z\",\"phone\":\"0869378427\",\"booked_at\":\"2026-05-29T13:25:54.000Z\"},\"processed_by\":{\"user_id\":4,\"role\":\"owner\",\"name\":\"Minh\"},\"created_by\":4,\"settlement_type\":\"prepaid_only\"}'),(13,8,1,11,15000.00,'online_booking',2.00,300.00,10.00,30.00,14670.00,'VietQR','BK-11-1780061658742-eb317e','{\"bank_name\":\"Vietcombank\",\"bank_account\":\"1030549759\",\"account_holder\":\"Minh\",\"amount\":15000,\"content\":\"Cafe Trung Nguyên - Cảm ơn quý khách\",\"transaction_code\":\"BK-11-1780061658742-eb317e\"}','2026-05-29 13:34:34',4,'owner','Minh',NULL,NULL,'completed','{\"transaction_source\":\"online_booking\",\"service_type\":\"table\",\"booking_id\":11,\"location_id\":1,\"table_names\":\"Bàn 4\",\"invoice_ready\":true,\"created_at\":\"2026-05-29T13:34:18.744Z\",\"reminder\":\"Đã thanh toán nếu có vấn đề phát sinh hay không tới bị hủy thì tiền không được hoàn lại\",\"pos_order_id\":14,\"table_name\":\"Bàn 4\",\"items\":[{\"service_id\":17,\"service_name\":\"Cafe Cam\",\"quantity\":1,\"unit_price\":15000,\"line_total\":15000}],\"total_qty\":1,\"arrived_at\":\"2026-05-29T13:34:34.850Z\",\"performed_by\":{\"role\":\"owner\",\"user_id\":4,\"name\":\"Minh\",\"phone\":null},\"processed_by\":{\"user_id\":4,\"role\":\"owner\",\"name\":\"Minh\"}}'),(14,8,1,9,130000.00,'online_booking',2.00,2600.00,10.00,260.00,127140.00,'Cash',NULL,NULL,'2026-05-29 13:34:44',8,'user','Nhựt Minh - 0869378427 - 2026-05-29T13:26:06.000Z',NULL,NULL,'completed','{\"transaction_source\":\"online_booking\",\"service_type\":\"food\",\"location_id\":1,\"location_name\":\"Cafe Trung Nguyên\",\"owner_id\":4,\"owner_name\":\"Minh\",\"booking_id\":9,\"pos_order_id\":12,\"table_id\":41,\"table_name\":\"Bàn 11\",\"voucher_code\":null,\"amount\":130000,\"items\":[{\"service_id\":17,\"service_name\":\"Cafe Cam\",\"quantity\":1,\"unit_price\":15000,\"line_total\":15000},{\"service_id\":4,\"service_name\":\"Combo đi làm\",\"quantity\":1,\"unit_price\":35000,\"line_total\":35000},{\"service_id\":2,\"service_name\":\"Cafe Sữa\",\"quantity\":4,\"unit_price\":20000,\"line_total\":80000}],\"total_qty\":6,\"prepaid_amount\":45000,\"prepaid_items\":[{\"service_id\":17,\"service_name\":\"Cafe Cam\",\"quantity\":3,\"unit_price\":15000,\"line_total\":45000}],\"performed_by\":{\"role\":\"user\",\"user_id\":8,\"name\":\"Nhựt Minh - 0869378427 - 2026-05-29T13:26:06.000Z\",\"phone\":\"0869378427\",\"booked_at\":\"2026-05-29T13:26:06.000Z\"},\"processed_by\":{\"user_id\":4,\"role\":\"owner\",\"name\":\"Minh\"},\"created_by\":4}'),(15,8,1,11,20000.00,'online_booking',2.00,400.00,10.00,40.00,19560.00,'BankTransfer',NULL,'{\"bank_name\":\"Vietcombank\",\"bank_account\":\"1030549759\",\"account_holder\":\"Minh\",\"bank_bin\":\"970436\",\"amount\":20000,\"add_info\":\"Cafe Trung Nguyên - Cảm ơn quý khách\",\"qr_code_url\":\"https://img.vietqr.io/image/970436-1030549759-qr_only.png?amount=20000&addInfo=Cafe%20Trung%20Nguyen%20-%20Cam%20on%20quy%20khach\",\"pos_order_id\":15}','2026-05-29 13:34:54',8,'user','Nhựt Minh - 0869378427 - 2026-05-29T13:34:18.000Z',NULL,NULL,'completed','{\"transaction_source\":\"online_booking\",\"service_type\":\"food\",\"location_id\":1,\"location_name\":\"Cafe Trung Nguyên\",\"owner_id\":4,\"owner_name\":\"Minh\",\"booking_id\":11,\"pos_order_id\":15,\"table_id\":24,\"table_name\":\"Bàn 4\",\"voucher_code\":null,\"amount\":20000,\"items\":[{\"service_id\":2,\"service_name\":\"Cafe Sữa\",\"quantity\":1,\"unit_price\":20000,\"line_total\":20000}],\"total_qty\":1,\"prepaid_amount\":15000,\"prepaid_items\":[{\"service_id\":17,\"service_name\":\"Cafe Cam\",\"quantity\":1,\"unit_price\":15000,\"line_total\":15000}],\"performed_by\":{\"role\":\"user\",\"user_id\":8,\"name\":\"Nhựt Minh - 0869378427 - 2026-05-29T13:34:18.000Z\",\"phone\":\"0869378427\",\"booked_at\":\"2026-05-29T13:34:18.000Z\"},\"processed_by\":{\"user_id\":4,\"role\":\"owner\",\"name\":\"Minh\"},\"created_by\":4}'),(16,8,1,12,35000.00,'online_booking',2.00,700.00,10.00,70.00,34230.00,'VietQR','BK-12-1780062198647-700461','{\"bank_name\":\"Vietcombank\",\"bank_account\":\"1030549759\",\"account_holder\":\"Minh\",\"amount\":35000,\"content\":\"Cafe Trung Nguyên - Cảm ơn quý khách\",\"transaction_code\":\"BK-12-1780062198647-700461\"}','2026-05-29 13:49:40',4,'owner','Minh',NULL,NULL,'completed','{\"transaction_source\":\"online_booking\",\"service_type\":\"table\",\"booking_id\":12,\"location_id\":1,\"table_names\":\"Bàn 3\",\"invoice_ready\":true,\"created_at\":\"2026-05-29T13:43:18.648Z\",\"reminder\":\"Đã thanh toán nếu có vấn đề phát sinh hay không tới bị hủy thì tiền không được hoàn lại\",\"pos_order_id\":16,\"table_name\":\"Bàn 3\",\"items\":[{\"service_id\":4,\"service_name\":\"Combo đi làm\",\"quantity\":1,\"unit_price\":35000,\"line_total\":35000}],\"total_qty\":1,\"arrived_at\":\"2026-05-29T13:49:40.414Z\",\"performed_by\":{\"role\":\"owner\",\"user_id\":4,\"name\":\"Minh\",\"phone\":null},\"processed_by\":{\"user_id\":4,\"role\":\"owner\",\"name\":\"Minh\"}}'),(17,8,1,12,15000.00,'online_booking',2.00,300.00,10.00,30.00,14670.00,'Cash',NULL,NULL,'2026-05-29 13:49:55',8,'user','Nhựt Minh - 0869378427 - 2026-05-29T13:43:18.000Z',NULL,NULL,'completed','{\"transaction_source\":\"online_booking\",\"service_type\":\"food\",\"location_id\":1,\"location_name\":\"Cafe Trung Nguyên\",\"owner_id\":4,\"owner_name\":\"Minh\",\"booking_id\":12,\"pos_order_id\":17,\"table_id\":23,\"table_name\":\"Bàn 3\",\"voucher_code\":null,\"amount\":15000,\"items\":[{\"service_id\":17,\"service_name\":\"Cafe Cam\",\"quantity\":1,\"unit_price\":15000,\"line_total\":15000}],\"total_qty\":1,\"prepaid_amount\":35000,\"prepaid_items\":[{\"service_id\":4,\"service_name\":\"Combo đi làm\",\"quantity\":1,\"unit_price\":35000,\"line_total\":35000}],\"performed_by\":{\"role\":\"user\",\"user_id\":8,\"name\":\"Nhựt Minh - 0869378427 - 2026-05-29T13:43:18.000Z\",\"phone\":\"0869378427\",\"booked_at\":\"2026-05-29T13:43:18.000Z\"},\"processed_by\":{\"user_id\":4,\"role\":\"owner\",\"name\":\"Minh\"},\"created_by\":4}'),(18,8,2,14,2000.00,'online_booking',2.00,40.00,10.00,4.00,1956.00,'Cash',NULL,'{\"content\":\"HOTEL_CHECKOUT\",\"stay_id\":2,\"room_id\":42,\"location_id\":2,\"amount\":2000,\"method\":\"cash\",\"hotel_invoice\":{\"payment_id\":null,\"booking_id\":14,\"location_name\":\"Nhà Trọ Phú Mỹ\",\"owner_name\":\"Minh\",\"room_number\":\"Phòng 2\",\"guest_name\":\"Nhựt Minh\",\"guest_phone\":\"0869378427\",\"checkin_time\":\"2026-05-29T13:54:50.000Z\",\"checkout_time\":\"2026-05-29T13:55:01.303Z\",\"room_unit_price\":100000,\"actual_minutes\":1,\"actual_hours_ceil\":1,\"planned_hours_ceil\":24,\"overtime_hours\":0,\"surcharge_amount\":0,\"room_amount\":1666.67,\"items_amount\":0,\"subtotal\":1666.67,\"gross_amount\":1666.67,\"prepaid_payment_id\":null,\"prepaid_payment_method\":null,\"prepaid_amount\":0,\"onsite_amount\":2000,\"total_amount\":2000}}','2026-05-29 13:55:01',4,'owner','Minh',NULL,NULL,'completed','HOTEL_STAY:2'),(19,8,2,15,2000.00,'online_booking',2.00,40.00,10.00,4.00,1956.00,'BankTransfer',NULL,'{\"content\":\"HOTEL_CHECKOUT\",\"stay_id\":3,\"room_id\":45,\"location_id\":2,\"amount\":2000,\"method\":\"transfer\",\"hotel_invoice\":{\"payment_id\":null,\"booking_id\":15,\"location_name\":\"Nhà Trọ Phú Mỹ\",\"owner_name\":\"Minh\",\"room_number\":\"Phòng3\",\"guest_name\":\"Nhựt Minh\",\"guest_phone\":\"0869378427\",\"checkin_time\":\"2026-05-29T13:54:53.000Z\",\"checkout_time\":\"2026-05-29T13:55:06.337Z\",\"room_unit_price\":100000,\"actual_minutes\":1,\"actual_hours_ceil\":1,\"planned_hours_ceil\":24,\"overtime_hours\":0,\"surcharge_amount\":0,\"room_amount\":1666.67,\"items_amount\":0,\"subtotal\":1666.67,\"gross_amount\":1666.67,\"prepaid_payment_id\":null,\"prepaid_payment_method\":null,\"prepaid_amount\":0,\"onsite_amount\":2000,\"total_amount\":2000},\"bank\":{\"qr_code_url\":\"https://img.vietqr.io/image/970436-1030549759-qr_only.png?amount=2000&addInfo=Nha%20Tro%20Phu%20My%20-%20Cam%20on%20quy%20khach\",\"bank_name\":\"Vietcombank\",\"bank_account\":\"1030549759\",\"account_holder\":\"Minh\",\"bank_bin\":\"970436\",\"amount\":2000,\"note\":\"Nhà Trọ Phú Mỹ - Cảm ơn quý khách\"}}','2026-05-29 13:55:04',4,'owner','Minh',NULL,NULL,'completed','HOTEL_STAY:3'),(20,8,2,NULL,2400000.00,'online_booking',2.00,48000.00,10.00,4800.00,2347200.00,'VietQR','BKB-17-1780063263720-d2af00','{\"bank_name\":\"Vietcombank\",\"bank_account\":\"1030549759\",\"account_holder\":\"Minh\",\"amount\":2400000,\"content\":\"Thanh toán đặt phòng - Nhà Trọ Phú Mỹ\",\"transaction_code\":\"BKB-17-1780063263720-d2af00\",\"booking_ids\":[17],\"booking_scope\":\"room_batch\"}','2026-05-29 14:01:04',8,'user',NULL,NULL,NULL,'completed','BATCH_BOOKINGS:17'),(21,8,2,NULL,2400000.00,'online_booking',2.00,48000.00,10.00,4800.00,2347200.00,'VietQR','BKB-18-1780063267118-31ba7f','{\"bank_name\":\"Vietcombank\",\"bank_account\":\"1030549759\",\"account_holder\":\"Minh\",\"amount\":2400000,\"content\":\"Thanh toán đặt phòng - Nhà Trọ Phú Mỹ\",\"transaction_code\":\"BKB-18-1780063267118-31ba7f\",\"booking_ids\":[18],\"booking_scope\":\"room_batch\"}','2026-05-29 14:01:08',8,'user',NULL,NULL,NULL,'completed','BATCH_BOOKINGS:18'),(22,8,2,18,0.00,'online_booking',2.00,0.00,10.00,0.00,0.00,'BankTransfer',NULL,'{\"content\":\"HOTEL_CHECKOUT\",\"stay_id\":6,\"room_id\":46,\"location_id\":2,\"amount\":0,\"method\":\"transfer\",\"hotel_invoice\":{\"payment_id\":null,\"booking_id\":18,\"location_name\":\"Nhà Trọ Phú Mỹ\",\"owner_name\":\"Minh\",\"room_number\":\"Phòng4\",\"guest_name\":\"Nhựt Minh\",\"guest_phone\":\"0869378427\",\"checkin_time\":\"2026-05-29T14:09:11.000Z\",\"checkout_time\":\"2026-05-29T14:09:47.203Z\",\"room_unit_price\":100000,\"actual_minutes\":1,\"actual_hours_ceil\":1,\"planned_hours_ceil\":24,\"overtime_hours\":0,\"surcharge_amount\":0,\"room_amount\":1666.67,\"items_amount\":0,\"subtotal\":1666.67,\"gross_amount\":1666.67,\"prepaid_payment_id\":21,\"prepaid_payment_method\":\"VietQR\",\"prepaid_amount\":2400000,\"onsite_amount\":0,\"total_amount\":0},\"bank\":{\"qr_code_url\":\"https://img.vietqr.io/image/970436-1030549759-qr_only.png?amount=0&addInfo=Nha%20Tro%20Phu%20My%20-%20Cam%20on%20quy%20khach\",\"bank_name\":\"Vietcombank\",\"bank_account\":\"1030549759\",\"account_holder\":\"Minh\",\"bank_bin\":\"970436\",\"amount\":0,\"note\":\"Nhà Trọ Phú Mỹ - Cảm ơn quý khách\"}}','2026-05-29 14:09:19',4,'owner','Minh',NULL,NULL,'completed','HOTEL_STAY:6'),(23,8,3,19,500000.00,'online_booking',1.00,5000.00,10.00,500.00,494500.00,'VietQR','BK-19-1780063816080-48df39','{\"bank_name\":\"Vietcombank\",\"bank_account\":\"1030549759\",\"account_holder\":\"Minh\",\"amount\":500000,\"content\":\"Mua vé - Bờ Kè Sông Hậu\",\"transaction_code\":\"BK-19-1780063816080-48df39\",\"ticket_items\":[{\"service_id\":7,\"quantity\":5}],\"use_date\":\"2026-05-29 00:00:00\"}','2026-05-29 14:10:17',8,'user',NULL,NULL,NULL,'completed','{\"transaction_source\":\"online_booking\",\"service_type\":\"ticket\",\"booking_id\":19,\"location_id\":3,\"created_at\":\"2026-05-29T14:10:16.080Z\",\"reminder\":\"Đã thanh toán nếu có vấn đề phát sinh hay không tới bị hủy thì tiền không được hoàn lại\"}'),(24,8,3,20,100000.00,'online_booking',1.00,1000.00,10.00,100.00,98900.00,'VietQR','BK-20-1780064713264-327cf6','{\"bank_name\":\"Vietcombank\",\"bank_account\":\"1030549759\",\"account_holder\":\"Minh\",\"amount\":100000,\"content\":\"Mua vé - Bờ Kè Sông Hậu\",\"transaction_code\":\"BK-20-1780064713264-327cf6\",\"ticket_items\":[{\"service_id\":7,\"quantity\":1}],\"use_date\":\"2026-05-29 00:00:00\"}','2026-05-29 14:25:14',8,'user',NULL,NULL,NULL,'completed','{\"transaction_source\":\"online_booking\",\"service_type\":\"ticket\",\"booking_id\":20,\"location_id\":3,\"created_at\":\"2026-05-29T14:25:13.264Z\",\"reminder\":\"Đã thanh toán nếu có vấn đề phát sinh hay không tới bị hủy thì tiền không được hoàn lại\"}'),(25,8,3,21,50000.00,'online_booking',1.00,500.00,10.00,50.00,49450.00,'VietQR','BK-21-1780064717327-a2a003','{\"bank_name\":\"Vietcombank\",\"bank_account\":\"1030549759\",\"account_holder\":\"Minh\",\"amount\":50000,\"content\":\"Mua vé - Bờ Kè Sông Hậu\",\"transaction_code\":\"BK-21-1780064717327-a2a003\",\"ticket_items\":[{\"service_id\":8,\"quantity\":1}],\"use_date\":\"2026-05-29 00:00:00\"}','2026-05-29 14:25:18',8,'user',NULL,NULL,NULL,'completed','{\"transaction_source\":\"online_booking\",\"service_type\":\"ticket\",\"booking_id\":21,\"location_id\":3,\"created_at\":\"2026-05-29T14:25:17.327Z\",\"reminder\":\"Đã thanh toán nếu có vấn đề phát sinh hay không tới bị hủy thì tiền không được hoàn lại\"}'),(26,8,3,22,200000.00,'online_booking',1.00,2000.00,10.00,200.00,197800.00,'VietQR','BK-22-1780065040261-23a2d8','{\"bank_name\":\"Vietcombank\",\"bank_account\":\"1030549759\",\"account_holder\":\"Minh\",\"amount\":200000,\"content\":\"Mua vé - Bờ Kè Sông Hậu\",\"transaction_code\":\"BK-22-1780065040261-23a2d8\",\"ticket_items\":[{\"service_id\":8,\"quantity\":4}],\"use_date\":\"2026-05-29 00:00:00\"}','2026-05-29 14:30:41',8,'user',NULL,NULL,NULL,'completed','{\"transaction_source\":\"online_booking\",\"service_type\":\"ticket\",\"booking_id\":22,\"location_id\":3,\"created_at\":\"2026-05-29T14:30:40.261Z\",\"reminder\":\"Đã thanh toán nếu có vấn đề phát sinh hay không tới bị hủy thì tiền không được hoàn lại\"}'),(27,8,3,23,400000.00,'online_booking',1.00,4000.00,10.00,400.00,395600.00,'VietQR','BK-23-1780065553910-87218d','{\"bank_name\":\"Vietcombank\",\"bank_account\":\"1030549759\",\"account_holder\":\"Minh\",\"amount\":400000,\"content\":\"Mua vé - Bờ Kè Sông Hậu\",\"transaction_code\":\"BK-23-1780065553910-87218d\",\"ticket_items\":[{\"service_id\":7,\"quantity\":4}],\"use_date\":\"2026-05-29 00:00:00\"}','2026-05-29 14:39:15',8,'user',NULL,NULL,NULL,'completed','{\"transaction_source\":\"online_booking\",\"service_type\":\"ticket\",\"booking_id\":23,\"location_id\":3,\"created_at\":\"2026-05-29T14:39:13.910Z\",\"reminder\":\"Đã thanh toán nếu có vấn đề phát sinh hay không tới bị hủy thì tiền không được hoàn lại\"}'),(28,8,3,24,400000.00,'online_booking',1.00,4000.00,10.00,400.00,395600.00,'VietQR','BK-24-1780066036274-2aa08f','{\"bank_name\":\"Vietcombank\",\"bank_account\":\"1030549759\",\"account_holder\":\"Minh\",\"amount\":400000,\"content\":\"Mua vé - Bờ Kè Sông Hậu\",\"transaction_code\":\"BK-24-1780066036274-2aa08f\",\"ticket_items\":[{\"service_id\":7,\"quantity\":3},{\"service_id\":8,\"quantity\":2}],\"use_date\":\"2026-05-29 00:00:00\"}','2026-05-29 14:47:17',8,'user',NULL,NULL,NULL,'completed','{\"transaction_source\":\"online_booking\",\"service_type\":\"ticket\",\"booking_id\":24,\"location_id\":3,\"created_at\":\"2026-05-29T14:47:16.274Z\",\"reminder\":\"Đã thanh toán nếu có vấn đề phát sinh hay không tới bị hủy thì tiền không được hoàn lại\"}'),(29,8,3,25,150000.00,'online_booking',1.00,1500.00,10.00,150.00,148350.00,'VietQR','BK-25-1780066078253-1df7a1','{\"bank_name\":\"Vietcombank\",\"bank_account\":\"1030549759\",\"account_holder\":\"Minh\",\"amount\":150000,\"content\":\"Mua vé - Bờ Kè Sông Hậu\",\"transaction_code\":\"BK-25-1780066078253-1df7a1\",\"ticket_items\":[{\"service_id\":8,\"quantity\":3}],\"use_date\":\"2026-05-29 00:00:00\"}','2026-05-29 14:47:59',8,'user',NULL,NULL,NULL,'completed','{\"transaction_source\":\"online_booking\",\"service_type\":\"ticket\",\"booking_id\":25,\"location_id\":3,\"created_at\":\"2026-05-29T14:47:58.253Z\",\"reminder\":\"Đã thanh toán nếu có vấn đề phát sinh hay không tới bị hủy thì tiền không được hoàn lại\"}'),(30,8,3,26,300000.00,'online_booking',1.00,3000.00,10.00,300.00,296700.00,'VietQR','BK-26-1780066381962-72aa18','{\"bank_name\":\"Vietcombank\",\"bank_account\":\"1030549759\",\"account_holder\":\"Minh\",\"amount\":300000,\"content\":\"Mua vé - Bờ Kè Sông Hậu\",\"transaction_code\":\"BK-26-1780066381962-72aa18\",\"ticket_items\":[{\"service_id\":7,\"quantity\":2},{\"service_id\":8,\"quantity\":2}],\"use_date\":\"2026-05-29 00:00:00\"}','2026-05-29 14:53:03',8,'user',NULL,NULL,NULL,'completed','{\"transaction_source\":\"online_booking\",\"service_type\":\"ticket\",\"booking_id\":26,\"location_id\":3,\"created_at\":\"2026-05-29T14:53:01.962Z\",\"reminder\":\"Đã thanh toán nếu có vấn đề phát sinh hay không tới bị hủy thì tiền không được hoàn lại\"}'),(31,8,3,27,500000.00,'online_booking',1.00,5000.00,10.00,500.00,494500.00,'VietQR','BK-27-1780066414177-0f8cf4','{\"bank_name\":\"Vietcombank\",\"bank_account\":\"1030549759\",\"account_holder\":\"Minh\",\"amount\":500000,\"content\":\"Mua vé - Bờ Kè Sông Hậu\",\"transaction_code\":\"BK-27-1780066414177-0f8cf4\",\"ticket_items\":[{\"service_id\":7,\"quantity\":5}],\"use_date\":\"2026-05-29 00:00:00\"}','2026-05-29 14:53:35',8,'user',NULL,NULL,NULL,'completed','{\"transaction_source\":\"online_booking\",\"service_type\":\"ticket\",\"booking_id\":27,\"location_id\":3,\"created_at\":\"2026-05-29T14:53:34.177Z\",\"reminder\":\"Đã thanh toán nếu có vấn đề phát sinh hay không tới bị hủy thì tiền không được hoàn lại\"}'),(32,8,3,28,500000.00,'online_booking',1.00,5000.00,10.00,500.00,494500.00,'VietQR','BK-28-1780108279937-7ec6e4','{\"bank_name\":\"Vietcombank\",\"bank_account\":\"1030549759\",\"account_holder\":\"Minh\",\"amount\":500000,\"content\":\"Mua vé - Bờ Kè Sông Hậu\",\"transaction_code\":\"BK-28-1780108279937-7ec6e4\",\"ticket_items\":[{\"service_id\":7,\"quantity\":5}],\"use_date\":\"2026-06-02 00:00:00\"}','2026-05-30 02:31:20',8,'user',NULL,NULL,NULL,'completed','{\"transaction_source\":\"online_booking\",\"service_type\":\"ticket\",\"booking_id\":28,\"location_id\":3,\"created_at\":\"2026-05-30T02:31:19.937Z\",\"reminder\":\"Đã thanh toán nếu có vấn đề phát sinh hay không tới bị hủy thì tiền không được hoàn lại\"}'),(33,8,3,29,100000.00,'online_booking',1.00,1000.00,10.00,100.00,98900.00,'VietQR','BK-29-1780108312826-93bf46','{\"bank_name\":\"Vietcombank\",\"bank_account\":\"1030549759\",\"account_holder\":\"Minh\",\"amount\":100000,\"content\":\"Mua vé - Bờ Kè Sông Hậu\",\"transaction_code\":\"BK-29-1780108312826-93bf46\",\"ticket_items\":[{\"service_id\":7,\"quantity\":1}],\"use_date\":\"2026-05-30 00:00:00\"}','2026-05-30 02:31:53',8,'user',NULL,NULL,NULL,'completed','{\"transaction_source\":\"online_booking\",\"service_type\":\"ticket\",\"booking_id\":29,\"location_id\":3,\"created_at\":\"2026-05-30T02:31:52.826Z\",\"reminder\":\"Đã thanh toán nếu có vấn đề phát sinh hay không tới bị hủy thì tiền không được hoàn lại\"}'),(34,8,3,30,50000.00,'online_booking',1.00,500.00,10.00,50.00,49450.00,'VietQR','BK-30-1780108319359-18e6c5','{\"bank_name\":\"Vietcombank\",\"bank_account\":\"1030549759\",\"account_holder\":\"Minh\",\"amount\":50000,\"content\":\"Mua vé - Bờ Kè Sông Hậu\",\"transaction_code\":\"BK-30-1780108319359-18e6c5\",\"ticket_items\":[{\"service_id\":8,\"quantity\":1}],\"use_date\":\"2026-05-30 00:00:00\"}','2026-05-30 02:32:00',8,'user',NULL,NULL,NULL,'completed','{\"transaction_source\":\"online_booking\",\"service_type\":\"ticket\",\"booking_id\":30,\"location_id\":3,\"created_at\":\"2026-05-30T02:31:59.359Z\",\"reminder\":\"Đã thanh toán nếu có vấn đề phát sinh hay không tới bị hủy thì tiền không được hoàn lại\"}'),(35,8,3,31,1500000.00,'online_booking',1.00,15000.00,10.00,1500.00,1483500.00,'VietQR','BK-31-1780108384338-0f4252','{\"bank_name\":\"Vietcombank\",\"bank_account\":\"1030549759\",\"account_holder\":\"Minh\",\"amount\":1500000,\"content\":\"Mua vé - Bờ Kè Sông Hậu\",\"transaction_code\":\"BK-31-1780108384338-0f4252\",\"ticket_items\":[{\"service_id\":7,\"quantity\":10},{\"service_id\":8,\"quantity\":10}],\"use_date\":\"2026-05-30 00:00:00\"}','2026-05-30 02:33:05',8,'user',NULL,NULL,NULL,'completed','{\"transaction_source\":\"online_booking\",\"service_type\":\"ticket\",\"booking_id\":31,\"location_id\":3,\"created_at\":\"2026-05-30T02:33:04.338Z\",\"reminder\":\"Đã thanh toán nếu có vấn đề phát sinh hay không tới bị hủy thì tiền không được hoàn lại\"}'),(36,8,3,32,100000.00,'online_booking',1.00,1000.00,10.00,100.00,98900.00,'VietQR','BK-32-1780109914168-e164bd','{\"bank_name\":\"Vietcombank\",\"bank_account\":\"1030549759\",\"account_holder\":\"Minh\",\"amount\":100000,\"content\":\"Mua vé - Bờ Kè Sông Hậu\",\"transaction_code\":\"BK-32-1780109914168-e164bd\",\"ticket_items\":[{\"service_id\":7,\"quantity\":1}],\"use_date\":\"2026-05-30 00:00:00\"}','2026-05-30 02:58:35',8,'user',NULL,NULL,NULL,'completed','{\"transaction_source\":\"online_booking\",\"service_type\":\"ticket\",\"booking_id\":32,\"location_id\":3,\"created_at\":\"2026-05-30T02:58:34.168Z\",\"reminder\":\"Đã thanh toán nếu có vấn đề phát sinh hay không tới bị hủy thì tiền không được hoàn lại\"}'),(37,8,3,33,200000.00,'online_booking',1.00,2000.00,10.00,200.00,197800.00,'VietQR','BK-33-1780109919928-bb02fe','{\"bank_name\":\"Vietcombank\",\"bank_account\":\"1030549759\",\"account_holder\":\"Minh\",\"amount\":200000,\"content\":\"Mua vé - Bờ Kè Sông Hậu\",\"transaction_code\":\"BK-33-1780109919928-bb02fe\",\"ticket_items\":[{\"service_id\":7,\"quantity\":1},{\"service_id\":8,\"quantity\":2}],\"use_date\":\"2026-05-30 00:00:00\"}','2026-05-30 02:58:41',8,'user',NULL,NULL,NULL,'completed','{\"transaction_source\":\"online_booking\",\"service_type\":\"ticket\",\"booking_id\":33,\"location_id\":3,\"created_at\":\"2026-05-30T02:58:39.928Z\",\"reminder\":\"Đã thanh toán nếu có vấn đề phát sinh hay không tới bị hủy thì tiền không được hoàn lại\"}'),(38,8,3,34,1000000.00,'online_booking',1.00,10000.00,10.00,1000.00,989000.00,'VietQR','BK-34-1780110674892-eabae8','{\"bank_name\":\"Vietcombank\",\"bank_account\":\"1030549759\",\"account_holder\":\"Minh\",\"amount\":1000000,\"content\":\"Mua vé - Bờ Kè Sông Hậu\",\"transaction_code\":\"BK-34-1780110674892-eabae8\",\"ticket_items\":[{\"service_id\":7,\"quantity\":10}],\"use_date\":\"2026-06-02 00:00:00\"}','2026-05-30 03:11:15',8,'user',NULL,NULL,NULL,'completed','{\"transaction_source\":\"online_booking\",\"service_type\":\"ticket\",\"booking_id\":34,\"location_id\":3,\"created_at\":\"2026-05-30T03:11:14.892Z\",\"reminder\":\"Đã thanh toán nếu có vấn đề phát sinh hay không tới bị hủy thì tiền không được hoàn lại\"}'),(39,8,3,35,1500000.00,'online_booking',1.00,15000.00,10.00,1500.00,1483500.00,'VietQR','BK-35-1780110695083-dcad86','{\"bank_name\":\"Vietcombank\",\"bank_account\":\"1030549759\",\"account_holder\":\"Minh\",\"amount\":1500000,\"content\":\"Mua vé - Bờ Kè Sông Hậu\",\"transaction_code\":\"BK-35-1780110695083-dcad86\",\"ticket_items\":[{\"service_id\":7,\"quantity\":10},{\"service_id\":8,\"quantity\":10}],\"use_date\":\"2026-05-30 00:00:00\"}','2026-05-30 03:11:35',8,'user',NULL,NULL,NULL,'completed','{\"transaction_source\":\"online_booking\",\"service_type\":\"ticket\",\"booking_id\":35,\"location_id\":3,\"created_at\":\"2026-05-30T03:11:35.083Z\",\"reminder\":\"Đã thanh toán nếu có vấn đề phát sinh hay không tới bị hủy thì tiền không được hoàn lại\"}'),(40,8,3,36,50000.00,'online_booking',1.00,500.00,10.00,50.00,49450.00,'VietQR','BK-36-1780110756072-65bcab','{\"bank_name\":\"Vietcombank\",\"bank_account\":\"1030549759\",\"account_holder\":\"Minh\",\"amount\":50000,\"content\":\"Mua vé - Bờ Kè Sông Hậu\",\"transaction_code\":\"BK-36-1780110756072-65bcab\",\"ticket_items\":[{\"service_id\":8,\"quantity\":1}],\"use_date\":\"2026-05-30 00:00:00\"}','2026-05-30 03:12:36',8,'user',NULL,NULL,NULL,'completed','{\"transaction_source\":\"online_booking\",\"service_type\":\"ticket\",\"booking_id\":36,\"location_id\":3,\"created_at\":\"2026-05-30T03:12:36.072Z\",\"reminder\":\"Đã thanh toán nếu có vấn đề phát sinh hay không tới bị hủy thì tiền không được hoàn lại\"}'),(41,8,3,37,100000.00,'online_booking',1.00,1000.00,10.00,100.00,98900.00,'VietQR','BK-37-1780110773464-e42f5a','{\"bank_name\":\"Vietcombank\",\"bank_account\":\"1030549759\",\"account_holder\":\"Minh\",\"amount\":100000,\"content\":\"Mua vé - Bờ Kè Sông Hậu\",\"transaction_code\":\"BK-37-1780110773464-e42f5a\",\"ticket_items\":[{\"service_id\":7,\"quantity\":1}],\"use_date\":\"2026-05-30 00:00:00\"}','2026-05-30 03:12:54',8,'user',NULL,NULL,NULL,'completed','{\"transaction_source\":\"online_booking\",\"service_type\":\"ticket\",\"booking_id\":37,\"location_id\":3,\"created_at\":\"2026-05-30T03:12:53.464Z\",\"reminder\":\"Đã thanh toán nếu có vấn đề phát sinh hay không tới bị hủy thì tiền không được hoàn lại\"}'),(42,8,3,38,500000.00,'online_booking',1.00,5000.00,10.00,500.00,494500.00,'VietQR','BK-38-1780110778828-dd7802','{\"bank_name\":\"Vietcombank\",\"bank_account\":\"1030549759\",\"account_holder\":\"Minh\",\"amount\":500000,\"content\":\"Mua vé - Bờ Kè Sông Hậu\",\"transaction_code\":\"BK-38-1780110778828-dd7802\",\"ticket_items\":[{\"service_id\":7,\"quantity\":5}],\"use_date\":\"2026-05-30 00:00:00\"}','2026-05-30 03:12:59',8,'user',NULL,NULL,NULL,'completed','{\"transaction_source\":\"online_booking\",\"service_type\":\"ticket\",\"booking_id\":38,\"location_id\":3,\"created_at\":\"2026-05-30T03:12:58.828Z\",\"reminder\":\"Đã thanh toán nếu có vấn đề phát sinh hay không tới bị hủy thì tiền không được hoàn lại\"}'),(43,NULL,1,NULL,17000.00,'onsite_pos',0.00,0.00,0.00,0.00,17000.00,'Cash',NULL,NULL,'2026-05-31 06:48:28',4,'owner','Minh',NULL,NULL,'completed','{\"transaction_source\":\"onsite_pos\",\"service_type\":\"food\",\"location_id\":1,\"location_name\":\"Cafe Trung Nguyên\",\"owner_id\":4,\"owner_name\":\"Minh\",\"booking_id\":null,\"pos_order_id\":21,\"table_id\":21,\"table_name\":\"Bàn 1\",\"voucher_code\":null,\"amount\":17000,\"items\":[{\"service_id\":1,\"service_name\":\"Cafe đen\",\"quantity\":1,\"unit_price\":17000,\"line_total\":17000}],\"total_qty\":1,\"prepaid_amount\":0,\"prepaid_items\":[],\"performed_by\":{\"role\":\"owner\",\"user_id\":4,\"name\":\"Minh\",\"phone\":null,\"booked_at\":null},\"processed_by\":{\"user_id\":4,\"role\":\"owner\",\"name\":\"Minh\"},\"created_by\":4}'),(44,NULL,1,NULL,35000.00,'onsite_pos',0.00,0.00,0.00,0.00,35000.00,'BankTransfer',NULL,'{\"bank_name\":\"Vietcombank\",\"bank_account\":\"1030549759\",\"account_holder\":\"Minh\",\"bank_bin\":\"970436\",\"amount\":35000,\"add_info\":\"Cafe Trung Nguyên - Cảm ơn quý khách\",\"qr_code_url\":\"https://img.vietqr.io/image/970436-1030549759-qr_only.png?amount=35000&addInfo=Cafe%20Trung%20Nguyen%20-%20Cam%20on%20quy%20khach\",\"pos_order_id\":22}','2026-05-31 06:48:35',4,'owner','Minh',NULL,NULL,'completed','{\"transaction_source\":\"onsite_pos\",\"service_type\":\"food\",\"location_id\":1,\"location_name\":\"Cafe Trung Nguyên\",\"owner_id\":4,\"owner_name\":\"Minh\",\"booking_id\":null,\"pos_order_id\":22,\"table_id\":25,\"table_name\":\"Bàn 5\",\"voucher_code\":null,\"amount\":35000,\"items\":[{\"service_id\":4,\"service_name\":\"Combo đi làm\",\"quantity\":1,\"unit_price\":35000,\"line_total\":35000}],\"total_qty\":1,\"prepaid_amount\":0,\"prepaid_items\":[],\"performed_by\":{\"role\":\"owner\",\"user_id\":4,\"name\":\"Minh\",\"phone\":null,\"booked_at\":null},\"processed_by\":{\"user_id\":4,\"role\":\"owner\",\"name\":\"Minh\"},\"created_by\":4}'),(45,39,2,NULL,2000.00,'onsite_pos',2.00,40.00,10.00,4.00,1956.00,'BankTransfer',NULL,'{\"content\":\"HOTEL_CHECKOUT\",\"stay_id\":7,\"room_id\":45,\"location_id\":2,\"amount\":2000,\"method\":\"transfer\",\"hotel_invoice\":{\"payment_id\":null,\"booking_id\":null,\"location_name\":\"Nhà Trọ Phú Mỹ\",\"owner_name\":\"Minh\",\"room_number\":\"Phòng3\",\"guest_name\":\"Nhân\",\"guest_phone\":\"0987654321\",\"checkin_time\":\"2026-05-31T16:25:58.000Z\",\"checkout_time\":\"2026-05-31T16:26:51.023Z\",\"room_unit_price\":100000,\"actual_minutes\":1,\"actual_hours_ceil\":1,\"planned_hours_ceil\":24,\"overtime_hours\":0,\"surcharge_amount\":0,\"room_amount\":1666.67,\"items_amount\":0,\"subtotal\":1666.67,\"gross_amount\":1666.67,\"prepaid_payment_id\":null,\"prepaid_payment_method\":null,\"prepaid_amount\":0,\"onsite_amount\":2000,\"total_amount\":2000},\"bank\":{\"qr_code_url\":\"https://img.vietqr.io/image/970436-1030549759-qr_only.png?amount=2000&addInfo=Nha%20Tro%20Phu%20My%20-%20Cam%20on%20quy%20khach\",\"bank_name\":\"Vietcombank\",\"bank_account\":\"1030549759\",\"account_holder\":\"Minh\",\"bank_bin\":\"970436\",\"amount\":2000,\"note\":\"Nhà Trọ Phú Mỹ - Cảm ơn quý khách\"}}','2026-05-31 16:26:06',4,'owner','Minh',NULL,NULL,'completed','HOTEL_STAY:7'),(46,NULL,1,NULL,72000.00,'onsite_pos',0.00,0.00,0.00,0.00,72000.00,'Cash',NULL,NULL,'2026-06-01 01:19:58',4,'owner','Minh',NULL,NULL,'completed','{\"transaction_source\":\"onsite_pos\",\"service_type\":\"food\",\"location_id\":1,\"location_name\":\"Cafe Trung Nguyên\",\"owner_id\":4,\"owner_name\":\"Minh\",\"booking_id\":null,\"pos_order_id\":23,\"table_id\":21,\"table_name\":\"Bàn 1\",\"voucher_code\":null,\"amount\":72000,\"items\":[{\"service_id\":4,\"service_name\":\"Combo đi làm\",\"quantity\":1,\"unit_price\":35000,\"line_total\":35000},{\"service_id\":2,\"service_name\":\"Cafe Sữa\",\"quantity\":1,\"unit_price\":20000,\"line_total\":20000},{\"service_id\":1,\"service_name\":\"Cafe đen\",\"quantity\":1,\"unit_price\":17000,\"line_total\":17000}],\"total_qty\":3,\"prepaid_amount\":0,\"prepaid_items\":[],\"performed_by\":{\"role\":\"owner\",\"user_id\":4,\"name\":\"Minh\",\"phone\":null,\"booked_at\":null},\"processed_by\":{\"user_id\":4,\"role\":\"owner\",\"name\":\"Minh\"},\"created_by\":4}'),(47,NULL,1,NULL,140000.00,'onsite_pos',0.00,0.00,0.00,0.00,140000.00,'BankTransfer',NULL,'{\"bank_name\":\"Vietcombank\",\"bank_account\":\"1030549759\",\"account_holder\":\"Minh\",\"bank_bin\":\"970436\",\"amount\":140000,\"add_info\":\"Cafe Trung Nguyên - Cảm ơn quý khách\",\"qr_code_url\":\"https://img.vietqr.io/image/970436-1030549759-qr_only.png?amount=140000&addInfo=Cafe%20Trung%20Nguyen%20-%20Cam%20on%20quy%20khach\",\"pos_order_id\":24}','2026-06-01 01:20:07',4,'owner','Minh',NULL,NULL,'completed','{\"transaction_source\":\"onsite_pos\",\"service_type\":\"food\",\"location_id\":1,\"location_name\":\"Cafe Trung Nguyên\",\"owner_id\":4,\"owner_name\":\"Minh\",\"booking_id\":null,\"pos_order_id\":24,\"table_id\":23,\"table_name\":\"Bàn 3\",\"voucher_code\":null,\"amount\":140000,\"items\":[{\"service_id\":4,\"service_name\":\"Combo đi làm\",\"quantity\":4,\"unit_price\":35000,\"line_total\":140000}],\"total_qty\":4,\"prepaid_amount\":0,\"prepaid_items\":[],\"performed_by\":{\"role\":\"owner\",\"user_id\":4,\"name\":\"Minh\",\"phone\":null,\"booked_at\":null},\"processed_by\":{\"user_id\":4,\"role\":\"owner\",\"name\":\"Minh\"},\"created_by\":4}'),(48,8,1,39,60000.00,'online_booking',2.00,1200.00,10.00,120.00,58680.00,'VietQR','BK-39-1780276819781-9e78ee','{\"bank_name\":\"Vietcombank\",\"bank_account\":\"1030549759\",\"account_holder\":\"Minh\",\"amount\":60000,\"content\":\"Cafe Trung Nguyên - Cảm ơn quý khách\",\"transaction_code\":\"BK-39-1780276819781-9e78ee\"}','2026-06-01 01:20:19',8,'user',NULL,NULL,NULL,'pending','{\"transaction_source\":\"online_booking\",\"service_type\":\"table\",\"booking_id\":39,\"location_id\":1,\"table_names\":\"Bàn 1\",\"invoice_ready\":false,\"created_at\":\"2026-06-01T01:20:19.782Z\",\"reminder\":\"Đã thanh toán nếu có vấn đề phát sinh hay không tới bị hủy thì tiền không được hoàn lại\"}'),(49,8,1,40,30000.00,'online_booking',2.00,600.00,10.00,60.00,29340.00,'VietQR','BK-40-1780276845032-48f0b5','{\"bank_name\":\"Vietcombank\",\"bank_account\":\"1030549759\",\"account_holder\":\"Minh\",\"amount\":30000,\"content\":\"Cafe Trung Nguyên - Cảm ơn quý khách\",\"transaction_code\":\"BK-40-1780276845032-48f0b5\"}','2026-06-01 01:21:23',4,'owner','Minh',NULL,NULL,'completed','{\"transaction_source\":\"online_booking\",\"service_type\":\"table\",\"booking_id\":40,\"location_id\":1,\"table_names\":\"Bàn 1\",\"invoice_ready\":true,\"created_at\":\"2026-06-01T01:20:45.032Z\",\"reminder\":\"Đã thanh toán nếu có vấn đề phát sinh hay không tới bị hủy thì tiền không được hoàn lại\",\"pos_order_id\":26,\"table_name\":\"Bàn 1\",\"items\":[{\"service_id\":17,\"service_name\":\"Cafe Cam\",\"quantity\":2,\"unit_price\":15000,\"line_total\":30000}],\"total_qty\":2,\"arrived_at\":\"2026-06-01T01:21:23.185Z\",\"performed_by\":{\"role\":\"owner\",\"user_id\":4,\"name\":\"Minh\",\"phone\":null},\"processed_by\":{\"user_id\":4,\"role\":\"owner\",\"name\":\"Minh\"}}'),(50,8,1,40,0.00,'online_booking',2.00,0.00,10.00,0.00,0.00,'BankTransfer',NULL,NULL,'2026-06-01 01:21:29',8,'user','Nhựt Minh - 0869378427 - 2026-06-01T01:20:44.000Z',NULL,NULL,'completed','{\"transaction_source\":\"online_booking\",\"service_type\":\"food\",\"location_id\":1,\"location_name\":\"Cafe Trung Nguyên\",\"owner_id\":4,\"owner_name\":\"Minh\",\"booking_id\":40,\"pos_order_id\":27,\"table_id\":21,\"table_name\":\"Bàn 1\",\"voucher_code\":null,\"amount\":0,\"items\":[],\"total_qty\":0,\"prepaid_amount\":30000,\"prepaid_items\":[{\"service_id\":17,\"service_name\":\"Cafe Cam\",\"quantity\":2,\"unit_price\":15000,\"line_total\":30000}],\"performed_by\":{\"role\":\"user\",\"user_id\":8,\"name\":\"Nhựt Minh - 0869378427 - 2026-06-01T01:20:44.000Z\",\"phone\":\"0869378427\",\"booked_at\":\"2026-06-01T01:20:44.000Z\"},\"processed_by\":{\"user_id\":4,\"role\":\"owner\",\"name\":\"Minh\"},\"created_by\":4,\"settlement_type\":\"prepaid_only\"}'),(51,8,1,41,35000.00,'online_booking',2.00,700.00,10.00,70.00,34230.00,'VietQR','BK-41-1780276943597-ba2c46','{\"bank_name\":\"Vietcombank\",\"bank_account\":\"1030549759\",\"account_holder\":\"Minh\",\"amount\":35000,\"content\":\"Cafe Trung Nguyên - Cảm ơn quý khách\",\"transaction_code\":\"BK-41-1780276943597-ba2c46\"}','2026-06-01 01:23:04',4,'owner','Minh',NULL,NULL,'completed','{\"transaction_source\":\"online_booking\",\"service_type\":\"table\",\"booking_id\":41,\"location_id\":1,\"table_names\":\"Bàn 2\",\"invoice_ready\":true,\"created_at\":\"2026-06-01T01:22:23.597Z\",\"reminder\":\"Đã thanh toán nếu có vấn đề phát sinh hay không tới bị hủy thì tiền không được hoàn lại\",\"pos_order_id\":28,\"table_name\":\"Bàn 2\",\"items\":[{\"service_id\":4,\"service_name\":\"Combo đi làm\",\"quantity\":1,\"unit_price\":35000,\"line_total\":35000}],\"total_qty\":1,\"arrived_at\":\"2026-06-01T01:23:04.993Z\",\"performed_by\":{\"role\":\"owner\",\"user_id\":4,\"name\":\"Minh\",\"phone\":null},\"processed_by\":{\"user_id\":4,\"role\":\"owner\",\"name\":\"Minh\"}}'),(52,8,1,43,30000.00,'online_booking',2.00,600.00,10.00,60.00,29340.00,'VietQR','BK-43-1780276959987-28d050','{\"bank_name\":\"Vietcombank\",\"bank_account\":\"1030549759\",\"account_holder\":\"Minh\",\"amount\":30000,\"content\":\"Cafe Trung Nguyên - Cảm ơn quý khách\",\"transaction_code\":\"BK-43-1780276959987-28d050\"}','2026-06-01 01:23:12',4,'owner','Minh',NULL,NULL,'completed','{\"transaction_source\":\"online_booking\",\"service_type\":\"table\",\"booking_id\":43,\"location_id\":1,\"table_names\":\"Bàn 17\",\"invoice_ready\":true,\"created_at\":\"2026-06-01T01:22:39.988Z\",\"reminder\":\"Đã thanh toán nếu có vấn đề phát sinh hay không tới bị hủy thì tiền không được hoàn lại\",\"pos_order_id\":29,\"table_name\":\"Bàn 17\",\"items\":[{\"service_id\":17,\"service_name\":\"Cafe Cam\",\"quantity\":2,\"unit_price\":15000,\"line_total\":30000}],\"total_qty\":2,\"arrived_at\":\"2026-06-01T01:23:12.937Z\",\"performed_by\":{\"role\":\"owner\",\"user_id\":4,\"name\":\"Minh\",\"phone\":null},\"processed_by\":{\"user_id\":4,\"role\":\"owner\",\"name\":\"Minh\"}}'),(53,8,1,41,55000.00,'online_booking',2.00,1100.00,10.00,110.00,53790.00,'Cash',NULL,NULL,'2026-06-01 01:23:20',8,'user','Nhựt Minh - 0869378427 - 2026-06-01T01:22:23.000Z',NULL,NULL,'completed','{\"transaction_source\":\"online_booking\",\"service_type\":\"food\",\"location_id\":1,\"location_name\":\"Cafe Trung Nguyên\",\"owner_id\":4,\"owner_name\":\"Minh\",\"booking_id\":41,\"pos_order_id\":30,\"table_id\":22,\"table_name\":\"Bàn 2\",\"voucher_code\":null,\"amount\":55000,\"items\":[{\"service_id\":4,\"service_name\":\"Combo đi làm\",\"quantity\":1,\"unit_price\":35000,\"line_total\":35000},{\"service_id\":2,\"service_name\":\"Cafe Sữa\",\"quantity\":1,\"unit_price\":20000,\"line_total\":20000}],\"total_qty\":2,\"prepaid_amount\":35000,\"prepaid_items\":[{\"service_id\":4,\"service_name\":\"Combo đi làm\",\"quantity\":1,\"unit_price\":35000,\"line_total\":35000}],\"performed_by\":{\"role\":\"user\",\"user_id\":8,\"name\":\"Nhựt Minh - 0869378427 - 2026-06-01T01:22:23.000Z\",\"phone\":\"0869378427\",\"booked_at\":\"2026-06-01T01:22:23.000Z\"},\"processed_by\":{\"user_id\":4,\"role\":\"owner\",\"name\":\"Minh\"},\"created_by\":4}'),(54,8,1,42,55000.00,'online_booking',2.00,1100.00,10.00,110.00,53790.00,'BankTransfer',NULL,'{\"bank_name\":\"Vietcombank\",\"bank_account\":\"1030549759\",\"account_holder\":\"Minh\",\"bank_bin\":\"970436\",\"amount\":55000,\"add_info\":\"Cafe Trung Nguyên - Cảm ơn quý khách\",\"qr_code_url\":\"https://img.vietqr.io/image/970436-1030549759-qr_only.png?amount=55000&addInfo=Cafe%20Trung%20Nguyen%20-%20Cam%20on%20quy%20khach\",\"pos_order_id\":31}','2026-06-01 01:23:33',8,'user','Nhựt Minh - 0869378427 - 2026-06-01T01:22:32.000Z',NULL,NULL,'completed','{\"transaction_source\":\"online_booking\",\"service_type\":\"food\",\"location_id\":1,\"location_name\":\"Cafe Trung Nguyên\",\"owner_id\":4,\"owner_name\":\"Minh\",\"booking_id\":42,\"pos_order_id\":31,\"table_id\":46,\"table_name\":\"Bàn 16\",\"voucher_code\":null,\"amount\":55000,\"items\":[{\"service_id\":4,\"service_name\":\"Combo đi làm\",\"quantity\":1,\"unit_price\":35000,\"line_total\":35000},{\"service_id\":2,\"service_name\":\"Cafe Sữa\",\"quantity\":1,\"unit_price\":20000,\"line_total\":20000}],\"total_qty\":2,\"prepaid_amount\":0,\"prepaid_items\":[],\"performed_by\":{\"role\":\"user\",\"user_id\":8,\"name\":\"Nhựt Minh - 0869378427 - 2026-06-01T01:22:32.000Z\",\"phone\":\"0869378427\",\"booked_at\":\"2026-06-01T01:22:32.000Z\"},\"processed_by\":{\"user_id\":4,\"role\":\"owner\",\"name\":\"Minh\"},\"created_by\":4}'),(55,8,1,43,75000.00,'online_booking',2.00,1500.00,10.00,150.00,73350.00,'Cash',NULL,NULL,'2026-06-01 01:23:38',8,'user','Nhựt Minh - 0869378427 - 2026-06-01T01:22:39.000Z',NULL,NULL,'completed','{\"transaction_source\":\"online_booking\",\"service_type\":\"food\",\"location_id\":1,\"location_name\":\"Cafe Trung Nguyên\",\"owner_id\":4,\"owner_name\":\"Minh\",\"booking_id\":43,\"pos_order_id\":32,\"table_id\":47,\"table_name\":\"Bàn 17\",\"voucher_code\":null,\"amount\":75000,\"items\":[{\"service_id\":2,\"service_name\":\"Cafe Sữa\",\"quantity\":2,\"unit_price\":20000,\"line_total\":40000},{\"service_id\":4,\"service_name\":\"Combo đi làm\",\"quantity\":1,\"unit_price\":35000,\"line_total\":35000}],\"total_qty\":3,\"prepaid_amount\":30000,\"prepaid_items\":[{\"service_id\":17,\"service_name\":\"Cafe Cam\",\"quantity\":2,\"unit_price\":15000,\"line_total\":30000}],\"performed_by\":{\"role\":\"user\",\"user_id\":8,\"name\":\"Nhựt Minh - 0869378427 - 2026-06-01T01:22:39.000Z\",\"phone\":\"0869378427\",\"booked_at\":\"2026-06-01T01:22:39.000Z\"},\"processed_by\":{\"user_id\":4,\"role\":\"owner\",\"name\":\"Minh\"},\"created_by\":4}'),(56,NULL,1,NULL,20000.00,'onsite_pos',0.00,0.00,0.00,0.00,20000.00,'Cash',NULL,NULL,'2026-06-01 03:02:21',4,'owner','Minh',NULL,NULL,'completed','{\"transaction_source\":\"onsite_pos\",\"service_type\":\"food\",\"location_id\":1,\"location_name\":\"Cafe Trung Nguyên\",\"owner_id\":4,\"owner_name\":\"Minh\",\"booking_id\":null,\"pos_order_id\":33,\"table_id\":22,\"table_name\":\"Bàn 2\",\"voucher_code\":null,\"amount\":20000,\"items\":[{\"service_id\":2,\"service_name\":\"Cafe Sữa\",\"quantity\":1,\"unit_price\":20000,\"line_total\":20000}],\"total_qty\":1,\"prepaid_amount\":0,\"prepaid_items\":[],\"performed_by\":{\"role\":\"owner\",\"user_id\":4,\"name\":\"Minh\",\"phone\":null,\"booked_at\":null},\"processed_by\":{\"user_id\":4,\"role\":\"owner\",\"name\":\"Minh\"},\"created_by\":4}'),(57,8,3,44,360000.00,'online_booking',1.00,3600.00,10.00,360.00,356040.00,'VietQR','BK-44-1780283493435-a8599e','{\"bank_name\":\"Vietcombank\",\"bank_account\":\"1030549759\",\"account_holder\":\"Minh\",\"amount\":360000,\"content\":\"Mua vé - Bờ Kè Sông Hậu\",\"transaction_code\":\"BK-44-1780283493435-a8599e\",\"ticket_items\":[{\"service_id\":7,\"quantity\":4},{\"service_id\":8,\"quantity\":1}],\"use_date\":\"2026-06-01 00:00:00\"}','2026-06-01 03:11:33',NULL,NULL,NULL,NULL,NULL,'pending','{\"transaction_source\":\"online_booking\",\"service_type\":\"ticket\",\"booking_id\":44,\"location_id\":3,\"created_at\":\"2026-06-01T03:11:33.435Z\",\"reminder\":\"Đã thanh toán nếu có vấn đề phát sinh hay không tới bị hủy thì tiền không được hoàn lại\"}'),(58,8,1,45,85000.00,'online_booking',2.00,1700.00,10.00,170.00,83130.00,'VietQR','BK-45-1780297672956-e49340','{\"bank_name\":\"Vietcombank\",\"bank_account\":\"1030549759\",\"account_holder\":\"Minh\",\"amount\":85000,\"content\":\"Cafe Trung Nguyên - Cảm ơn quý khách\",\"transaction_code\":\"BK-45-1780297672956-e49340\"}','2026-06-01 07:09:13',4,'owner','Minh',NULL,NULL,'completed','{\"transaction_source\":\"online_booking\",\"service_type\":\"table\",\"booking_id\":45,\"location_id\":1,\"table_names\":\"Bàn 1\",\"invoice_ready\":true,\"created_at\":\"2026-06-01T07:07:52.957Z\",\"reminder\":\"Đã thanh toán nếu có vấn đề phát sinh hay không tới bị hủy thì tiền không được hoàn lại\",\"pos_order_id\":34,\"table_name\":\"Bàn 1\",\"items\":[{\"service_id\":4,\"service_name\":\"Combo đi làm\",\"quantity\":3,\"unit_price\":35000,\"line_total\":105000}],\"total_qty\":3,\"arrived_at\":\"2026-06-01T07:09:13.221Z\",\"performed_by\":{\"role\":\"owner\",\"user_id\":4,\"name\":\"Minh\",\"phone\":null},\"processed_by\":{\"user_id\":4,\"role\":\"owner\",\"name\":\"Minh\"}}'),(59,8,1,45,0.00,'online_booking',2.00,0.00,10.00,0.00,0.00,'BankTransfer',NULL,NULL,'2026-06-01 07:09:26',8,'user','Nhựt Minh - 0869378427 - 2026-06-01T07:07:52.000Z',NULL,NULL,'completed','{\"transaction_source\":\"online_booking\",\"service_type\":\"food\",\"location_id\":1,\"location_name\":\"Cafe Trung Nguyên\",\"owner_id\":4,\"owner_name\":\"Minh\",\"booking_id\":45,\"pos_order_id\":35,\"table_id\":21,\"table_name\":\"Bàn 1\",\"voucher_code\":null,\"amount\":0,\"items\":[],\"total_qty\":0,\"prepaid_amount\":85000,\"prepaid_items\":[{\"service_id\":4,\"service_name\":\"Combo đi làm\",\"quantity\":3,\"unit_price\":35000,\"line_total\":105000}],\"performed_by\":{\"role\":\"user\",\"user_id\":8,\"name\":\"Nhựt Minh - 0869378427 - 2026-06-01T07:07:52.000Z\",\"phone\":\"0869378427\",\"booked_at\":\"2026-06-01T07:07:52.000Z\"},\"processed_by\":{\"user_id\":4,\"role\":\"owner\",\"name\":\"Minh\"},\"created_by\":4,\"settlement_type\":\"prepaid_only\"}'),(60,8,1,46,55000.00,'online_booking',2.00,1100.00,10.00,110.00,53790.00,'VietQR','BK-46-1780298298248-f26346','{\"bank_name\":\"Vietcombank\",\"bank_account\":\"1030549759\",\"account_holder\":\"Minh\",\"amount\":55000,\"content\":\"Cafe Trung Nguyên - Cảm ơn quý khách\",\"transaction_code\":\"BK-46-1780298298248-f26346\"}','2026-06-01 07:18:18',8,'user',NULL,NULL,NULL,'pending','{\"transaction_source\":\"online_booking\",\"service_type\":\"table\",\"booking_id\":46,\"location_id\":1,\"table_names\":\"Bàn 2\",\"invoice_ready\":false,\"created_at\":\"2026-06-01T07:18:18.250Z\",\"reminder\":\"Đã thanh toán nếu có vấn đề phát sinh hay không tới bị hủy thì tiền không được hoàn lại\"}'),(61,NULL,1,NULL,55000.00,'onsite_pos',0.00,0.00,0.00,0.00,55000.00,'BankTransfer',NULL,'{\"bank_name\":\"Vietcombank\",\"bank_account\":\"1030549759\",\"account_holder\":\"Minh\",\"bank_bin\":\"970436\",\"amount\":55000,\"add_info\":\"Cafe Trung Nguyên - Cảm ơn quý khách\",\"qr_code_url\":\"https://img.vietqr.io/image/970436-1030549759-qr_only.png?amount=55000&addInfo=Cafe%20Trung%20Nguyen%20-%20Cam%20on%20quy%20khach\",\"pos_order_id\":37}','2026-06-01 07:31:02',4,'owner','Minh',NULL,NULL,'completed','{\"transaction_source\":\"onsite_pos\",\"service_type\":\"food\",\"location_id\":1,\"location_name\":\"Cafe Trung Nguyên\",\"owner_id\":4,\"owner_name\":\"Minh\",\"booking_id\":null,\"pos_order_id\":37,\"table_id\":21,\"table_name\":\"Bàn 1\",\"voucher_code\":null,\"amount\":55000,\"items\":[{\"service_id\":4,\"service_name\":\"Combo đi làm\",\"quantity\":1,\"unit_price\":35000,\"line_total\":35000},{\"service_id\":2,\"service_name\":\"Cafe Sữa\",\"quantity\":1,\"unit_price\":20000,\"line_total\":20000}],\"total_qty\":2,\"prepaid_amount\":0,\"prepaid_items\":[],\"performed_by\":{\"role\":\"owner\",\"user_id\":4,\"name\":\"Minh\",\"phone\":null,\"booked_at\":null},\"processed_by\":{\"user_id\":4,\"role\":\"owner\",\"name\":\"Minh\"},\"created_by\":4}'),(62,NULL,1,NULL,35000.00,'onsite_pos',0.00,0.00,0.00,0.00,35000.00,'Cash',NULL,NULL,'2026-06-01 07:31:07',4,'owner','Minh',NULL,NULL,'completed','{\"transaction_source\":\"onsite_pos\",\"service_type\":\"food\",\"location_id\":1,\"location_name\":\"Cafe Trung Nguyên\",\"owner_id\":4,\"owner_name\":\"Minh\",\"booking_id\":null,\"pos_order_id\":38,\"table_id\":23,\"table_name\":\"Bàn 3\",\"voucher_code\":null,\"amount\":35000,\"items\":[{\"service_id\":4,\"service_name\":\"Combo đi làm\",\"quantity\":1,\"unit_price\":35000,\"line_total\":35000}],\"total_qty\":1,\"prepaid_amount\":0,\"prepaid_items\":[],\"performed_by\":{\"role\":\"owner\",\"user_id\":4,\"name\":\"Minh\",\"phone\":null,\"booked_at\":null},\"processed_by\":{\"user_id\":4,\"role\":\"owner\",\"name\":\"Minh\"},\"created_by\":4}'),(63,8,1,47,105000.00,'online_booking',2.00,2100.00,10.00,210.00,102690.00,'Cash',NULL,NULL,'2026-06-01 07:33:05',8,'user','Nhựt Minh - 0869378427 - 2026-06-01T07:32:25.000Z',NULL,NULL,'completed','{\"transaction_source\":\"online_booking\",\"service_type\":\"food\",\"location_id\":1,\"location_name\":\"Cafe Trung Nguyên\",\"owner_id\":4,\"owner_name\":\"Minh\",\"booking_id\":47,\"pos_order_id\":40,\"table_id\":21,\"table_name\":\"Bàn 1\",\"voucher_code\":null,\"amount\":105000,\"items\":[{\"service_id\":4,\"service_name\":\"Combo đi làm\",\"quantity\":3,\"unit_price\":35000,\"line_total\":105000}],\"total_qty\":3,\"prepaid_amount\":0,\"prepaid_items\":[],\"performed_by\":{\"role\":\"user\",\"user_id\":8,\"name\":\"Nhựt Minh - 0869378427 - 2026-06-01T07:32:25.000Z\",\"phone\":\"0869378427\",\"booked_at\":\"2026-06-01T07:32:25.000Z\"},\"processed_by\":{\"user_id\":4,\"role\":\"owner\",\"name\":\"Minh\"},\"created_by\":4}'),(64,8,1,48,100000.00,'online_booking',2.00,2000.00,10.00,200.00,97800.00,'BankTransfer',NULL,'{\"bank_name\":\"Vietcombank\",\"bank_account\":\"1030549759\",\"account_holder\":\"Minh\",\"bank_bin\":\"970436\",\"amount\":100000,\"add_info\":\"Cafe Trung Nguyên - Cảm ơn quý khách\",\"qr_code_url\":\"https://img.vietqr.io/image/970436-1030549759-qr_only.png?amount=100000&addInfo=Cafe%20Trung%20Nguyen%20-%20Cam%20on%20quy%20khach\",\"pos_order_id\":39}','2026-06-01 07:33:14',8,'user','Nhựt Minh - 0869378427 - 2026-06-01T07:32:26.000Z',NULL,NULL,'completed','{\"transaction_source\":\"online_booking\",\"service_type\":\"food\",\"location_id\":1,\"location_name\":\"Cafe Trung Nguyên\",\"owner_id\":4,\"owner_name\":\"Minh\",\"booking_id\":48,\"pos_order_id\":39,\"table_id\":22,\"table_name\":\"Bàn 2\",\"voucher_code\":null,\"amount\":100000,\"items\":[{\"service_id\":15,\"service_name\":\"Bánh cheesecake Chanh Dây Phô Mai\",\"quantity\":1,\"unit_price\":100000,\"line_total\":100000}],\"total_qty\":1,\"prepaid_amount\":0,\"prepaid_items\":[],\"performed_by\":{\"role\":\"user\",\"user_id\":8,\"name\":\"Nhựt Minh - 0869378427 - 2026-06-01T07:32:26.000Z\",\"phone\":\"0869378427\",\"booked_at\":\"2026-06-01T07:32:26.000Z\"},\"processed_by\":{\"user_id\":4,\"role\":\"owner\",\"name\":\"Minh\"},\"created_by\":4}'),(65,8,1,51,35000.00,'online_booking',2.00,700.00,10.00,70.00,34230.00,'VietQR','BK-51-1780299654964-5760a4','{\"bank_name\":\"Vietcombank\",\"bank_account\":\"1030549759\",\"account_holder\":\"Minh\",\"amount\":35000,\"content\":\"Cafe Trung Nguyên - Cảm ơn quý khách\",\"transaction_code\":\"BK-51-1780299654964-5760a4\"}','2026-06-01 07:41:22',4,'owner','Minh',NULL,NULL,'completed','{\"transaction_source\":\"online_booking\",\"service_type\":\"table\",\"booking_id\":51,\"location_id\":1,\"table_names\":\"Bàn 1\",\"invoice_ready\":true,\"created_at\":\"2026-06-01T07:40:54.968Z\",\"reminder\":\"Đã thanh toán nếu có vấn đề phát sinh hay không tới bị hủy thì tiền không được hoàn lại\",\"pos_order_id\":41,\"table_name\":\"Bàn 1\",\"items\":[{\"service_id\":4,\"service_name\":\"Combo đi làm\",\"quantity\":1,\"unit_price\":35000,\"line_total\":35000}],\"total_qty\":1,\"arrived_at\":\"2026-06-01T07:41:22.102Z\",\"performed_by\":{\"role\":\"owner\",\"user_id\":4,\"name\":\"Minh\",\"phone\":null},\"processed_by\":{\"user_id\":4,\"role\":\"owner\",\"name\":\"Minh\"}}'),(66,8,1,52,17000.00,'online_booking',2.00,340.00,10.00,34.00,16626.00,'VietQR','BK-52-1780299663671-bfe358','{\"bank_name\":\"Vietcombank\",\"bank_account\":\"1030549759\",\"account_holder\":\"Minh\",\"amount\":17000,\"content\":\"Cafe Trung Nguyên - Cảm ơn quý khách\",\"transaction_code\":\"BK-52-1780299663671-bfe358\"}','2026-06-01 07:41:26',4,'owner','Minh',NULL,NULL,'completed','{\"transaction_source\":\"online_booking\",\"service_type\":\"table\",\"booking_id\":52,\"location_id\":1,\"table_names\":\"Bàn 4\",\"invoice_ready\":true,\"created_at\":\"2026-06-01T07:41:03.673Z\",\"reminder\":\"Đã thanh toán nếu có vấn đề phát sinh hay không tới bị hủy thì tiền không được hoàn lại\",\"pos_order_id\":42,\"table_name\":\"Bàn 4\",\"items\":[{\"service_id\":1,\"service_name\":\"Cafe đen\",\"quantity\":1,\"unit_price\":17000,\"line_total\":17000}],\"total_qty\":1,\"arrived_at\":\"2026-06-01T07:41:26.416Z\",\"performed_by\":{\"role\":\"owner\",\"user_id\":4,\"name\":\"Minh\",\"phone\":null},\"processed_by\":{\"user_id\":4,\"role\":\"owner\",\"name\":\"Minh\"}}'),(67,8,1,51,95000.00,'online_booking',2.00,1900.00,10.00,190.00,92910.00,'Cash',NULL,NULL,'2026-06-01 07:41:33',8,'user','Nhựt Minh - 0869378427 - 2026-06-01T07:40:54.000Z',NULL,NULL,'completed','{\"transaction_source\":\"online_booking\",\"service_type\":\"food\",\"location_id\":1,\"location_name\":\"Cafe Trung Nguyên\",\"owner_id\":4,\"owner_name\":\"Minh\",\"booking_id\":51,\"pos_order_id\":43,\"table_id\":21,\"table_name\":\"Bàn 1\",\"voucher_code\":null,\"amount\":95000,\"items\":[{\"service_id\":2,\"service_name\":\"Cafe Sữa\",\"quantity\":3,\"unit_price\":20000,\"line_total\":60000},{\"service_id\":4,\"service_name\":\"Combo đi làm\",\"quantity\":1,\"unit_price\":35000,\"line_total\":35000}],\"total_qty\":4,\"prepaid_amount\":35000,\"prepaid_items\":[{\"service_id\":4,\"service_name\":\"Combo đi làm\",\"quantity\":1,\"unit_price\":35000,\"line_total\":35000}],\"performed_by\":{\"role\":\"user\",\"user_id\":8,\"name\":\"Nhựt Minh - 0869378427 - 2026-06-01T07:40:54.000Z\",\"phone\":\"0869378427\",\"booked_at\":\"2026-06-01T07:40:54.000Z\"},\"processed_by\":{\"user_id\":4,\"role\":\"owner\",\"name\":\"Minh\"},\"created_by\":4}'),(68,8,1,52,35000.00,'online_booking',2.00,700.00,10.00,70.00,34230.00,'BankTransfer',NULL,'{\"bank_name\":\"Vietcombank\",\"bank_account\":\"1030549759\",\"account_holder\":\"Minh\",\"bank_bin\":\"970436\",\"amount\":35000,\"add_info\":\"Cafe Trung Nguyên - Cảm ơn quý khách\",\"qr_code_url\":\"https://img.vietqr.io/image/970436-1030549759-qr_only.png?amount=35000&addInfo=Cafe%20Trung%20Nguyen%20-%20Cam%20on%20quy%20khach\",\"pos_order_id\":44}','2026-06-01 07:41:39',8,'user','Nhựt Minh - 0869378427 - 2026-06-01T07:41:03.000Z',NULL,NULL,'completed','{\"transaction_source\":\"online_booking\",\"service_type\":\"food\",\"location_id\":1,\"location_name\":\"Cafe Trung Nguyên\",\"owner_id\":4,\"owner_name\":\"Minh\",\"booking_id\":52,\"pos_order_id\":44,\"table_id\":24,\"table_name\":\"Bàn 4\",\"voucher_code\":null,\"amount\":35000,\"items\":[{\"service_id\":4,\"service_name\":\"Combo đi làm\",\"quantity\":1,\"unit_price\":35000,\"line_total\":35000}],\"total_qty\":1,\"prepaid_amount\":17000,\"prepaid_items\":[{\"service_id\":1,\"service_name\":\"Cafe đen\",\"quantity\":1,\"unit_price\":17000,\"line_total\":17000}],\"performed_by\":{\"role\":\"user\",\"user_id\":8,\"name\":\"Nhựt Minh - 0869378427 - 2026-06-01T07:41:03.000Z\",\"phone\":\"0869378427\",\"booked_at\":\"2026-06-01T07:41:03.000Z\"},\"processed_by\":{\"user_id\":4,\"role\":\"owner\",\"name\":\"Minh\"},\"created_by\":4}'),(69,8,1,53,200000.00,'online_booking',2.00,4000.00,10.00,400.00,195600.00,'VietQR','BK-53-1780300771463-e088bb','{\"bank_name\":\"Vietcombank\",\"bank_account\":\"1030549759\",\"account_holder\":\"Minh\",\"amount\":200000,\"content\":\"Cafe Trung Nguyên - Cảm ơn quý khách\",\"transaction_code\":\"BK-53-1780300771463-e088bb\"}','2026-06-01 07:59:31',8,'user',NULL,NULL,NULL,'pending','{\"transaction_source\":\"online_booking\",\"service_type\":\"table\",\"booking_id\":53,\"location_id\":1,\"table_names\":\"Bàn 3\",\"invoice_ready\":false,\"created_at\":\"2026-06-01T07:59:31.464Z\",\"reminder\":\"Đã thanh toán nếu có vấn đề phát sinh hay không tới bị hủy thì tiền không được hoàn lại\"}'),(70,8,1,54,104000.00,'online_booking',2.00,2080.00,10.00,208.00,101712.00,'VietQR','BK-54-1780301772996-1386fd','{\"bank_name\":\"Vietcombank\",\"bank_account\":\"1030549759\",\"account_holder\":\"Minh\",\"amount\":104000,\"content\":\"Cafe Trung Nguyên - Cảm ơn quý khách\",\"transaction_code\":\"BK-54-1780301772996-1386fd\"}','2026-06-01 08:16:12',8,'user',NULL,NULL,NULL,'pending','{\"transaction_source\":\"online_booking\",\"service_type\":\"table\",\"booking_id\":54,\"location_id\":1,\"table_names\":\"Bàn 9\",\"invoice_ready\":false,\"created_at\":\"2026-06-01T08:16:12.997Z\",\"reminder\":\"Đã thanh toán nếu có vấn đề phát sinh hay không tới bị hủy thì tiền không được hoàn lại\"}'),(71,8,1,55,200000.00,'online_booking',2.00,4000.00,10.00,400.00,195600.00,'VietQR','BK-55-1780301809354-052399','{\"bank_name\":\"Vietcombank\",\"bank_account\":\"1030549759\",\"account_holder\":\"Minh\",\"amount\":200000,\"content\":\"Cafe Trung Nguyên - Cảm ơn quý khách\",\"transaction_code\":\"BK-55-1780301809354-052399\"}','2026-06-01 08:16:49',8,'user',NULL,NULL,NULL,'pending','{\"transaction_source\":\"online_booking\",\"service_type\":\"table\",\"booking_id\":55,\"location_id\":1,\"table_names\":\"Bàn 5\",\"invoice_ready\":false,\"created_at\":\"2026-06-01T08:16:49.357Z\",\"reminder\":\"Đã thanh toán nếu có vấn đề phát sinh hay không tới bị hủy thì tiền không được hoàn lại\"}'),(72,41,2,NULL,2000.00,'onsite_pos',2.00,40.00,10.00,4.00,1956.00,'Cash',NULL,'{\"content\":\"HOTEL_CHECKOUT\",\"stay_id\":9,\"room_id\":42,\"location_id\":2,\"amount\":2000,\"method\":\"cash\",\"hotel_invoice\":{\"payment_id\":null,\"booking_id\":null,\"location_name\":\"Nhà Trọ Phú Mỹ\",\"owner_name\":\"Minh\",\"room_number\":\"Phòng 2\",\"guest_name\":\"Văn B\",\"guest_phone\":\"0123965748\",\"checkin_time\":\"2026-06-01T08:18:37.000Z\",\"checkout_time\":\"2026-06-01T08:18:40.512Z\",\"room_unit_price\":100000,\"actual_minutes\":1,\"actual_hours_ceil\":1,\"planned_hours_ceil\":24,\"overtime_hours\":0,\"surcharge_amount\":0,\"room_amount\":1666.67,\"items_amount\":0,\"subtotal\":1666.67,\"gross_amount\":1666.67,\"prepaid_payment_id\":null,\"prepaid_payment_method\":null,\"prepaid_amount\":0,\"onsite_amount\":2000,\"total_amount\":2000}}','2026-06-01 08:18:40',4,'owner','Minh',NULL,NULL,'completed','HOTEL_STAY:9'),(73,40,2,NULL,2000.00,'onsite_pos',2.00,40.00,10.00,4.00,1956.00,'BankTransfer',NULL,'{\"content\":\"HOTEL_CHECKOUT\",\"stay_id\":8,\"room_id\":41,\"location_id\":2,\"amount\":2000,\"method\":\"transfer\",\"hotel_invoice\":{\"payment_id\":null,\"booking_id\":null,\"location_name\":\"Nhà Trọ Phú Mỹ\",\"owner_name\":\"Minh\",\"room_number\":\"Phòng 1\",\"guest_name\":\"Văn A\",\"guest_phone\":\"0123456789\",\"checkin_time\":\"2026-06-01T08:18:26.000Z\",\"checkout_time\":\"2026-06-01T08:18:49.226Z\",\"room_unit_price\":100000,\"actual_minutes\":1,\"actual_hours_ceil\":1,\"planned_hours_ceil\":24,\"overtime_hours\":0,\"surcharge_amount\":0,\"room_amount\":1666.67,\"items_amount\":0,\"subtotal\":1666.67,\"gross_amount\":1666.67,\"prepaid_payment_id\":null,\"prepaid_payment_method\":null,\"prepaid_amount\":0,\"onsite_amount\":2000,\"total_amount\":2000},\"bank\":{\"qr_code_url\":\"https://img.vietqr.io/image/970436-1030549759-qr_only.png?amount=2000&addInfo=Nha%20Tro%20Phu%20My%20-%20Cam%20on%20quy%20khach\",\"bank_name\":\"Vietcombank\",\"bank_account\":\"1030549759\",\"account_holder\":\"Minh\",\"bank_bin\":\"970436\",\"amount\":2000,\"note\":\"Nhà Trọ Phú Mỹ - Cảm ơn quý khách\"}}','2026-06-01 08:18:48',4,'owner','Minh',NULL,NULL,'completed','HOTEL_STAY:8'),(74,8,2,NULL,2400000.00,'online_booking',2.00,48000.00,10.00,4800.00,2347200.00,'VietQR','BKB-57-1780302850707-65ab02','{\"bank_name\":\"Vietcombank\",\"bank_account\":\"1030549759\",\"account_holder\":\"Minh\",\"amount\":2400000,\"content\":\"Thanh toán đặt phòng - Nhà Trọ Phú Mỹ\",\"transaction_code\":\"BKB-57-1780302850707-65ab02\",\"booking_ids\":[57],\"booking_scope\":\"room_batch\"}','2026-06-01 08:34:10',8,'user',NULL,NULL,NULL,'pending','BATCH_BOOKINGS:57'),(75,8,2,NULL,2400000.00,'online_booking',2.00,48000.00,10.00,4800.00,2347200.00,'VietQR','BKB-58-1780302878842-1ccbc9','{\"bank_name\":\"Vietcombank\",\"bank_account\":\"1030549759\",\"account_holder\":\"Minh\",\"amount\":2400000,\"content\":\"Thanh toán đặt phòng - Nhà Trọ Phú Mỹ\",\"transaction_code\":\"BKB-58-1780302878842-1ccbc9\",\"booking_ids\":[58],\"booking_scope\":\"room_batch\"}','2026-06-01 08:34:38',8,'user',NULL,NULL,NULL,'pending','BATCH_BOOKINGS:58'),(76,8,2,NULL,2300000.00,'online_booking',2.00,46000.00,10.00,4600.00,2249400.00,'VietQR','BKB-59-1780303967047-53f7b6','{\"bank_name\":\"Vietcombank\",\"bank_account\":\"1030549759\",\"account_holder\":\"Minh\",\"amount\":2300000,\"content\":\"Thanh toán đặt phòng - Nhà Trọ Phú Mỹ\",\"transaction_code\":\"BKB-59-1780303967047-53f7b6\",\"booking_ids\":[59],\"booking_scope\":\"room_batch\"}','2026-06-01 08:53:11',8,'user',NULL,NULL,NULL,'completed','BATCH_BOOKINGS:59'),(77,8,2,56,2000.00,'online_booking',2.00,40.00,10.00,4.00,1956.00,'Cash',NULL,'{\"content\":\"HOTEL_CHECKOUT\",\"stay_id\":10,\"room_id\":41,\"location_id\":2,\"amount\":2000,\"method\":\"cash\",\"hotel_invoice\":{\"payment_id\":null,\"booking_id\":56,\"location_name\":\"Nhà Trọ Phú Mỹ\",\"owner_name\":\"Minh\",\"room_number\":\"Phòng 1\",\"guest_name\":\"Nhựt Minh\",\"guest_phone\":\"0869378427\",\"checkin_time\":\"2026-06-01T08:53:54.000Z\",\"checkout_time\":\"2026-06-01T08:54:09.850Z\",\"room_unit_price\":100000,\"actual_minutes\":1,\"actual_hours_ceil\":1,\"planned_hours_ceil\":24,\"overtime_hours\":0,\"surcharge_amount\":0,\"room_amount\":1666.67,\"items_amount\":0,\"subtotal\":1666.67,\"gross_amount\":1666.67,\"prepaid_payment_id\":null,\"prepaid_payment_method\":null,\"prepaid_amount\":0,\"onsite_amount\":2000,\"total_amount\":2000}}','2026-06-01 08:54:09',4,'owner','Minh',NULL,NULL,'completed','HOTEL_STAY:10'),(78,8,2,59,0.00,'online_booking',2.00,0.00,10.00,0.00,0.00,'Cash',NULL,'{\"content\":\"HOTEL_CHECKOUT\",\"stay_id\":11,\"room_id\":42,\"location_id\":2,\"amount\":0,\"method\":\"cash\",\"hotel_invoice\":{\"payment_id\":null,\"booking_id\":59,\"location_name\":\"Nhà Trọ Phú Mỹ\",\"owner_name\":\"Minh\",\"room_number\":\"Phòng 2\",\"guest_name\":\"Nhựt Minh\",\"guest_phone\":\"0869378427\",\"checkin_time\":\"2026-06-01T08:53:45.000Z\",\"checkout_time\":\"2026-06-01T08:54:14.937Z\",\"room_unit_price\":100000,\"actual_minutes\":1,\"actual_hours_ceil\":1,\"planned_hours_ceil\":24,\"overtime_hours\":0,\"surcharge_amount\":0,\"room_amount\":1666.67,\"items_amount\":0,\"subtotal\":1666.67,\"gross_amount\":1666.67,\"prepaid_payment_id\":76,\"prepaid_payment_method\":\"VietQR\",\"prepaid_amount\":2300000,\"onsite_amount\":0,\"total_amount\":0}}','2026-06-01 08:54:14',4,'owner','Minh',NULL,NULL,'completed','HOTEL_STAY:11'),(79,8,2,60,2000.00,'online_booking',2.00,40.00,10.00,4.00,1956.00,'BankTransfer',NULL,'{\"content\":\"HOTEL_CHECKOUT\",\"stay_id\":12,\"room_id\":46,\"location_id\":2,\"amount\":2000,\"method\":\"transfer\",\"hotel_invoice\":{\"payment_id\":null,\"booking_id\":60,\"location_name\":\"Nhà Trọ Phú Mỹ\",\"owner_name\":\"Minh\",\"room_number\":\"Phòng4\",\"guest_name\":\"Nhựt Minh\",\"guest_phone\":\"0869378427\",\"checkin_time\":\"2026-06-01T08:55:24.000Z\",\"checkout_time\":\"2026-06-01T08:55:31.563Z\",\"room_unit_price\":100000,\"actual_minutes\":1,\"actual_hours_ceil\":1,\"planned_hours_ceil\":24,\"overtime_hours\":0,\"surcharge_amount\":0,\"room_amount\":1666.67,\"items_amount\":0,\"subtotal\":1666.67,\"gross_amount\":1666.67,\"prepaid_payment_id\":null,\"prepaid_payment_method\":null,\"prepaid_amount\":0,\"onsite_amount\":2000,\"total_amount\":2000},\"bank\":{\"qr_code_url\":\"https://img.vietqr.io/image/970436-1030549759-qr_only.png?amount=2000&addInfo=Nha%20Tro%20Phu%20My%20-%20Cam%20on%20quy%20khach\",\"bank_name\":\"Vietcombank\",\"bank_account\":\"1030549759\",\"account_holder\":\"Minh\",\"bank_bin\":\"970436\",\"amount\":2000,\"note\":\"Nhà Trọ Phú Mỹ - Cảm ơn quý khách\"}}','2026-06-01 08:55:30',4,'owner','Minh',NULL,NULL,'completed','HOTEL_STAY:12'),(80,8,3,61,90000.00,'online_booking',1.00,900.00,10.00,90.00,89010.00,'VietQR','BK-61-1780304171025-bc75a9','{\"bank_name\":\"Vietcombank\",\"bank_account\":\"1030549759\",\"account_holder\":\"Minh\",\"amount\":90000,\"content\":\"Mua vé - Bờ Kè Sông Hậu\",\"transaction_code\":\"BK-61-1780304171025-bc75a9\",\"ticket_items\":[{\"service_id\":7,\"quantity\":1}],\"use_date\":\"2026-06-01 00:00:00\"}','2026-06-01 08:56:12',8,'user',NULL,NULL,NULL,'completed','{\"transaction_source\":\"online_booking\",\"service_type\":\"ticket\",\"booking_id\":61,\"location_id\":3,\"created_at\":\"2026-06-01T08:56:11.025Z\",\"reminder\":\"Đã thanh toán nếu có vấn đề phát sinh hay không tới bị hủy thì tiền không được hoàn lại\"}'),(81,8,3,62,50000.00,'online_booking',1.00,500.00,10.00,50.00,49450.00,'VietQR','BK-62-1780304265918-ea2719','{\"bank_name\":\"Vietcombank\",\"bank_account\":\"1030549759\",\"account_holder\":\"Minh\",\"amount\":50000,\"content\":\"Mua vé - Bờ Kè Sông Hậu\",\"transaction_code\":\"BK-62-1780304265918-ea2719\",\"ticket_items\":[{\"service_id\":8,\"quantity\":1}],\"use_date\":\"2026-06-01 00:00:00\"}','2026-06-01 08:57:47',8,'user',NULL,NULL,NULL,'completed','{\"transaction_source\":\"online_booking\",\"service_type\":\"ticket\",\"booking_id\":62,\"location_id\":3,\"created_at\":\"2026-06-01T08:57:45.919Z\",\"reminder\":\"Đã thanh toán nếu có vấn đề phát sinh hay không tới bị hủy thì tiền không được hoàn lại\"}'),(82,8,3,63,400000.00,'online_booking',1.00,4000.00,10.00,400.00,395600.00,'VietQR','BK-63-1780304332957-026834','{\"bank_name\":\"Vietcombank\",\"bank_account\":\"1030549759\",\"account_holder\":\"Minh\",\"amount\":400000,\"content\":\"Mua vé - Bờ Kè Sông Hậu\",\"transaction_code\":\"BK-63-1780304332957-026834\",\"ticket_items\":[{\"service_id\":7,\"quantity\":4}],\"use_date\":\"2026-06-01 00:00:00\"}','2026-06-01 08:58:54',8,'user',NULL,NULL,NULL,'completed','{\"transaction_source\":\"online_booking\",\"service_type\":\"ticket\",\"booking_id\":63,\"location_id\":3,\"created_at\":\"2026-06-01T08:58:52.957Z\",\"reminder\":\"Đã thanh toán nếu có vấn đề phát sinh hay không tới bị hủy thì tiền không được hoàn lại\"}'),(83,8,3,64,750000.00,'online_booking',1.00,7500.00,10.00,750.00,741750.00,'VietQR','BK-64-1780305664776-8f7306','{\"bank_name\":\"Vietcombank\",\"bank_account\":\"1030549759\",\"account_holder\":\"Minh\",\"amount\":750000,\"content\":\"Mua vé - Bờ Kè Sông Hậu\",\"transaction_code\":\"BK-64-1780305664776-8f7306\",\"ticket_items\":[{\"service_id\":7,\"quantity\":5},{\"service_id\":8,\"quantity\":5}],\"use_date\":\"2026-06-01 00:00:00\"}','2026-06-01 09:21:04',NULL,NULL,NULL,NULL,NULL,'pending','{\"transaction_source\":\"online_booking\",\"service_type\":\"ticket\",\"booking_id\":64,\"location_id\":3,\"created_at\":\"2026-06-01T09:21:04.776Z\",\"reminder\":\"Đã thanh toán nếu có vấn đề phát sinh hay không tới bị hủy thì tiền không được hoàn lại\"}'),(84,8,3,65,250000.00,'online_booking',1.00,2500.00,10.00,250.00,247250.00,'VietQR','BK-65-1780305693546-5fe897','{\"bank_name\":\"Vietcombank\",\"bank_account\":\"1030549759\",\"account_holder\":\"Minh\",\"amount\":250000,\"content\":\"Mua vé - Bờ Kè Sông Hậu\",\"transaction_code\":\"BK-65-1780305693546-5fe897\",\"ticket_items\":[{\"service_id\":7,\"quantity\":5},{\"service_id\":8,\"quantity\":5}],\"use_date\":\"2026-06-01 00:00:00\"}','2026-06-01 09:21:36',8,'user',NULL,NULL,NULL,'completed','{\"transaction_source\":\"online_booking\",\"service_type\":\"ticket\",\"booking_id\":65,\"location_id\":3,\"created_at\":\"2026-06-01T09:21:33.546Z\",\"reminder\":\"Đã thanh toán nếu có vấn đề phát sinh hay không tới bị hủy thì tiền không được hoàn lại\"}'),(85,NULL,1,NULL,20000.00,'onsite_pos',0.00,0.00,0.00,0.00,20000.00,'Cash',NULL,NULL,'2026-06-01 14:19:25',4,'owner','Minh',NULL,NULL,'completed','{\"transaction_source\":\"onsite_pos\",\"service_type\":\"food\",\"location_id\":1,\"location_name\":\"Cafe Trung Nguyên\",\"owner_id\":4,\"owner_name\":\"Minh\",\"booking_id\":null,\"pos_order_id\":48,\"table_id\":21,\"table_name\":\"Bàn 1\",\"voucher_code\":null,\"amount\":20000,\"items\":[{\"service_id\":2,\"service_name\":\"Cafe Sữa\",\"quantity\":1,\"unit_price\":20000,\"line_total\":20000}],\"total_qty\":1,\"prepaid_amount\":0,\"prepaid_items\":[],\"performed_by\":{\"role\":\"owner\",\"user_id\":4,\"name\":\"Minh\",\"phone\":null,\"booked_at\":null},\"processed_by\":{\"user_id\":4,\"role\":\"owner\",\"name\":\"Minh\"},\"created_by\":4}'),(86,NULL,1,NULL,35000.00,'onsite_pos',0.00,0.00,0.00,0.00,35000.00,'BankTransfer',NULL,'{\"bank_name\":\"Vietcombank\",\"bank_account\":\"1030549759\",\"account_holder\":\"Minh\",\"bank_bin\":\"970436\",\"amount\":35000,\"add_info\":\"Cafe Trung Nguyên - Cảm ơn quý khách\",\"qr_code_url\":\"https://img.vietqr.io/image/970436-1030549759-qr_only.png?amount=35000&addInfo=Cafe%20Trung%20Nguyen%20-%20Cam%20on%20quy%20khach\",\"pos_order_id\":49}','2026-06-01 14:19:32',4,'owner','Minh',NULL,NULL,'completed','{\"transaction_source\":\"onsite_pos\",\"service_type\":\"food\",\"location_id\":1,\"location_name\":\"Cafe Trung Nguyên\",\"owner_id\":4,\"owner_name\":\"Minh\",\"booking_id\":null,\"pos_order_id\":49,\"table_id\":22,\"table_name\":\"Bàn 2\",\"voucher_code\":null,\"amount\":35000,\"items\":[{\"service_id\":4,\"service_name\":\"Combo đi làm\",\"quantity\":1,\"unit_price\":35000,\"line_total\":35000}],\"total_qty\":1,\"prepaid_amount\":0,\"prepaid_items\":[],\"performed_by\":{\"role\":\"owner\",\"user_id\":4,\"name\":\"Minh\",\"phone\":null,\"booked_at\":null},\"processed_by\":{\"user_id\":4,\"role\":\"owner\",\"name\":\"Minh\"},\"created_by\":4}'),(87,8,1,66,17000.00,'online_booking',2.00,340.00,10.00,34.00,16626.00,'Cash',NULL,NULL,'2026-06-01 14:20:18',8,'user','Nhựt Minh - 0869378427 - 2026-06-01T14:19:40.000Z',NULL,NULL,'completed','{\"transaction_source\":\"online_booking\",\"service_type\":\"food\",\"location_id\":1,\"location_name\":\"Cafe Trung Nguyên\",\"owner_id\":4,\"owner_name\":\"Minh\",\"booking_id\":66,\"pos_order_id\":50,\"table_id\":21,\"table_name\":\"Bàn 1\",\"voucher_code\":null,\"amount\":17000,\"items\":[{\"service_id\":1,\"service_name\":\"Cafe đen\",\"quantity\":1,\"unit_price\":17000,\"line_total\":17000}],\"total_qty\":1,\"prepaid_amount\":0,\"prepaid_items\":[],\"performed_by\":{\"role\":\"user\",\"user_id\":8,\"name\":\"Nhựt Minh - 0869378427 - 2026-06-01T14:19:40.000Z\",\"phone\":\"0869378427\",\"booked_at\":\"2026-06-01T14:19:40.000Z\"},\"processed_by\":{\"user_id\":4,\"role\":\"owner\",\"name\":\"Minh\"},\"created_by\":4}'),(88,8,1,68,400000.00,'online_booking',2.00,8000.00,10.00,800.00,391200.00,'BankTransfer',NULL,'{\"bank_name\":\"Vietcombank\",\"bank_account\":\"1030549759\",\"account_holder\":\"Minh\",\"bank_bin\":\"970436\",\"amount\":400000,\"add_info\":\"Cafe Trung Nguyên - Cảm ơn quý khách\",\"qr_code_url\":\"https://img.vietqr.io/image/970436-1030549759-qr_only.png?amount=400000&addInfo=Cafe%20Trung%20Nguyen%20-%20Cam%20on%20quy%20khach\",\"pos_order_id\":51}','2026-06-01 14:20:27',8,'user','Nhựt Minh - 0869378427 - 2026-06-01T14:19:44.000Z',NULL,NULL,'completed','{\"transaction_source\":\"online_booking\",\"service_type\":\"food\",\"location_id\":1,\"location_name\":\"Cafe Trung Nguyên\",\"owner_id\":4,\"owner_name\":\"Minh\",\"booking_id\":68,\"pos_order_id\":51,\"table_id\":23,\"table_name\":\"Bàn 3\",\"voucher_code\":null,\"amount\":400000,\"items\":[{\"service_id\":15,\"service_name\":\"Bánh cheesecake Chanh Dây Phô Mai\",\"quantity\":4,\"unit_price\":100000,\"line_total\":400000}],\"total_qty\":4,\"prepaid_amount\":0,\"prepaid_items\":[],\"performed_by\":{\"role\":\"user\",\"user_id\":8,\"name\":\"Nhựt Minh - 0869378427 - 2026-06-01T14:19:44.000Z\",\"phone\":\"0869378427\",\"booked_at\":\"2026-06-01T14:19:44.000Z\"},\"processed_by\":{\"user_id\":4,\"role\":\"owner\",\"name\":\"Minh\"},\"created_by\":4}'),(89,8,1,69,35000.00,'online_booking',2.00,700.00,10.00,70.00,34230.00,'VietQR','BK-69-1780323643420-370e89','{\"bank_name\":\"Vietcombank\",\"bank_account\":\"1030549759\",\"account_holder\":\"Minh\",\"amount\":35000,\"content\":\"Cafe Trung Nguyên - Cảm ơn quý khách\",\"transaction_code\":\"BK-69-1780323643420-370e89\"}','2026-06-01 14:22:16',4,'owner','Minh',NULL,NULL,'completed','{\"transaction_source\":\"online_booking\",\"service_type\":\"table\",\"booking_id\":69,\"location_id\":1,\"table_names\":\"Bàn 17\",\"invoice_ready\":true,\"created_at\":\"2026-06-01T14:20:43.422Z\",\"reminder\":\"Đã thanh toán nếu có vấn đề phát sinh hay không tới bị hủy thì tiền không được hoàn lại\",\"pos_order_id\":52,\"table_name\":\"Bàn 17\",\"items\":[{\"service_id\":4,\"service_name\":\"Combo đi làm\",\"quantity\":1,\"unit_price\":35000,\"line_total\":35000}],\"total_qty\":1,\"arrived_at\":\"2026-06-01T14:22:16.956Z\",\"performed_by\":{\"role\":\"owner\",\"user_id\":4,\"name\":\"Minh\",\"phone\":null},\"processed_by\":{\"user_id\":4,\"role\":\"owner\",\"name\":\"Minh\"}}'),(90,8,1,70,15000.00,'online_booking',2.00,300.00,10.00,30.00,14670.00,'VietQR','BK-70-1780323652295-573732','{\"bank_name\":\"Vietcombank\",\"bank_account\":\"1030549759\",\"account_holder\":\"Minh\",\"amount\":15000,\"content\":\"Cafe Trung Nguyên - Cảm ơn quý khách\",\"transaction_code\":\"BK-70-1780323652295-573732\"}','2026-06-01 14:22:09',4,'owner','Minh',NULL,NULL,'completed','{\"transaction_source\":\"online_booking\",\"service_type\":\"table\",\"booking_id\":70,\"location_id\":1,\"table_names\":\"Bàn 2\",\"invoice_ready\":true,\"created_at\":\"2026-06-01T14:20:52.296Z\",\"reminder\":\"Đã thanh toán nếu có vấn đề phát sinh hay không tới bị hủy thì tiền không được hoàn lại\",\"pos_order_id\":53,\"table_name\":\"Bàn 2\",\"items\":[{\"service_id\":17,\"service_name\":\"Cafe Cam\",\"quantity\":1,\"unit_price\":15000,\"line_total\":15000}],\"total_qty\":1,\"arrived_at\":\"2026-06-01T14:22:09.848Z\",\"performed_by\":{\"role\":\"owner\",\"user_id\":4,\"name\":\"Minh\",\"phone\":null},\"processed_by\":{\"user_id\":4,\"role\":\"owner\",\"name\":\"Minh\"}}'),(91,8,1,72,30000.00,'online_booking',2.00,600.00,10.00,60.00,29340.00,'VietQR','BK-72-1780323663241-566679','{\"bank_name\":\"Vietcombank\",\"bank_account\":\"1030549759\",\"account_holder\":\"Minh\",\"amount\":30000,\"content\":\"Cafe Trung Nguyên - Cảm ơn quý khách\",\"transaction_code\":\"BK-72-1780323663241-566679\"}','2026-06-01 14:21:58',4,'owner','Minh',NULL,NULL,'completed','{\"transaction_source\":\"online_booking\",\"service_type\":\"table\",\"booking_id\":72,\"location_id\":1,\"table_names\":\"Bàn 9\",\"invoice_ready\":true,\"created_at\":\"2026-06-01T14:21:03.244Z\",\"reminder\":\"Đã thanh toán nếu có vấn đề phát sinh hay không tới bị hủy thì tiền không được hoàn lại\",\"pos_order_id\":54,\"table_name\":\"Bàn 9\",\"items\":[{\"service_id\":17,\"service_name\":\"Cafe Cam\",\"quantity\":2,\"unit_price\":15000,\"line_total\":30000}],\"total_qty\":2,\"arrived_at\":\"2026-06-01T14:21:58.216Z\",\"performed_by\":{\"role\":\"owner\",\"user_id\":4,\"name\":\"Minh\",\"phone\":null},\"processed_by\":{\"user_id\":4,\"role\":\"owner\",\"name\":\"Minh\"}}'),(92,8,1,73,100000.00,'online_booking',2.00,2000.00,10.00,200.00,97800.00,'VietQR','BK-73-1780323677082-ebcd45','{\"bank_name\":\"Vietcombank\",\"bank_account\":\"1030549759\",\"account_holder\":\"Minh\",\"amount\":100000,\"content\":\"Cafe Trung Nguyên - Cảm ơn quý khách\",\"transaction_code\":\"BK-73-1780323677082-ebcd45\"}','2026-06-01 14:21:50',4,'owner','Minh',NULL,NULL,'completed','{\"transaction_source\":\"online_booking\",\"service_type\":\"table\",\"booking_id\":73,\"location_id\":1,\"table_names\":\"Bàn 3\",\"invoice_ready\":true,\"created_at\":\"2026-06-01T14:21:17.084Z\",\"reminder\":\"Đã thanh toán nếu có vấn đề phát sinh hay không tới bị hủy thì tiền không được hoàn lại\",\"pos_order_id\":55,\"table_name\":\"Bàn 3\",\"items\":[{\"service_id\":15,\"service_name\":\"Bánh cheesecake Chanh Dây Phô Mai\",\"quantity\":2,\"unit_price\":100000,\"line_total\":200000}],\"total_qty\":2,\"arrived_at\":\"2026-06-01T14:21:50.850Z\",\"performed_by\":{\"role\":\"owner\",\"user_id\":4,\"name\":\"Minh\",\"phone\":null},\"processed_by\":{\"user_id\":4,\"role\":\"owner\",\"name\":\"Minh\"}}'),(93,8,1,71,35000.00,'online_booking',2.00,700.00,10.00,70.00,34230.00,'Cash',NULL,NULL,'2026-06-01 14:23:44',8,'user','Nhựt Minh - 0869378427 - 2026-06-01T14:20:56.000Z',NULL,NULL,'completed','{\"transaction_source\":\"online_booking\",\"service_type\":\"food\",\"location_id\":1,\"location_name\":\"Cafe Trung Nguyên\",\"owner_id\":4,\"owner_name\":\"Minh\",\"booking_id\":71,\"pos_order_id\":58,\"table_id\":24,\"table_name\":\"Bàn 4\",\"voucher_code\":null,\"amount\":35000,\"items\":[{\"service_id\":4,\"service_name\":\"Combo đi làm\",\"quantity\":1,\"unit_price\":35000,\"line_total\":35000}],\"total_qty\":1,\"prepaid_amount\":0,\"prepaid_items\":[],\"performed_by\":{\"role\":\"user\",\"user_id\":8,\"name\":\"Nhựt Minh - 0869378427 - 2026-06-01T14:20:56.000Z\",\"phone\":\"0869378427\",\"booked_at\":\"2026-06-01T14:20:56.000Z\"},\"processed_by\":{\"user_id\":4,\"role\":\"owner\",\"name\":\"Minh\"},\"created_by\":4}'),(94,8,1,70,0.00,'online_booking',2.00,0.00,10.00,0.00,0.00,'BankTransfer',NULL,NULL,'2026-06-01 14:23:48',8,'user','Nhựt Minh - 0869378427 - 2026-06-01T14:20:52.000Z',NULL,NULL,'completed','{\"transaction_source\":\"online_booking\",\"service_type\":\"food\",\"location_id\":1,\"location_name\":\"Cafe Trung Nguyên\",\"owner_id\":4,\"owner_name\":\"Minh\",\"booking_id\":70,\"pos_order_id\":59,\"table_id\":22,\"table_name\":\"Bàn 2\",\"voucher_code\":null,\"amount\":0,\"items\":[],\"total_qty\":0,\"prepaid_amount\":15000,\"prepaid_items\":[{\"service_id\":17,\"service_name\":\"Cafe Cam\",\"quantity\":1,\"unit_price\":15000,\"line_total\":15000}],\"performed_by\":{\"role\":\"user\",\"user_id\":8,\"name\":\"Nhựt Minh - 0869378427 - 2026-06-01T14:20:52.000Z\",\"phone\":\"0869378427\",\"booked_at\":\"2026-06-01T14:20:52.000Z\"},\"processed_by\":{\"user_id\":4,\"role\":\"owner\",\"name\":\"Minh\"},\"created_by\":4,\"settlement_type\":\"prepaid_only\"}'),(95,8,1,73,55000.00,'online_booking',2.00,1100.00,10.00,110.00,53790.00,'BankTransfer',NULL,'{\"bank_name\":\"Vietcombank\",\"bank_account\":\"1030549759\",\"account_holder\":\"Minh\",\"bank_bin\":\"970436\",\"amount\":55000,\"add_info\":\"Cafe Trung Nguyên - Cảm ơn quý khách\",\"qr_code_url\":\"https://img.vietqr.io/image/970436-1030549759-qr_only.png?amount=55000&addInfo=Cafe%20Trung%20Nguyen%20-%20Cam%20on%20quy%20khach\",\"pos_order_id\":56}','2026-06-01 14:23:54',8,'user','Nhựt Minh - 0869378427 - 2026-06-01T14:21:17.000Z',NULL,NULL,'completed','{\"transaction_source\":\"online_booking\",\"service_type\":\"food\",\"location_id\":1,\"location_name\":\"Cafe Trung Nguyên\",\"owner_id\":4,\"owner_name\":\"Minh\",\"booking_id\":73,\"pos_order_id\":56,\"table_id\":23,\"table_name\":\"Bàn 3\",\"voucher_code\":null,\"amount\":55000,\"items\":[{\"service_id\":4,\"service_name\":\"Combo đi làm\",\"quantity\":1,\"unit_price\":35000,\"line_total\":35000},{\"service_id\":2,\"service_name\":\"Cafe Sữa\",\"quantity\":1,\"unit_price\":20000,\"line_total\":20000}],\"total_qty\":2,\"prepaid_amount\":100000,\"prepaid_items\":[{\"service_id\":15,\"service_name\":\"Bánh cheesecake Chanh Dây Phô Mai\",\"quantity\":2,\"unit_price\":100000,\"line_total\":200000}],\"performed_by\":{\"role\":\"user\",\"user_id\":8,\"name\":\"Nhựt Minh - 0869378427 - 2026-06-01T14:21:17.000Z\",\"phone\":\"0869378427\",\"booked_at\":\"2026-06-01T14:21:17.000Z\"},\"processed_by\":{\"user_id\":4,\"role\":\"owner\",\"name\":\"Minh\"},\"created_by\":4}'),(96,8,1,72,161000.00,'online_booking',2.00,3220.00,10.00,322.00,157458.00,'Cash',NULL,NULL,'2026-06-01 14:24:05',8,'user','Nhựt Minh - 0869378427 - 2026-06-01T14:21:03.000Z',NULL,NULL,'completed','{\"transaction_source\":\"online_booking\",\"service_type\":\"food\",\"location_id\":1,\"location_name\":\"Cafe Trung Nguyên\",\"owner_id\":4,\"owner_name\":\"Minh\",\"booking_id\":72,\"pos_order_id\":57,\"table_id\":29,\"table_name\":\"Bàn 9\",\"voucher_code\":null,\"amount\":161000,\"items\":[{\"service_id\":17,\"service_name\":\"Cafe Cam\",\"quantity\":1,\"unit_price\":15000,\"line_total\":15000},{\"service_id\":3,\"service_name\":\"Trà Đào\",\"quantity\":2,\"unit_price\":23000,\"line_total\":46000},{\"service_id\":15,\"service_name\":\"Bánh cheesecake Chanh Dây Phô Mai\",\"quantity\":1,\"unit_price\":100000,\"line_total\":100000}],\"total_qty\":4,\"prepaid_amount\":30000,\"prepaid_items\":[{\"service_id\":17,\"service_name\":\"Cafe Cam\",\"quantity\":2,\"unit_price\":15000,\"line_total\":30000}],\"performed_by\":{\"role\":\"user\",\"user_id\":8,\"name\":\"Nhựt Minh - 0869378427 - 2026-06-01T14:21:03.000Z\",\"phone\":\"0869378427\",\"booked_at\":\"2026-06-01T14:21:03.000Z\"},\"processed_by\":{\"user_id\":4,\"role\":\"owner\",\"name\":\"Minh\"},\"created_by\":4}'),(97,8,1,69,23000.00,'online_booking',2.00,460.00,10.00,46.00,22494.00,'Cash',NULL,NULL,'2026-06-01 14:24:10',8,'user','Nhựt Minh - 0869378427 - 2026-06-01T14:20:43.000Z',NULL,NULL,'completed','{\"transaction_source\":\"online_booking\",\"service_type\":\"food\",\"location_id\":1,\"location_name\":\"Cafe Trung Nguyên\",\"owner_id\":4,\"owner_name\":\"Minh\",\"booking_id\":69,\"pos_order_id\":60,\"table_id\":47,\"table_name\":\"Bàn 17\",\"voucher_code\":null,\"amount\":23000,\"items\":[{\"service_id\":3,\"service_name\":\"Trà Đào\",\"quantity\":1,\"unit_price\":23000,\"line_total\":23000}],\"total_qty\":1,\"prepaid_amount\":35000,\"prepaid_items\":[{\"service_id\":4,\"service_name\":\"Combo đi làm\",\"quantity\":1,\"unit_price\":35000,\"line_total\":35000}],\"performed_by\":{\"role\":\"user\",\"user_id\":8,\"name\":\"Nhựt Minh - 0869378427 - 2026-06-01T14:20:43.000Z\",\"phone\":\"0869378427\",\"booked_at\":\"2026-06-01T14:20:43.000Z\"},\"processed_by\":{\"user_id\":4,\"role\":\"owner\",\"name\":\"Minh\"},\"created_by\":4}'),(98,43,2,NULL,2000.00,'onsite_pos',2.00,40.00,10.00,4.00,1956.00,'BankTransfer',NULL,'{\"content\":\"HOTEL_CHECKOUT\",\"stay_id\":14,\"room_id\":42,\"location_id\":2,\"amount\":2000,\"method\":\"transfer\",\"hotel_invoice\":{\"payment_id\":null,\"booking_id\":null,\"location_name\":\"Nhà Trọ Phú Mỹ\",\"owner_name\":\"Minh\",\"room_number\":\"Phòng 2\",\"guest_name\":\"Nguyễn A\",\"guest_phone\":\"0987654321\",\"checkin_time\":\"2026-06-01T14:25:52.000Z\",\"checkout_time\":\"2026-06-01T14:25:54.421Z\",\"room_unit_price\":100000,\"actual_minutes\":1,\"actual_hours_ceil\":1,\"planned_hours_ceil\":24,\"overtime_hours\":0,\"surcharge_amount\":0,\"room_amount\":1666.67,\"items_amount\":0,\"subtotal\":1666.67,\"gross_amount\":1666.67,\"prepaid_payment_id\":null,\"prepaid_payment_method\":null,\"prepaid_amount\":0,\"onsite_amount\":2000,\"total_amount\":2000},\"bank\":{\"qr_code_url\":\"https://img.vietqr.io/image/970436-1030549759-qr_only.png?amount=2000&addInfo=Nha%20Tro%20Phu%20My%20-%20Cam%20on%20quy%20khach\",\"bank_name\":\"Vietcombank\",\"bank_account\":\"1030549759\",\"account_holder\":\"Minh\",\"bank_bin\":\"970436\",\"amount\":2000,\"note\":\"Nhà Trọ Phú Mỹ - Cảm ơn quý khách\"}}','2026-06-01 14:25:53',4,'owner','Minh',NULL,NULL,'completed','HOTEL_STAY:14'),(99,42,2,NULL,2000.00,'onsite_pos',2.00,40.00,10.00,4.00,1956.00,'Cash',NULL,'{\"content\":\"HOTEL_CHECKOUT\",\"stay_id\":13,\"room_id\":41,\"location_id\":2,\"amount\":2000,\"method\":\"cash\",\"hotel_invoice\":{\"payment_id\":null,\"booking_id\":null,\"location_name\":\"Nhà Trọ Phú Mỹ\",\"owner_name\":\"Minh\",\"room_number\":\"Phòng 1\",\"guest_name\":\"Nguyễn A\",\"guest_phone\":\"0987654321\",\"checkin_time\":\"2026-06-01T14:25:39.000Z\",\"checkout_time\":\"2026-06-01T14:25:58.861Z\",\"room_unit_price\":100000,\"actual_minutes\":1,\"actual_hours_ceil\":1,\"planned_hours_ceil\":24,\"overtime_hours\":0,\"surcharge_amount\":0,\"room_amount\":1666.67,\"items_amount\":0,\"subtotal\":1666.67,\"gross_amount\":1666.67,\"prepaid_payment_id\":null,\"prepaid_payment_method\":null,\"prepaid_amount\":0,\"onsite_amount\":2000,\"total_amount\":2000}}','2026-06-01 14:25:58',4,'owner','Minh',NULL,NULL,'completed','HOTEL_STAY:13'),(100,8,2,74,2000.00,'online_booking',2.00,40.00,10.00,4.00,1956.00,'Cash',NULL,'{\"content\":\"HOTEL_CHECKOUT\",\"stay_id\":15,\"room_id\":41,\"location_id\":2,\"amount\":2000,\"method\":\"cash\",\"hotel_invoice\":{\"payment_id\":null,\"booking_id\":74,\"location_name\":\"Nhà Trọ Phú Mỹ\",\"owner_name\":\"Minh\",\"room_number\":\"Phòng 1\",\"guest_name\":\"Nhựt Minh\",\"guest_phone\":\"0869378427\",\"checkin_time\":\"2026-06-01T14:26:36.000Z\",\"checkout_time\":\"2026-06-01T14:26:50.221Z\",\"room_unit_price\":100000,\"actual_minutes\":1,\"actual_hours_ceil\":1,\"planned_hours_ceil\":24,\"overtime_hours\":0,\"surcharge_amount\":0,\"room_amount\":1666.67,\"items_amount\":0,\"subtotal\":1666.67,\"gross_amount\":1666.67,\"prepaid_payment_id\":null,\"prepaid_payment_method\":null,\"prepaid_amount\":0,\"onsite_amount\":2000,\"total_amount\":2000}}','2026-06-01 14:26:50',4,'owner','Minh',NULL,NULL,'completed','HOTEL_STAY:15'),(101,8,2,75,2000.00,'online_booking',2.00,40.00,10.00,4.00,1956.00,'BankTransfer',NULL,'{\"content\":\"HOTEL_CHECKOUT\",\"stay_id\":16,\"room_id\":42,\"location_id\":2,\"amount\":2000,\"method\":\"transfer\",\"hotel_invoice\":{\"payment_id\":null,\"booking_id\":75,\"location_name\":\"Nhà Trọ Phú Mỹ\",\"owner_name\":\"Minh\",\"room_number\":\"Phòng 2\",\"guest_name\":\"Nhựt Minh\",\"guest_phone\":\"0869378427\",\"checkin_time\":\"2026-06-01T14:26:45.000Z\",\"checkout_time\":\"2026-06-01T14:26:54.486Z\",\"room_unit_price\":100000,\"actual_minutes\":1,\"actual_hours_ceil\":1,\"planned_hours_ceil\":24,\"overtime_hours\":0,\"surcharge_amount\":0,\"room_amount\":1666.67,\"items_amount\":0,\"subtotal\":1666.67,\"gross_amount\":1666.67,\"prepaid_payment_id\":null,\"prepaid_payment_method\":null,\"prepaid_amount\":0,\"onsite_amount\":2000,\"total_amount\":2000},\"bank\":{\"qr_code_url\":\"https://img.vietqr.io/image/970436-1030549759-qr_only.png?amount=2000&addInfo=Nha%20Tro%20Phu%20My%20-%20Cam%20on%20quy%20khach\",\"bank_name\":\"Vietcombank\",\"bank_account\":\"1030549759\",\"account_holder\":\"Minh\",\"bank_bin\":\"970436\",\"amount\":2000,\"note\":\"Nhà Trọ Phú Mỹ - Cảm ơn quý khách\"}}','2026-06-01 14:26:53',4,'owner','Minh',NULL,NULL,'completed','HOTEL_STAY:16'),(102,8,2,NULL,2400000.00,'online_booking',2.00,48000.00,10.00,4800.00,2347200.00,'VietQR','BKB-76-1780324029007-57d435','{\"bank_name\":\"Vietcombank\",\"bank_account\":\"1030549759\",\"account_holder\":\"Minh\",\"amount\":2400000,\"content\":\"Thanh toán đặt phòng - Nhà Trọ Phú Mỹ\",\"transaction_code\":\"BKB-76-1780324029007-57d435\",\"booking_ids\":[76],\"booking_scope\":\"room_batch\"}','2026-06-01 14:27:09',8,'user',NULL,NULL,NULL,'pending','BATCH_BOOKINGS:76'),(103,8,2,NULL,2400000.00,'online_booking',2.00,48000.00,10.00,4800.00,2347200.00,'VietQR','BKB-77-1780324041608-a08343','{\"bank_name\":\"Vietcombank\",\"bank_account\":\"1030549759\",\"account_holder\":\"Minh\",\"amount\":2400000,\"content\":\"Thanh toán đặt phòng - Nhà Trọ Phú Mỹ\",\"transaction_code\":\"BKB-77-1780324041608-a08343\",\"booking_ids\":[77],\"booking_scope\":\"room_batch\"}','2026-06-01 14:27:21',8,'user',NULL,NULL,NULL,'pending','BATCH_BOOKINGS:77'),(104,8,2,NULL,2400000.00,'online_booking',2.00,48000.00,10.00,4800.00,2347200.00,'VietQR','BKB-78-1780324056045-d2cf98','{\"bank_name\":\"Vietcombank\",\"bank_account\":\"1030549759\",\"account_holder\":\"Minh\",\"amount\":2400000,\"content\":\"Thanh toán đặt phòng - Nhà Trọ Phú Mỹ\",\"transaction_code\":\"BKB-78-1780324056045-d2cf98\",\"booking_ids\":[78],\"booking_scope\":\"room_batch\"}','2026-06-01 14:27:36',8,'user',NULL,NULL,NULL,'pending','BATCH_BOOKINGS:78'),(105,8,2,NULL,2400000.00,'online_booking',2.00,48000.00,10.00,4800.00,2347200.00,'VietQR','BKB-79-1780324473300-1444b5','{\"bank_name\":\"Vietcombank\",\"bank_account\":\"1030549759\",\"account_holder\":\"Minh\",\"amount\":2400000,\"content\":\"Thanh toán đặt phòng - Nhà Trọ Phú Mỹ\",\"transaction_code\":\"BKB-79-1780324473300-1444b5\",\"booking_ids\":[79],\"booking_scope\":\"room_batch\"}','2026-06-01 14:34:34',8,'user',NULL,NULL,NULL,'completed','BATCH_BOOKINGS:79'),(106,8,2,NULL,2400000.00,'online_booking',2.00,48000.00,10.00,4800.00,2347200.00,'VietQR','BKB-80-1780324476670-1b12ac','{\"bank_name\":\"Vietcombank\",\"bank_account\":\"1030549759\",\"account_holder\":\"Minh\",\"amount\":2400000,\"content\":\"Thanh toán đặt phòng - Nhà Trọ Phú Mỹ\",\"transaction_code\":\"BKB-80-1780324476670-1b12ac\",\"booking_ids\":[80],\"booking_scope\":\"room_batch\"}','2026-06-01 14:34:37',8,'user',NULL,NULL,NULL,'completed','BATCH_BOOKINGS:80'),(107,8,2,80,0.00,'online_booking',2.00,0.00,10.00,0.00,0.00,'Cash',NULL,'{\"content\":\"HOTEL_CHECKOUT\",\"stay_id\":18,\"room_id\":46,\"location_id\":2,\"amount\":0,\"method\":\"cash\",\"hotel_invoice\":{\"payment_id\":null,\"booking_id\":80,\"location_name\":\"Nhà Trọ Phú Mỹ\",\"owner_name\":\"Minh\",\"room_number\":\"Phòng4\",\"guest_name\":\"Nhựt Minh\",\"guest_phone\":\"0869378427\",\"checkin_time\":\"2026-06-01T14:34:59.000Z\",\"checkout_time\":\"2026-06-01T14:35:04.719Z\",\"room_unit_price\":100000,\"actual_minutes\":1,\"actual_hours_ceil\":1,\"planned_hours_ceil\":24,\"overtime_hours\":0,\"surcharge_amount\":0,\"room_amount\":1666.67,\"items_amount\":0,\"subtotal\":2400000,\"gross_amount\":2400000,\"prepaid_payment_id\":106,\"prepaid_payment_method\":\"VietQR\",\"prepaid_amount\":2400000,\"onsite_amount\":0,\"total_amount\":0}}','2026-06-01 14:35:04',4,'owner','Minh',NULL,NULL,'completed','HOTEL_STAY:18'),(108,8,3,81,300000.00,'online_booking',1.00,3000.00,10.00,300.00,296700.00,'VietQR','BK-81-1780324557882-4e0648','{\"bank_name\":\"Vietcombank\",\"bank_account\":\"1030549759\",\"account_holder\":\"Minh\",\"amount\":300000,\"content\":\"Mua vé - Bờ Kè Sông Hậu\",\"transaction_code\":\"BK-81-1780324557882-4e0648\",\"ticket_items\":[{\"service_id\":7,\"quantity\":3}],\"use_date\":\"2026-06-01 00:00:00\"}','2026-06-01 14:35:58',8,'user',NULL,NULL,NULL,'completed','{\"transaction_source\":\"online_booking\",\"service_type\":\"ticket\",\"booking_id\":81,\"location_id\":3,\"created_at\":\"2026-06-01T14:35:57.882Z\",\"reminder\":\"Đã thanh toán nếu có vấn đề phát sinh hay không tới bị hủy thì tiền không được hoàn lại\"}'),(109,8,3,82,50000.00,'online_booking',1.00,500.00,10.00,50.00,49450.00,'VietQR','BK-82-1780324562411-4fc4d2','{\"bank_name\":\"Vietcombank\",\"bank_account\":\"1030549759\",\"account_holder\":\"Minh\",\"amount\":50000,\"content\":\"Mua vé - Bờ Kè Sông Hậu\",\"transaction_code\":\"BK-82-1780324562411-4fc4d2\",\"ticket_items\":[{\"service_id\":8,\"quantity\":1}],\"use_date\":\"2026-06-01 00:00:00\"}','2026-06-01 14:36:03',8,'user',NULL,NULL,NULL,'completed','{\"transaction_source\":\"online_booking\",\"service_type\":\"ticket\",\"booking_id\":82,\"location_id\":3,\"created_at\":\"2026-06-01T14:36:02.411Z\",\"reminder\":\"Đã thanh toán nếu có vấn đề phát sinh hay không tới bị hủy thì tiền không được hoàn lại\"}'),(110,8,3,83,150000.00,'online_booking',1.00,1500.00,10.00,150.00,148350.00,'VietQR','BK-83-1780324572112-a8b51b','{\"bank_name\":\"Vietcombank\",\"bank_account\":\"1030549759\",\"account_holder\":\"Minh\",\"amount\":150000,\"content\":\"Mua vé - Bờ Kè Sông Hậu\",\"transaction_code\":\"BK-83-1780324572112-a8b51b\",\"ticket_items\":[{\"service_id\":8,\"quantity\":3}],\"use_date\":\"2026-06-03 00:00:00\"}','2026-06-01 14:36:13',8,'user',NULL,NULL,NULL,'completed','{\"transaction_source\":\"online_booking\",\"service_type\":\"ticket\",\"booking_id\":83,\"location_id\":3,\"created_at\":\"2026-06-01T14:36:12.112Z\",\"reminder\":\"Đã thanh toán nếu có vấn đề phát sinh hay không tới bị hủy thì tiền không được hoàn lại\"}'),(111,NULL,3,NULL,500000.00,'onsite_pos',0.00,0.00,0.00,0.00,500000.00,'Cash',NULL,'{\"content\":\"TOURIST_TICKETS\",\"location_id\":3,\"amount\":500000,\"method\":\"cash\",\"tourist_invoice\":{\"payment_id\":null,\"location_name\":\"Bờ Kè Sông Hậu\",\"owner_name\":\"Minh\",\"payment_time\":\"2026-06-01T14:36:55.919Z\",\"items\":[{\"service_id\":7,\"service_name\":\"Vé Người Lớn\",\"quantity\":3,\"unit_price\":100000,\"line_total\":300000},{\"service_id\":8,\"service_name\":\"Vé Trẻ Em\",\"quantity\":4,\"unit_price\":50000,\"line_total\":200000}],\"total_qty\":7,\"total_amount\":500000}}','2026-06-01 14:36:55',4,'owner','Minh',NULL,NULL,'completed','TOURIST_TICKETS:7x3,8x4'),(112,NULL,3,NULL,800000.00,'onsite_pos',0.00,0.00,0.00,0.00,800000.00,'BankTransfer',NULL,'{\"content\":\"TOURIST_TICKETS\",\"location_id\":3,\"amount\":800000,\"method\":\"transfer\",\"tourist_invoice\":{\"payment_id\":null,\"location_name\":\"Bờ Kè Sông Hậu\",\"owner_name\":\"Minh\",\"payment_time\":\"2026-06-01T14:37:04.401Z\",\"items\":[{\"service_id\":7,\"service_name\":\"Vé Người Lớn\",\"quantity\":6,\"unit_price\":100000,\"line_total\":600000},{\"service_id\":8,\"service_name\":\"Vé Trẻ Em\",\"quantity\":4,\"unit_price\":50000,\"line_total\":200000}],\"total_qty\":10,\"total_amount\":800000},\"bank\":{\"qr_code_url\":\"https://img.vietqr.io/image/970436-1030549759-qr_only.png?amount=800000&addInfo=Bo%20Ke%20Song%20Hau%20-%20Cam%20on%20quy%20khach\",\"bank_name\":\"Vietcombank\",\"bank_account\":\"1030549759\",\"account_holder\":\"Minh\",\"bank_bin\":\"970436\",\"amount\":800000,\"note\":\"Bờ Kè Sông Hậu - Cảm ơn quý khách\"}}','2026-06-01 14:37:02',4,'owner','Minh',NULL,NULL,'completed','TOURIST_TICKETS:7x6,8x4');
/*!40000 ALTER TABLE `payments` ENABLE KEYS */;
UNLOCK TABLES;

--
-- Table structure for table `pos_areas`
--

DROP TABLE IF EXISTS `pos_areas`;
/*!40101 SET @saved_cs_client     = @@character_set_client */;
/*!50503 SET character_set_client = utf8mb4 */;
CREATE TABLE `pos_areas` (
  `area_id` int NOT NULL AUTO_INCREMENT,
  `location_id` int NOT NULL,
  `area_name` varchar(100) NOT NULL,
  `sort_order` int DEFAULT '0',
  `created_at` timestamp NULL DEFAULT CURRENT_TIMESTAMP,
  PRIMARY KEY (`area_id`),
  UNIQUE KEY `uniq_area_per_location` (`location_id`,`area_name`),
  KEY `idx_pos_areas_location` (`location_id`),
  CONSTRAINT `pos_areas_fk_location` FOREIGN KEY (`location_id`) REFERENCES `locations` (`location_id`) ON DELETE CASCADE
) ENGINE=InnoDB AUTO_INCREMENT=7 DEFAULT CHARSET=utf8mb4 COLLATE=utf8mb4_0900_ai_ci;
/*!40101 SET character_set_client = @saved_cs_client */;

--
-- Dumping data for table `pos_areas`
--

LOCK TABLES `pos_areas` WRITE;
/*!40000 ALTER TABLE `pos_areas` DISABLE KEYS */;
INSERT INTO `pos_areas` VALUES (1,1,'Tầng 1',1,'2026-02-03 18:16:30'),(2,1,'Tầng 2',2,'2026-02-03 19:18:30');
/*!40000 ALTER TABLE `pos_areas` ENABLE KEYS */;
UNLOCK TABLES;

--
-- Table structure for table `pos_order_items`
--

DROP TABLE IF EXISTS `pos_order_items`;
/*!40101 SET @saved_cs_client     = @@character_set_client */;
/*!50503 SET character_set_client = utf8mb4 */;
CREATE TABLE `pos_order_items` (
  `order_item_id` bigint NOT NULL AUTO_INCREMENT,
  `order_id` bigint NOT NULL,
  `service_id` int NOT NULL,
  `quantity` int NOT NULL DEFAULT '1',
  `unit_price` decimal(15,2) NOT NULL,
  `line_total` decimal(15,2) NOT NULL,
  `created_at` timestamp NULL DEFAULT CURRENT_TIMESTAMP,
  PRIMARY KEY (`order_item_id`),
  KEY `idx_pos_items_order` (`order_id`),
  KEY `pos_order_items_fk_service` (`service_id`),
  CONSTRAINT `pos_order_items_fk_order` FOREIGN KEY (`order_id`) REFERENCES `pos_orders` (`order_id`) ON DELETE CASCADE,
  CONSTRAINT `pos_order_items_fk_service` FOREIGN KEY (`service_id`) REFERENCES `services` (`service_id`) ON DELETE RESTRICT
) ENGINE=InnoDB AUTO_INCREMENT=77 DEFAULT CHARSET=utf8mb4 COLLATE=utf8mb4_0900_ai_ci;
/*!40101 SET character_set_client = @saved_cs_client */;

--
-- Dumping data for table `pos_order_items`
--

LOCK TABLES `pos_order_items` WRITE;
/*!40000 ALTER TABLE `pos_order_items` DISABLE KEYS */;
INSERT INTO `pos_order_items` VALUES (1,1,2,1,20000.00,20000.00,'2026-05-29 12:38:45'),(2,1,1,1,17000.00,17000.00,'2026-05-29 12:38:45'),(3,1,4,1,35000.00,35000.00,'2026-05-29 12:38:46'),(4,2,1,3,17000.00,51000.00,'2026-05-29 12:52:28'),(5,6,1,1,17000.00,17000.00,'2026-05-29 13:24:33'),(6,6,2,1,20000.00,20000.00,'2026-05-29 13:24:34'),(7,6,4,1,35000.00,35000.00,'2026-05-29 13:24:34'),(8,4,2,1,20000.00,20000.00,'2026-05-29 13:24:40'),(9,4,4,1,35000.00,35000.00,'2026-05-29 13:24:41'),(10,4,17,1,15000.00,15000.00,'2026-05-29 13:24:41'),(11,5,3,1,23000.00,23000.00,'2026-05-29 13:24:50'),(12,5,15,1,100000.00,100000.00,'2026-05-29 13:24:50'),(13,5,16,1,8000.00,8000.00,'2026-05-29 13:24:50'),(14,7,17,1,15000.00,15000.00,'2026-05-29 13:25:03'),(15,7,4,1,35000.00,35000.00,'2026-05-29 13:25:04'),(16,8,2,1,20000.00,20000.00,'2026-05-29 13:25:09'),(17,9,3,1,23000.00,23000.00,'2026-05-29 13:25:54'),(18,10,17,3,15000.00,45000.00,'2026-05-29 13:26:06'),(19,11,1,2,17000.00,34000.00,'2026-05-29 13:26:22'),(20,12,17,1,15000.00,15000.00,'2026-05-29 13:34:04'),(21,12,4,1,35000.00,35000.00,'2026-05-29 13:34:04'),(22,12,2,4,20000.00,80000.00,'2026-05-29 13:34:04'),(23,14,17,1,15000.00,15000.00,'2026-05-29 13:34:18'),(24,15,2,1,20000.00,20000.00,'2026-05-29 13:34:49'),(25,16,4,1,35000.00,35000.00,'2026-05-29 13:43:18'),(26,17,17,1,15000.00,15000.00,'2026-05-29 13:49:52'),(27,21,1,1,17000.00,17000.00,'2026-05-31 06:48:25'),(28,22,4,1,35000.00,35000.00,'2026-05-31 06:48:31'),(29,23,4,1,35000.00,35000.00,'2026-06-01 01:19:54'),(30,23,2,1,20000.00,20000.00,'2026-06-01 01:19:55'),(31,23,1,1,17000.00,17000.00,'2026-06-01 01:19:55'),(32,24,4,4,35000.00,140000.00,'2026-06-01 01:20:01'),(33,25,17,4,15000.00,60000.00,'2026-06-01 01:20:19'),(34,26,17,2,15000.00,30000.00,'2026-06-01 01:20:44'),(35,28,4,1,35000.00,35000.00,'2026-06-01 01:22:23'),(36,29,17,2,15000.00,30000.00,'2026-06-01 01:22:39'),(37,30,4,1,35000.00,35000.00,'2026-06-01 01:23:17'),(38,30,2,1,20000.00,20000.00,'2026-06-01 01:23:17'),(39,31,4,1,35000.00,35000.00,'2026-06-01 01:23:27'),(40,31,2,1,20000.00,20000.00,'2026-06-01 01:23:28'),(41,32,2,2,20000.00,40000.00,'2026-06-01 01:23:36'),(42,32,4,1,35000.00,35000.00,'2026-06-01 01:23:36'),(43,33,2,1,20000.00,20000.00,'2026-06-01 03:02:18'),(44,34,4,3,35000.00,105000.00,'2026-06-01 07:07:52'),(45,36,2,1,20000.00,20000.00,'2026-06-01 07:18:18'),(46,36,4,1,35000.00,35000.00,'2026-06-01 07:18:18'),(47,37,4,1,35000.00,35000.00,'2026-06-01 07:30:57'),(48,37,2,1,20000.00,20000.00,'2026-06-01 07:30:57'),(49,38,4,1,35000.00,35000.00,'2026-06-01 07:31:05'),(50,40,4,3,35000.00,105000.00,'2026-06-01 07:33:03'),(51,39,15,1,100000.00,100000.00,'2026-06-01 07:33:09'),(52,41,4,1,35000.00,35000.00,'2026-06-01 07:40:54'),(53,42,1,1,17000.00,17000.00,'2026-06-01 07:41:03'),(54,43,2,3,20000.00,60000.00,'2026-06-01 07:41:30'),(55,43,4,1,35000.00,35000.00,'2026-06-01 07:41:31'),(56,44,4,1,35000.00,35000.00,'2026-06-01 07:41:36'),(57,45,15,3,100000.00,300000.00,'2026-06-01 07:59:31'),(58,46,3,3,23000.00,69000.00,'2026-06-01 08:16:12'),(59,46,4,1,35000.00,35000.00,'2026-06-01 08:16:12'),(60,46,15,1,100000.00,100000.00,'2026-06-01 08:16:12'),(61,47,15,2,100000.00,200000.00,'2026-06-01 08:16:49'),(62,48,2,1,20000.00,20000.00,'2026-06-01 14:19:23'),(63,49,4,1,35000.00,35000.00,'2026-06-01 14:19:27'),(64,50,1,1,17000.00,17000.00,'2026-06-01 14:20:16'),(65,51,15,4,100000.00,400000.00,'2026-06-01 14:20:21'),(66,52,4,1,35000.00,35000.00,'2026-06-01 14:20:43'),(67,53,17,1,15000.00,15000.00,'2026-06-01 14:20:52'),(68,54,17,2,15000.00,30000.00,'2026-06-01 14:21:03'),(69,55,15,2,100000.00,200000.00,'2026-06-01 14:21:17'),(70,58,4,1,35000.00,35000.00,'2026-06-01 14:23:41'),(71,56,4,1,35000.00,35000.00,'2026-06-01 14:23:50'),(72,56,2,1,20000.00,20000.00,'2026-06-01 14:23:50'),(73,57,17,1,15000.00,15000.00,'2026-06-01 14:24:02'),(74,57,3,2,23000.00,46000.00,'2026-06-01 14:24:03'),(75,57,15,1,100000.00,100000.00,'2026-06-01 14:24:03'),(76,60,3,1,23000.00,23000.00,'2026-06-01 14:24:08');
/*!40000 ALTER TABLE `pos_order_items` ENABLE KEYS */;
UNLOCK TABLES;

--
-- Table structure for table `pos_orders`
--

DROP TABLE IF EXISTS `pos_orders`;
/*!40101 SET @saved_cs_client     = @@character_set_client */;
/*!50503 SET character_set_client = utf8mb4 */;
CREATE TABLE `pos_orders` (
  `order_id` bigint NOT NULL AUTO_INCREMENT,
  `location_id` int NOT NULL,
  `table_id` int DEFAULT NULL,
  `status` enum('open','paid','cancelled') NOT NULL DEFAULT 'open',
  `order_source` enum('online_booking','onsite_pos') NOT NULL DEFAULT 'onsite_pos',
  `subtotal_amount` decimal(15,2) NOT NULL DEFAULT '0.00',
  `discount_amount` decimal(15,2) NOT NULL DEFAULT '0.00',
  `final_amount` decimal(15,2) NOT NULL DEFAULT '0.00',
  `created_by` int DEFAULT NULL,
  `closed_by` int DEFAULT NULL,
  `created_at` timestamp NULL DEFAULT CURRENT_TIMESTAMP,
  `updated_at` timestamp NULL DEFAULT CURRENT_TIMESTAMP ON UPDATE CURRENT_TIMESTAMP,
  PRIMARY KEY (`order_id`),
  KEY `idx_pos_orders_location_status` (`location_id`,`status`),
  KEY `idx_pos_orders_table_status` (`table_id`,`status`),
  KEY `pos_orders_fk_created_by` (`created_by`),
  KEY `pos_orders_fk_closed_by` (`closed_by`),
  CONSTRAINT `pos_orders_fk_closed_by` FOREIGN KEY (`closed_by`) REFERENCES `users` (`user_id`) ON DELETE SET NULL,
  CONSTRAINT `pos_orders_fk_created_by` FOREIGN KEY (`created_by`) REFERENCES `users` (`user_id`) ON DELETE SET NULL,
  CONSTRAINT `pos_orders_fk_location` FOREIGN KEY (`location_id`) REFERENCES `locations` (`location_id`) ON DELETE CASCADE,
  CONSTRAINT `pos_orders_fk_table` FOREIGN KEY (`table_id`) REFERENCES `pos_tables` (`table_id`) ON DELETE SET NULL
) ENGINE=InnoDB AUTO_INCREMENT=61 DEFAULT CHARSET=utf8mb4 COLLATE=utf8mb4_0900_ai_ci;
/*!40101 SET character_set_client = @saved_cs_client */;

--
-- Dumping data for table `pos_orders`
--

LOCK TABLES `pos_orders` WRITE;
/*!40000 ALTER TABLE `pos_orders` DISABLE KEYS */;
INSERT INTO `pos_orders` VALUES (1,1,22,'paid','online_booking',72000.00,0.00,72000.00,4,4,'2026-05-29 12:38:36','2026-05-29 12:38:52'),(2,1,21,'paid','online_booking',51000.00,0.00,51000.00,8,4,'2026-05-29 12:52:28','2026-05-29 12:53:47'),(3,1,21,'paid','online_booking',0.00,0.00,0.00,4,4,'2026-05-29 12:53:47','2026-05-29 12:54:00'),(4,1,23,'paid','online_booking',70000.00,0.00,70000.00,4,4,'2026-05-29 13:22:19','2026-05-29 13:24:46'),(5,1,22,'paid','online_booking',131000.00,0.00,131000.00,4,4,'2026-05-29 13:22:41','2026-05-29 13:24:53'),(6,1,21,'paid','online_booking',72000.00,0.00,72000.00,4,4,'2026-05-29 13:22:49','2026-05-29 13:24:38'),(7,1,22,'paid','onsite_pos',50000.00,0.00,50000.00,4,4,'2026-05-29 13:25:02','2026-05-29 13:25:06'),(8,1,23,'paid','onsite_pos',20000.00,0.00,20000.00,4,4,'2026-05-29 13:25:08','2026-05-29 13:25:14'),(9,1,28,'paid','online_booking',23000.00,0.00,23000.00,8,4,'2026-05-29 13:25:54','2026-05-29 13:33:07'),(10,1,41,'paid','online_booking',45000.00,0.00,45000.00,8,4,'2026-05-29 13:26:06','2026-05-29 13:32:58'),(11,1,21,'cancelled','online_booking',34000.00,0.00,34000.00,8,NULL,'2026-05-29 13:26:22','2026-05-31 06:14:50'),(12,1,41,'paid','online_booking',130000.00,0.00,130000.00,4,4,'2026-05-29 13:32:58','2026-05-29 13:34:44'),(13,1,28,'paid','online_booking',0.00,0.00,0.00,4,4,'2026-05-29 13:33:07','2026-05-29 13:34:00'),(14,1,24,'paid','online_booking',15000.00,0.00,15000.00,8,4,'2026-05-29 13:34:18','2026-05-29 13:34:34'),(15,1,24,'paid','online_booking',20000.00,0.00,20000.00,4,4,'2026-05-29 13:34:34','2026-05-29 13:34:54'),(16,1,23,'paid','online_booking',35000.00,0.00,35000.00,8,4,'2026-05-29 13:43:18','2026-05-29 13:49:40'),(17,1,23,'paid','online_booking',15000.00,0.00,15000.00,4,4,'2026-05-29 13:49:40','2026-05-29 13:49:55'),(18,1,24,'cancelled','onsite_pos',0.00,0.00,0.00,4,NULL,'2026-05-29 13:49:50','2026-06-01 07:41:26'),(19,1,21,'cancelled','onsite_pos',0.00,0.00,0.00,4,NULL,'2026-05-31 06:14:50','2026-05-31 06:15:39'),(20,1,21,'cancelled','onsite_pos',0.00,0.00,0.00,4,NULL,'2026-05-31 06:15:39','2026-05-31 06:47:53'),(21,1,21,'paid','onsite_pos',17000.00,0.00,17000.00,4,4,'2026-05-31 06:47:53','2026-05-31 06:48:28'),(22,1,25,'paid','onsite_pos',35000.00,0.00,35000.00,4,4,'2026-05-31 06:48:30','2026-05-31 06:48:35'),(23,1,21,'paid','onsite_pos',72000.00,0.00,72000.00,4,4,'2026-06-01 01:19:48','2026-06-01 01:19:58'),(24,1,23,'paid','onsite_pos',140000.00,0.00,140000.00,4,4,'2026-06-01 01:20:00','2026-06-01 01:20:07'),(25,1,21,'cancelled','online_booking',60000.00,0.00,60000.00,8,NULL,'2026-06-01 01:20:19','2026-06-01 01:21:23'),(26,1,21,'paid','online_booking',30000.00,0.00,30000.00,8,4,'2026-06-01 01:20:44','2026-06-01 01:21:23'),(27,1,21,'paid','online_booking',0.00,0.00,0.00,4,4,'2026-06-01 01:21:23','2026-06-01 01:21:29'),(28,1,22,'paid','online_booking',35000.00,0.00,35000.00,8,4,'2026-06-01 01:22:23','2026-06-01 01:23:04'),(29,1,47,'paid','online_booking',30000.00,0.00,30000.00,8,4,'2026-06-01 01:22:39','2026-06-01 01:23:12'),(30,1,22,'paid','online_booking',55000.00,0.00,55000.00,4,4,'2026-06-01 01:23:04','2026-06-01 01:23:20'),(31,1,46,'paid','online_booking',55000.00,0.00,55000.00,4,4,'2026-06-01 01:23:09','2026-06-01 01:23:33'),(32,1,47,'paid','online_booking',75000.00,0.00,75000.00,4,4,'2026-06-01 01:23:12','2026-06-01 01:23:38'),(33,1,22,'paid','onsite_pos',20000.00,0.00,20000.00,4,4,'2026-06-01 03:02:17','2026-06-01 03:02:21'),(34,1,21,'paid','online_booking',105000.00,20000.00,85000.00,8,4,'2026-06-01 07:07:52','2026-06-01 07:09:13'),(35,1,21,'paid','online_booking',0.00,0.00,0.00,4,4,'2026-06-01 07:09:13','2026-06-01 07:09:26'),(36,1,22,'cancelled','online_booking',55000.00,0.00,55000.00,8,NULL,'2026-06-01 07:18:18','2026-06-01 07:32:55'),(37,1,21,'paid','onsite_pos',55000.00,0.00,55000.00,4,4,'2026-06-01 07:30:56','2026-06-01 07:31:02'),(38,1,23,'paid','onsite_pos',35000.00,0.00,35000.00,4,4,'2026-06-01 07:31:04','2026-06-01 07:31:07'),(39,1,22,'paid','online_booking',100000.00,0.00,100000.00,4,4,'2026-06-01 07:32:55','2026-06-01 07:33:14'),(40,1,21,'paid','online_booking',105000.00,0.00,105000.00,4,4,'2026-06-01 07:32:59','2026-06-01 07:33:05'),(41,1,21,'paid','online_booking',35000.00,0.00,35000.00,8,4,'2026-06-01 07:40:54','2026-06-01 07:41:22'),(42,1,24,'paid','online_booking',17000.00,0.00,17000.00,8,4,'2026-06-01 07:41:03','2026-06-01 07:41:26'),(43,1,21,'paid','online_booking',95000.00,0.00,95000.00,4,4,'2026-06-01 07:41:22','2026-06-01 07:41:33'),(44,1,24,'paid','online_booking',35000.00,0.00,35000.00,4,4,'2026-06-01 07:41:26','2026-06-01 07:41:39'),(45,1,23,'cancelled','online_booking',300000.00,100000.00,200000.00,8,NULL,'2026-06-01 07:59:31','2026-06-01 08:59:37'),(46,1,29,'cancelled','online_booking',204000.00,100000.00,104000.00,8,NULL,'2026-06-01 08:16:12','2026-06-01 09:17:24'),(47,1,25,'cancelled','online_booking',200000.00,0.00,200000.00,8,NULL,'2026-06-01 08:16:49','2026-06-01 09:17:24'),(48,1,21,'paid','onsite_pos',20000.00,0.00,20000.00,4,4,'2026-06-01 14:19:22','2026-06-01 14:19:25'),(49,1,22,'paid','onsite_pos',35000.00,0.00,35000.00,4,4,'2026-06-01 14:19:26','2026-06-01 14:19:32'),(50,1,21,'paid','online_booking',17000.00,0.00,17000.00,4,4,'2026-06-01 14:20:02','2026-06-01 14:20:18'),(51,1,23,'paid','online_booking',400000.00,0.00,400000.00,4,4,'2026-06-01 14:20:06','2026-06-01 14:20:27'),(52,1,47,'paid','online_booking',35000.00,0.00,35000.00,8,4,'2026-06-01 14:20:43','2026-06-01 14:22:16'),(53,1,22,'paid','online_booking',15000.00,0.00,15000.00,8,4,'2026-06-01 14:20:52','2026-06-01 14:22:09'),(54,1,29,'paid','online_booking',30000.00,0.00,30000.00,8,4,'2026-06-01 14:21:03','2026-06-01 14:21:58'),(55,1,23,'paid','online_booking',200000.00,100000.00,100000.00,8,4,'2026-06-01 14:21:17','2026-06-01 14:21:50'),(56,1,23,'paid','online_booking',55000.00,0.00,55000.00,4,4,'2026-06-01 14:21:50','2026-06-01 14:23:54'),(57,1,29,'paid','online_booking',161000.00,0.00,161000.00,4,4,'2026-06-01 14:21:58','2026-06-01 14:24:05'),(58,1,24,'paid','online_booking',35000.00,0.00,35000.00,4,4,'2026-06-01 14:22:04','2026-06-01 14:23:44'),(59,1,22,'paid','online_booking',0.00,0.00,0.00,4,4,'2026-06-01 14:22:09','2026-06-01 14:23:48'),(60,1,47,'paid','online_booking',23000.00,0.00,23000.00,4,4,'2026-06-01 14:22:16','2026-06-01 14:24:10');
/*!40000 ALTER TABLE `pos_orders` ENABLE KEYS */;
UNLOCK TABLES;

--
-- Table structure for table `pos_tables`
--

DROP TABLE IF EXISTS `pos_tables`;
/*!40101 SET @saved_cs_client     = @@character_set_client */;
/*!50503 SET character_set_client = utf8mb4 */;
CREATE TABLE `pos_tables` (
  `table_id` int NOT NULL AUTO_INCREMENT,
  `location_id` int NOT NULL,
  `area_id` int DEFAULT NULL,
  `table_name` varchar(50) NOT NULL,
  `shape` enum('square','round') DEFAULT 'square',
  `pos_x` int DEFAULT NULL,
  `pos_y` int DEFAULT NULL,
  `status` enum('free','occupied','reserved') NOT NULL DEFAULT 'free',
  `created_at` timestamp NULL DEFAULT CURRENT_TIMESTAMP,
  `updated_at` timestamp NULL DEFAULT CURRENT_TIMESTAMP ON UPDATE CURRENT_TIMESTAMP,
  PRIMARY KEY (`table_id`),
  UNIQUE KEY `uniq_table_per_location` (`location_id`,`table_name`),
  KEY `idx_pos_tables_location_area` (`location_id`,`area_id`),
  KEY `pos_tables_fk_area` (`area_id`),
  CONSTRAINT `pos_tables_fk_area` FOREIGN KEY (`area_id`) REFERENCES `pos_areas` (`area_id`) ON DELETE SET NULL,
  CONSTRAINT `pos_tables_fk_location` FOREIGN KEY (`location_id`) REFERENCES `locations` (`location_id`) ON DELETE CASCADE
) ENGINE=InnoDB AUTO_INCREMENT=51 DEFAULT CHARSET=utf8mb4 COLLATE=utf8mb4_0900_ai_ci;
/*!40101 SET character_set_client = @saved_cs_client */;

--
-- Dumping data for table `pos_tables`
--

LOCK TABLES `pos_tables` WRITE;
/*!40000 ALTER TABLE `pos_tables` DISABLE KEYS */;
INSERT INTO `pos_tables` VALUES (21,1,1,'Bàn 1','square',12,12,'free','2026-02-03 18:28:56','2026-06-01 14:20:18'),(22,1,1,'Bàn 2','square',146,12,'free','2026-02-03 18:28:56','2026-06-01 14:23:48'),(23,1,1,'Bàn 3','square',280,12,'free','2026-02-03 18:28:56','2026-06-01 14:23:54'),(24,1,1,'Bàn 4','square',414,12,'free','2026-02-03 18:28:56','2026-06-01 14:23:44'),(25,1,1,'Bàn 5','square',548,12,'free','2026-02-03 18:28:56','2026-05-31 06:48:35'),(26,1,1,'Bàn 6','square',682,12,'free','2026-02-03 18:28:56','2026-05-26 09:08:20'),(27,1,1,'Bàn 7','square',12,104,'free','2026-02-03 18:28:56','2026-05-26 08:21:22'),(28,1,1,'Bàn 8','square',146,104,'free','2026-02-03 18:28:56','2026-05-29 13:34:00'),(29,1,1,'Bàn 9','square',280,104,'free','2026-02-03 18:28:56','2026-06-01 14:24:05'),(30,1,1,'Bàn 10','square',414,104,'free','2026-02-03 18:28:56','2026-02-03 18:28:56'),(41,1,2,'Bàn 11','square',12,12,'free','2026-02-03 19:19:36','2026-05-29 13:34:44'),(42,1,2,'Bàn 12','square',146,12,'free','2026-02-03 19:19:36','2026-02-03 19:19:36'),(43,1,2,'Bàn 13','square',280,12,'free','2026-02-03 19:19:36','2026-05-29 01:28:41'),(44,1,2,'Bàn 14','square',414,12,'free','2026-02-03 19:19:36','2026-02-03 19:19:36'),(45,1,2,'Bàn 15','square',548,12,'free','2026-02-03 19:19:36','2026-05-29 01:28:59'),(46,1,2,'Bàn 16','square',682,12,'free','2026-02-03 19:19:36','2026-06-01 01:23:33'),(47,1,2,'Bàn 17','square',12,104,'free','2026-02-03 19:19:36','2026-06-01 14:24:10'),(48,1,2,'Bàn 18','square',146,104,'free','2026-02-03 19:19:36','2026-05-26 08:39:06'),(49,1,2,'Bàn 19','square',280,104,'free','2026-02-03 19:19:36','2026-02-03 19:19:36'),(50,1,2,'Bàn 20','square',414,104,'free','2026-02-03 19:19:36','2026-05-25 01:33:54');
/*!40000 ALTER TABLE `pos_tables` ENABLE KEYS */;
UNLOCK TABLES;

--
-- Table structure for table `pos_tickets`
--

DROP TABLE IF EXISTS `pos_tickets`;
/*!40101 SET @saved_cs_client     = @@character_set_client */;
/*!50503 SET character_set_client = utf8mb4 */;
CREATE TABLE `pos_tickets` (
  `pos_ticket_id` bigint NOT NULL AUTO_INCREMENT,
  `location_id` int NOT NULL,
  `service_id` int NOT NULL,
  `ticket_code` varchar(64) NOT NULL,
  `status` enum('unused','used','void') NOT NULL DEFAULT 'unused',
  `sold_by` int DEFAULT NULL,
  `sold_at` timestamp NULL DEFAULT CURRENT_TIMESTAMP,
  `used_at` timestamp NULL DEFAULT NULL,
  `used_by` int DEFAULT NULL,
  PRIMARY KEY (`pos_ticket_id`),
  UNIQUE KEY `uniq_pos_ticket_code` (`ticket_code`),
  KEY `idx_pos_ticket_location_status` (`location_id`,`status`),
  KEY `pos_tickets_fk_service` (`service_id`),
  KEY `pos_tickets_fk_sold_by` (`sold_by`),
  KEY `pos_tickets_fk_used_by` (`used_by`),
  CONSTRAINT `pos_tickets_fk_location` FOREIGN KEY (`location_id`) REFERENCES `locations` (`location_id`) ON DELETE CASCADE,
  CONSTRAINT `pos_tickets_fk_service` FOREIGN KEY (`service_id`) REFERENCES `services` (`service_id`) ON DELETE RESTRICT,
  CONSTRAINT `pos_tickets_fk_sold_by` FOREIGN KEY (`sold_by`) REFERENCES `users` (`user_id`) ON DELETE SET NULL,
  CONSTRAINT `pos_tickets_fk_used_by` FOREIGN KEY (`used_by`) REFERENCES `users` (`user_id`) ON DELETE SET NULL
) ENGINE=InnoDB AUTO_INCREMENT=18 DEFAULT CHARSET=utf8mb4 COLLATE=utf8mb4_0900_ai_ci;
/*!40101 SET character_set_client = @saved_cs_client */;

--
-- Dumping data for table `pos_tickets`
--

LOCK TABLES `pos_tickets` WRITE;
/*!40000 ALTER TABLE `pos_tickets` DISABLE KEYS */;
INSERT INTO `pos_tickets` VALUES (1,3,7,'PT-3-7-20260601-213655-45541e','used',4,'2026-06-01 14:36:55','2026-06-01 14:36:55',4),(2,3,7,'PT-3-7-20260601-213655-5deee0','used',4,'2026-06-01 14:36:55','2026-06-01 14:36:55',4),(3,3,7,'PT-3-7-20260601-213655-ccd09a','used',4,'2026-06-01 14:36:55','2026-06-01 14:36:55',4),(4,3,8,'PT-3-8-20260601-213655-8f6107','used',4,'2026-06-01 14:36:55','2026-06-01 14:36:55',4),(5,3,8,'PT-3-8-20260601-213655-ae1ad9','used',4,'2026-06-01 14:36:55','2026-06-01 14:36:55',4),(6,3,8,'PT-3-8-20260601-213655-56553a','used',4,'2026-06-01 14:36:55','2026-06-01 14:36:55',4),(7,3,8,'PT-3-8-20260601-213655-71d467','used',4,'2026-06-01 14:36:55','2026-06-01 14:36:55',4),(8,3,7,'PT-3-7-20260601-213704-781b8c','used',4,'2026-06-01 14:37:04','2026-06-01 14:37:04',4),(9,3,7,'PT-3-7-20260601-213704-a9aec8','used',4,'2026-06-01 14:37:04','2026-06-01 14:37:04',4),(10,3,7,'PT-3-7-20260601-213704-7e6c8f','used',4,'2026-06-01 14:37:04','2026-06-01 14:37:04',4),(11,3,7,'PT-3-7-20260601-213704-16cc0f','used',4,'2026-06-01 14:37:04','2026-06-01 14:37:04',4),(12,3,7,'PT-3-7-20260601-213704-306456','used',4,'2026-06-01 14:37:04','2026-06-01 14:37:04',4),(13,3,7,'PT-3-7-20260601-213704-41546e','used',4,'2026-06-01 14:37:04','2026-06-01 14:37:04',4),(14,3,8,'PT-3-8-20260601-213704-acf31d','used',4,'2026-06-01 14:37:04','2026-06-01 14:37:04',4),(15,3,8,'PT-3-8-20260601-213704-57ac8c','used',4,'2026-06-01 14:37:04','2026-06-01 14:37:04',4),(16,3,8,'PT-3-8-20260601-213704-ba214f','used',4,'2026-06-01 14:37:04','2026-06-01 14:37:04',4),(17,3,8,'PT-3-8-20260601-213704-10d1a7','used',4,'2026-06-01 14:37:04','2026-06-01 14:37:04',4);
/*!40000 ALTER TABLE `pos_tickets` ENABLE KEYS */;
UNLOCK TABLES;

--
-- Table structure for table `push_notifications`
--

DROP TABLE IF EXISTS `push_notifications`;
/*!40101 SET @saved_cs_client     = @@character_set_client */;
/*!50503 SET character_set_client = utf8mb4 */;
CREATE TABLE `push_notifications` (
  `notification_id` int NOT NULL AUTO_INCREMENT,
  `title` varchar(255) NOT NULL,
  `body` text NOT NULL,
  `target_audience` varchar(50) NOT NULL COMMENT 'all_users, all_owners, specific_user',
  `target_user_id` int DEFAULT NULL,
  `sent_by` int DEFAULT NULL,
  `created_at` timestamp NULL DEFAULT CURRENT_TIMESTAMP,
  PRIMARY KEY (`notification_id`),
  KEY `idx_push_target_user` (`target_user_id`),
  KEY `push_notifications_sender_fk` (`sent_by`),
  CONSTRAINT `push_notifications_sender_fk` FOREIGN KEY (`sent_by`) REFERENCES `users` (`user_id`) ON DELETE SET NULL,
  CONSTRAINT `push_notifications_target_user_fk` FOREIGN KEY (`target_user_id`) REFERENCES `users` (`user_id`) ON DELETE SET NULL
) ENGINE=InnoDB AUTO_INCREMENT=30 DEFAULT CHARSET=utf8mb4 COLLATE=utf8mb4_0900_ai_ci;
/*!40101 SET character_set_client = @saved_cs_client */;

--
-- Dumping data for table `push_notifications`
--

LOCK TABLES `push_notifications` WRITE;
/*!40000 ALTER TABLE `push_notifications` DISABLE KEYS */;
INSERT INTO `push_notifications` VALUES (1,'Nhắc lịch trình','[booking:10][checkout] Bạn có lịch check-out sắp tới tại Bờ Kè Sông Hậu.','specific_user',8,NULL,'2026-05-17 14:58:12'),(2,'Có đánh giá mới','[owner:reviews] Nhựt Minh vừa đánh giá Cafe Trung Nguyên (1/5).','specific_user',4,8,'2026-05-20 07:20:10'),(3,'Có đánh giá mới','[owner:reviews] Nhựt Minh vừa đánh giá Cafe Trung Nguyên (5/5).','specific_user',4,8,'2026-05-20 14:27:30'),(4,'Có đánh giá mới','[owner:reviews] Nhựt Minh vừa đánh giá Cafe Trung Nguyên (4/5).','specific_user',4,8,'2026-05-20 17:24:59'),(5,'Có đánh giá mới','[owner:reviews] Nhựt Minh vừa đánh giá Cafe Trung Nguyên (2/5).','specific_user',4,8,'2026-05-21 16:09:45'),(6,'Có đánh giá mới','[owner:reviews] Nhựt Minh vừa đánh giá Cafe Trung Nguyên (5/5).','specific_user',4,8,'2026-05-21 17:13:13'),(7,'Nhắc lịch trình','[booking:1][checkin] Bạn có lịch check-in sắp tới tại Bờ Kè Sông Hậu.','specific_user',8,NULL,'2026-05-25 16:17:43'),(8,'Nhắc lịch trình','[booking:2][checkout] Bạn có lịch check-out sắp tới tại Bờ Kè Sông Hậu.','specific_user',8,NULL,'2026-05-25 16:17:44'),(9,'Nhắc lịch trình','[booking:3][checkout] Bạn có lịch check-out sắp tới tại Bờ Kè Sông Hậu.','specific_user',8,NULL,'2026-05-25 16:17:44'),(10,'Nhắc lịch trình','[booking:29][checkout] Bạn có lịch check-out sắp tới tại Bờ Kè Sông Hậu.','specific_user',8,NULL,'2026-05-30 14:05:14'),(11,'Nhắc lịch trình','[booking:30][checkout] Bạn có lịch check-out sắp tới tại Bờ Kè Sông Hậu.','specific_user',8,NULL,'2026-05-30 14:05:15'),(12,'Nhắc lịch trình','[booking:31][checkout] Bạn có lịch check-out sắp tới tại Bờ Kè Sông Hậu.','specific_user',8,NULL,'2026-05-30 14:05:15'),(13,'Nhắc lịch trình','[booking:32][checkout] Bạn có lịch check-out sắp tới tại Bờ Kè Sông Hậu.','specific_user',8,NULL,'2026-05-30 14:05:15'),(14,'Nhắc lịch trình','[booking:33][checkout] Bạn có lịch check-out sắp tới tại Bờ Kè Sông Hậu.','specific_user',8,NULL,'2026-05-30 14:05:17'),(15,'Nhắc lịch trình','[booking:35][checkout] Bạn có lịch check-out sắp tới tại Bờ Kè Sông Hậu.','specific_user',8,NULL,'2026-05-30 14:05:18'),(16,'Nhắc lịch trình','[booking:36][checkout] Bạn có lịch check-out sắp tới tại Bờ Kè Sông Hậu.','specific_user',8,NULL,'2026-05-30 14:05:18'),(17,'Nhắc lịch trình','[booking:37][checkout] Bạn có lịch check-out sắp tới tại Bờ Kè Sông Hậu.','specific_user',8,NULL,'2026-05-30 14:05:18'),(18,'Nhắc lịch trình','[booking:38][checkout] Bạn có lịch check-out sắp tới tại Bờ Kè Sông Hậu.','specific_user',8,NULL,'2026-05-30 14:05:19'),(19,'Có đánh giá mới','[owner:reviews] Nhựt Minh vừa đánh giá Cafe Trung Nguyên (5/5).','specific_user',4,8,'2026-06-01 07:55:31'),(20,'Nhắc lịch trình','[booking:28][checkin] Bạn có lịch check-in sắp tới tại Bờ Kè Sông Hậu.','specific_user',8,NULL,'2026-06-01 13:22:24'),(21,'Nhắc lịch trình','[booking:34][checkin] Bạn có lịch check-in sắp tới tại Bờ Kè Sông Hậu.','specific_user',8,NULL,'2026-06-01 13:22:24'),(22,'Nhắc lịch trình','[booking:44][checkout] Bạn có lịch check-out sắp tới tại Bờ Kè Sông Hậu.','specific_user',8,NULL,'2026-06-01 14:22:24'),(23,'Nhắc lịch trình','[booking:64][checkout] Bạn có lịch check-out sắp tới tại Bờ Kè Sông Hậu.','specific_user',8,NULL,'2026-06-01 14:22:25'),(24,'Nhắc lịch trình','[booking:61][checkout] Bạn có lịch check-out sắp tới tại Bờ Kè Sông Hậu.','specific_user',8,NULL,'2026-06-01 14:22:27'),(25,'Nhắc lịch trình','[booking:62][checkout] Bạn có lịch check-out sắp tới tại Bờ Kè Sông Hậu.','specific_user',8,NULL,'2026-06-01 14:22:27'),(26,'Nhắc lịch trình','[booking:63][checkout] Bạn có lịch check-out sắp tới tại Bờ Kè Sông Hậu.','specific_user',8,NULL,'2026-06-01 14:22:29'),(27,'Nhắc lịch trình','[booking:65][checkout] Bạn có lịch check-out sắp tới tại Bờ Kè Sông Hậu.','specific_user',8,NULL,'2026-06-01 14:22:29'),(28,'Nhắc lịch trình','[booking:81][checkout] Bạn có lịch check-out sắp tới tại Bờ Kè Sông Hậu.','specific_user',8,NULL,'2026-06-01 15:02:48'),(29,'Nhắc lịch trình','[booking:82][checkout] Bạn có lịch check-out sắp tới tại Bờ Kè Sông Hậu.','specific_user',8,NULL,'2026-06-01 15:02:48');
/*!40000 ALTER TABLE `push_notifications` ENABLE KEYS */;
UNLOCK TABLES;

--
-- Table structure for table `reports`
--

DROP TABLE IF EXISTS `reports`;
/*!40101 SET @saved_cs_client     = @@character_set_client */;
/*!50503 SET character_set_client = utf8mb4 */;
CREATE TABLE `reports` (
  `report_id` int NOT NULL AUTO_INCREMENT,
  `reporter_id` int NOT NULL,
  `reported_user_id` int DEFAULT NULL,
  `reported_location_id` int DEFAULT NULL,
  `reported_review_id` int DEFAULT NULL,
  `report_type` enum('spam','inappropriate','fraud','other') NOT NULL,
  `severity` enum('low','medium','high','critical') NOT NULL DEFAULT 'medium',
  `description` text NOT NULL,
  `status` enum('pending','reviewing','resolved','rejected') DEFAULT 'pending',
  `resolved_by` int DEFAULT NULL,
  `resolved_at` timestamp NULL DEFAULT NULL,
  `resolution_notes` text,
  `created_at` timestamp NULL DEFAULT CURRENT_TIMESTAMP,
  PRIMARY KEY (`report_id`),
  KEY `idx_reporter` (`reporter_id`),
  KEY `idx_reported_user` (`reported_user_id`),
  KEY `idx_reported_location` (`reported_location_id`),
  KEY `idx_reported_review` (`reported_review_id`),
  KEY `idx_resolved_by` (`resolved_by`),
  KEY `idx_reports_severity` (`severity`),
  CONSTRAINT `reports_reported_location_fk` FOREIGN KEY (`reported_location_id`) REFERENCES `locations` (`location_id`) ON DELETE SET NULL,
  CONSTRAINT `reports_reported_review_fk` FOREIGN KEY (`reported_review_id`) REFERENCES `reviews` (`review_id`) ON DELETE SET NULL,
  CONSTRAINT `reports_reported_user_fk` FOREIGN KEY (`reported_user_id`) REFERENCES `users` (`user_id`) ON DELETE SET NULL,
  CONSTRAINT `reports_reporter_fk` FOREIGN KEY (`reporter_id`) REFERENCES `users` (`user_id`) ON DELETE CASCADE,
  CONSTRAINT `reports_resolved_by_fk` FOREIGN KEY (`resolved_by`) REFERENCES `users` (`user_id`) ON DELETE SET NULL
) ENGINE=InnoDB DEFAULT CHARSET=utf8mb4 COLLATE=utf8mb4_0900_ai_ci;
/*!40101 SET character_set_client = @saved_cs_client */;

--
-- Dumping data for table `reports`
--

LOCK TABLES `reports` WRITE;
/*!40000 ALTER TABLE `reports` DISABLE KEYS */;
/*!40000 ALTER TABLE `reports` ENABLE KEYS */;
UNLOCK TABLES;

--
-- Table structure for table `review_replies`
--

DROP TABLE IF EXISTS `review_replies`;
/*!40101 SET @saved_cs_client     = @@character_set_client */;
/*!50503 SET character_set_client = utf8mb4 */;
CREATE TABLE `review_replies` (
  `reply_id` int NOT NULL AUTO_INCREMENT,
  `review_id` int NOT NULL,
  `content` text NOT NULL,
  `images` json DEFAULT NULL,
  `role` enum('owner','user') DEFAULT 'owner',
  `created_by` int DEFAULT NULL,
  `created_at` timestamp NULL DEFAULT CURRENT_TIMESTAMP,
  `updated_at` timestamp NULL DEFAULT CURRENT_TIMESTAMP ON UPDATE CURRENT_TIMESTAMP,
  PRIMARY KEY (`reply_id`),
  KEY `review_replies_created_by_fk` (`created_by`),
  KEY `idx_review_id` (`review_id`),
  CONSTRAINT `review_replies_created_by_fk` FOREIGN KEY (`created_by`) REFERENCES `users` (`user_id`) ON DELETE SET NULL,
  CONSTRAINT `review_replies_review_fk` FOREIGN KEY (`review_id`) REFERENCES `reviews` (`review_id`) ON DELETE CASCADE
) ENGINE=InnoDB AUTO_INCREMENT=3 DEFAULT CHARSET=utf8mb4 COLLATE=utf8mb4_0900_ai_ci;
/*!40101 SET character_set_client = @saved_cs_client */;

--
-- Dumping data for table `review_replies`
--

LOCK TABLES `review_replies` WRITE;
/*!40000 ALTER TABLE `review_replies` DISABLE KEYS */;
INSERT INTO `review_replies` VALUES (1,1,'quán xin lỗi khách vì có trải nghiệm không tốt',NULL,'owner',4,'2026-05-20 17:59:17','2026-05-20 17:59:17'),(2,1,'ok','[\"/uploads/reviews/review-8-1779388411949-7e10bf24a246.jpg\"]','user',8,'2026-05-21 18:33:46','2026-05-21 18:33:46');
/*!40000 ALTER TABLE `review_replies` ENABLE KEYS */;
UNLOCK TABLES;

--
-- Table structure for table `reviews`
--

DROP TABLE IF EXISTS `reviews`;
/*!40101 SET @saved_cs_client     = @@character_set_client */;
/*!50503 SET character_set_client = utf8mb4 */;
CREATE TABLE `reviews` (
  `review_id` int NOT NULL AUTO_INCREMENT,
  `user_id` int NOT NULL,
  `location_id` int NOT NULL,
  `booking_id` int DEFAULT NULL,
  `rating` decimal(2,1) NOT NULL,
  `comment` text,
  `images` json DEFAULT NULL,
  `status` enum('active','hidden','deleted') DEFAULT 'active',
  `hidden_by` int DEFAULT NULL,
  `deleted_at` timestamp NULL DEFAULT NULL,
  `deleted_by` int DEFAULT NULL,
  `created_at` timestamp NULL DEFAULT CURRENT_TIMESTAMP,
  `updated_at` timestamp NULL DEFAULT CURRENT_TIMESTAMP ON UPDATE CURRENT_TIMESTAMP,
  PRIMARY KEY (`review_id`),
  KEY `idx_location` (`location_id`),
  KEY `idx_reviews_deleted_at` (`deleted_at`),
  KEY `idx_reviews_deleted_by` (`deleted_by`),
  KEY `reviews_ibfk_1` (`user_id`),
  KEY `reviews_ibfk_3` (`booking_id`),
  CONSTRAINT `reviews_deleted_by_fk` FOREIGN KEY (`deleted_by`) REFERENCES `users` (`user_id`) ON DELETE SET NULL,
  CONSTRAINT `reviews_ibfk_1` FOREIGN KEY (`user_id`) REFERENCES `users` (`user_id`) ON DELETE CASCADE,
  CONSTRAINT `reviews_ibfk_2` FOREIGN KEY (`location_id`) REFERENCES `locations` (`location_id`) ON DELETE CASCADE,
  CONSTRAINT `reviews_ibfk_3` FOREIGN KEY (`booking_id`) REFERENCES `bookings` (`booking_id`) ON DELETE SET NULL,
  CONSTRAINT `reviews_chk_1` CHECK (((`rating` >= 1) and (`rating` <= 5)))
) ENGINE=InnoDB AUTO_INCREMENT=7 DEFAULT CHARSET=utf8mb4 COLLATE=utf8mb4_0900_ai_ci;
/*!40101 SET character_set_client = @saved_cs_client */;

--
-- Dumping data for table `reviews`
--

LOCK TABLES `reviews` WRITE;
/*!40000 ALTER TABLE `reviews` DISABLE KEYS */;
INSERT INTO `reviews` VALUES (1,8,1,NULL,1.0,'cafe quá tệ, phục vụ chửi khách','[\"/uploads/reviews/review-8-1779261610920-ec7dfc0acbc4.jpg\"]','active',NULL,NULL,NULL,'2026-05-20 07:20:10','2026-05-20 07:20:10'),(2,8,1,NULL,5.0,'quán phục vụ tốt',NULL,'deleted',NULL,'2026-05-20 15:58:54',8,'2026-05-20 14:27:30','2026-05-20 15:58:54'),(3,8,1,NULL,4.0,'quán rất ok',NULL,'active',NULL,NULL,NULL,'2026-05-20 17:24:59','2026-05-20 17:39:00'),(4,8,1,NULL,2.0,'quán tệ hại','[\"/uploads/reviews/review-8-1779379778155-aab72b95f3cd.jpg\"]','active',NULL,NULL,NULL,'2026-05-21 16:09:45','2026-05-21 16:09:45'),(5,8,1,NULL,5.0,NULL,NULL,'active',NULL,NULL,NULL,'2026-05-21 17:13:13','2026-05-21 17:13:13'),(6,8,1,NULL,5.0,'quán oke','[\"/uploads/reviews/review-8-1780300523234-5eeac9068fc7.png\"]','active',NULL,NULL,NULL,'2026-06-01 07:55:31','2026-06-01 07:55:31');
/*!40000 ALTER TABLE `reviews` ENABLE KEYS */;
UNLOCK TABLES;

--
-- Table structure for table `service_categories`
--

DROP TABLE IF EXISTS `service_categories`;
/*!40101 SET @saved_cs_client     = @@character_set_client */;
/*!50503 SET character_set_client = utf8mb4 */;
CREATE TABLE `service_categories` (
  `category_id` int NOT NULL AUTO_INCREMENT,
  `location_id` int NOT NULL,
  `category_type` enum('menu','room','other') NOT NULL,
  `category_name` varchar(100) NOT NULL,
  `sort_order` int DEFAULT '0',
  `created_at` timestamp NULL DEFAULT CURRENT_TIMESTAMP,
  `updated_at` timestamp NULL DEFAULT CURRENT_TIMESTAMP ON UPDATE CURRENT_TIMESTAMP,
  `deleted_at` timestamp NULL DEFAULT NULL,
  PRIMARY KEY (`category_id`),
  UNIQUE KEY `uniq_service_category` (`location_id`,`category_type`,`category_name`),
  KEY `idx_service_categories_location` (`location_id`,`category_type`),
  KEY `idx_service_categories_deleted_at` (`deleted_at`),
  CONSTRAINT `service_categories_fk_location` FOREIGN KEY (`location_id`) REFERENCES `locations` (`location_id`) ON DELETE CASCADE
) ENGINE=InnoDB AUTO_INCREMENT=9 DEFAULT CHARSET=utf8mb4 COLLATE=utf8mb4_0900_ai_ci;
/*!40101 SET character_set_client = @saved_cs_client */;

--
-- Dumping data for table `service_categories`
--

LOCK TABLES `service_categories` WRITE;
/*!40000 ALTER TABLE `service_categories` DISABLE KEYS */;
INSERT INTO `service_categories` VALUES (1,1,'menu','Cafe',1,'2026-02-03 17:08:23','2026-02-03 17:08:23',NULL),(2,1,'menu','Trà',2,'2026-02-03 17:08:31','2026-02-03 17:08:31',NULL),(3,2,'room','Tầng trệt',1,'2026-02-03 17:13:20','2026-02-03 17:13:20',NULL),(4,3,'other','Vé Người Lớn',1,'2026-02-03 17:14:32','2026-02-03 17:14:32',NULL),(5,3,'other','Vé Trẻ Em',2,'2026-02-03 17:14:40','2026-02-03 17:14:40',NULL),(6,2,'room','Tầng 2',2,'2026-02-04 07:15:33','2026-02-04 07:17:22',NULL),(8,1,'menu','Bánh Ngọt',3,'2026-02-04 11:20:57','2026-02-04 11:20:57',NULL);
/*!40000 ALTER TABLE `service_categories` ENABLE KEYS */;
UNLOCK TABLES;

--
-- Table structure for table `services`
--

DROP TABLE IF EXISTS `services`;
/*!40101 SET @saved_cs_client     = @@character_set_client */;
/*!50503 SET character_set_client = utf8mb4 */;
CREATE TABLE `services` (
  `service_id` int NOT NULL AUTO_INCREMENT,
  `location_id` int NOT NULL,
  `category_id` int DEFAULT NULL,
  `service_name` varchar(255) NOT NULL,
  `service_type` enum('room','table','ticket','food','combo','other') NOT NULL,
  `description` text,
  `price` decimal(10,2) NOT NULL,
  `quantity` int DEFAULT '1',
  `unit` varchar(50) DEFAULT NULL,
  `status` enum('available','booked','unavailable','reserved') DEFAULT 'available',
  `images` json DEFAULT NULL,
  `admin_status` enum('pending','approved','rejected') NOT NULL DEFAULT 'pending',
  `admin_reviewed_by` int DEFAULT NULL,
  `admin_reviewed_at` timestamp NULL DEFAULT NULL,
  `admin_reject_reason` varchar(255) DEFAULT NULL,
  `created_at` timestamp NULL DEFAULT CURRENT_TIMESTAMP,
  `updated_at` timestamp NULL DEFAULT CURRENT_TIMESTAMP ON UPDATE CURRENT_TIMESTAMP,
  `pos_group` varchar(50) DEFAULT NULL,
  `pos_sort` int DEFAULT NULL,
  `deleted_at` timestamp NULL DEFAULT NULL,
  PRIMARY KEY (`service_id`),
  KEY `idx_location` (`location_id`),
  KEY `idx_services_category` (`category_id`),
  KEY `idx_services_admin_status` (`admin_status`),
  KEY `idx_services_admin_reviewed_by` (`admin_reviewed_by`),
  KEY `idx_services_deleted_at` (`deleted_at`),
  CONSTRAINT `services_fk_admin_reviewed_by` FOREIGN KEY (`admin_reviewed_by`) REFERENCES `users` (`user_id`) ON DELETE SET NULL,
  CONSTRAINT `services_fk_category` FOREIGN KEY (`category_id`) REFERENCES `service_categories` (`category_id`) ON DELETE SET NULL,
  CONSTRAINT `services_ibfk_1` FOREIGN KEY (`location_id`) REFERENCES `locations` (`location_id`) ON DELETE CASCADE
) ENGINE=InnoDB AUTO_INCREMENT=20 DEFAULT CHARSET=utf8mb4 COLLATE=utf8mb4_0900_ai_ci;
/*!40101 SET character_set_client = @saved_cs_client */;

--
-- Dumping data for table `services`
--

LOCK TABLES `services` WRITE;
/*!40000 ALTER TABLE `services` DISABLE KEYS */;
INSERT INTO `services` VALUES (1,1,1,'Cafe đen','food',NULL,17000.00,1,'Ly','available','[\"/uploads/services/service-4-1770138525156-fe5ffb2aad0e.jpg\"]','approved',1,'2026-02-03 17:52:06',NULL,'2026-02-03 17:08:56','2026-02-03 17:52:06','Cafe',NULL,NULL),(2,1,1,'Cafe Sữa','food',NULL,20000.00,1,'Ly','available','[\"/uploads/services/service-4-1770138544156-dd278575e0e1.jpg\"]','approved',1,'2026-02-03 17:52:06',NULL,'2026-02-03 17:09:30','2026-02-03 17:52:06','Cafe',NULL,NULL),(3,1,2,'Trà Đào','food',NULL,23000.00,1,'Ly','available','[\"/uploads/services/service-4-1770138590078-5c2d6b9234cc.png\"]','approved',1,'2026-02-03 17:52:06',NULL,'2026-02-03 17:10:05','2026-02-03 17:52:06','Trà',NULL,NULL),(4,1,1,'Combo đi làm','combo','chỉ với 35k bạn sẽ được 1 bữa sáng ngon miệng',35000.00,1,'Phần','available','[\"/uploads/services/service-4-1770138620805-5dbfff48e9d6.jpg\"]','approved',1,'2026-02-03 17:52:06',NULL,'2026-02-03 17:11:04','2026-02-03 17:52:06','Cafe',NULL,NULL),(5,2,3,'Phòng 1','room',NULL,100000.00,1,'Tiếng','available','[\"/uploads/services/service-4-1770138817540-8ba4e25d35fe.jpg\"]','approved',1,'2026-02-27 03:40:24',NULL,'2026-02-03 17:13:55','2026-02-27 03:40:24','Tầng trệt',NULL,NULL),(6,2,3,'Phòng 2','room',NULL,100000.00,1,'Tiếng','available','[\"/uploads/services/service-4-1770138862528-57a00ac0c7e8.jpg\"]','approved',1,'2026-02-27 03:40:24',NULL,'2026-02-03 17:14:26','2026-02-27 03:40:24','Tầng trệt',NULL,NULL),(7,3,4,'Vé Người Lớn','ticket',NULL,100000.00,500,'Vé','available','[\"/uploads/services/service-4-1770138895174-751ff3d9ef50.jpg\"]','approved',1,'2026-05-25 09:00:12',NULL,'2026-02-03 17:15:06','2026-05-25 09:00:12','Vé Người Lớn',NULL,NULL),(8,3,5,'Vé Trẻ Em','ticket',NULL,50000.00,500,'Vé','available','[\"/uploads/services/service-4-1770138914751-85503641ffa6.png\"]','approved',1,'2026-05-25 09:00:12',NULL,'2026-02-03 17:15:34','2026-05-25 09:00:12','Vé Trẻ Em',NULL,NULL),(11,2,6,'Phòng3','room',NULL,100000.00,1,'Tiếng','available','[\"/uploads/services/service-4-1770189532158-a1b34c72648d.jpg\"]','approved',1,'2026-02-27 03:40:24',NULL,'2026-02-04 07:17:53','2026-02-27 03:40:24','Tầng 2',NULL,NULL),(12,2,6,'Phòng4','room',NULL,100000.00,1,'Tiếng','available','[\"/uploads/services/service-4-1770189542024-7f8fa8c38ce8.jpg\"]','approved',1,'2026-02-27 03:40:24',NULL,'2026-02-04 07:17:53','2026-02-27 03:40:24','Tầng 2',NULL,NULL),(13,2,6,'Phòng5','room',NULL,100000.00,1,'Tiếng','available','[\"/uploads/services/service-4-1770189549590-039655050af5.jpg\"]','approved',1,'2026-02-27 03:40:24',NULL,'2026-02-04 07:17:53','2026-02-27 03:40:24','Tầng 2',NULL,NULL),(14,2,6,'Phòng6','room',NULL,100000.00,1,'Tiếng','available','[\"/uploads/services/service-4-1770189555726-2d27ebd6bd29.jpg\"]','approved',1,'2026-02-27 03:40:24',NULL,'2026-02-04 07:17:53','2026-02-27 03:40:24','Tầng 2',NULL,NULL),(15,1,8,'Bánh cheesecake Chanh Dây Phô Mai','food',NULL,100000.00,1,'Phần','available','[\"/uploads/services/service-4-1770204076202-7de68a092498.png\"]','approved',1,'2026-02-04 11:24:15',NULL,'2026-02-04 11:21:34','2026-02-04 11:24:15','Bánh Ngọt',NULL,NULL),(16,1,8,'Bánh Sừng Trâu','food',NULL,8000.00,1,'Cái','available','[\"/uploads/services/service-4-1770204136123-d79c0486ee07.jpg\"]','approved',1,'2026-02-04 11:24:15',NULL,'2026-02-04 11:22:44','2026-02-04 11:24:15','Bánh Ngọt',NULL,NULL),(17,1,1,'Cafe Cam','food',NULL,15000.00,1,'Ly','available','[\"/uploads/services/service-4-1770204174545-16c353aeb017.jpg\"]','approved',1,'2026-02-04 11:24:15',NULL,'2026-02-04 11:23:11','2026-02-04 11:24:15','Cafe',NULL,NULL),(18,1,8,'tiramisu','food',NULL,19000.00,1,'Cái','available','[\"/uploads/services/service-4-1770204206208-fb46c5231bb6.png\"]','approved',1,'2026-02-04 11:24:15',NULL,'2026-02-04 11:23:38','2026-02-04 11:24:15','Bánh Ngọt',NULL,NULL),(19,1,NULL,'Đặt bàn','table',NULL,0.00,9999,'Bàn','available',NULL,'approved',NULL,'2026-05-12 17:03:51',NULL,'2026-05-12 17:03:51','2026-05-12 17:03:51',NULL,NULL,NULL);
/*!40000 ALTER TABLE `services` ENABLE KEYS */;
UNLOCK TABLES;

--
-- Table structure for table `sos_alerts`
--

DROP TABLE IF EXISTS `sos_alerts`;
/*!40101 SET @saved_cs_client     = @@character_set_client */;
/*!50503 SET character_set_client = utf8mb4 */;
CREATE TABLE `sos_alerts` (
  `alert_id` int NOT NULL AUTO_INCREMENT,
  `user_id` int DEFAULT NULL,
  `location_coordinates` point DEFAULT NULL,
  `location_text` text,
  `message` text,
  `status` enum('pending','processing','resolved') DEFAULT 'pending',
  `resolved_at` timestamp NULL DEFAULT NULL,
  `created_at` timestamp NULL DEFAULT CURRENT_TIMESTAMP,
  PRIMARY KEY (`alert_id`),
  KEY `idx_status` (`status`),
  KEY `sos_alerts_ibfk_1` (`user_id`),
  CONSTRAINT `sos_alerts_ibfk_1` FOREIGN KEY (`user_id`) REFERENCES `users` (`user_id`) ON DELETE SET NULL
) ENGINE=InnoDB DEFAULT CHARSET=utf8mb4 COLLATE=utf8mb4_0900_ai_ci;
/*!40101 SET character_set_client = @saved_cs_client */;

--
-- Dumping data for table `sos_alerts`
--

LOCK TABLES `sos_alerts` WRITE;
/*!40000 ALTER TABLE `sos_alerts` DISABLE KEYS */;
/*!40000 ALTER TABLE `sos_alerts` ENABLE KEYS */;
UNLOCK TABLES;

--
-- Table structure for table `system_settings`
--

DROP TABLE IF EXISTS `system_settings`;
/*!40101 SET @saved_cs_client     = @@character_set_client */;
/*!50503 SET character_set_client = utf8mb4 */;
CREATE TABLE `system_settings` (
  `setting_key` varchar(100) NOT NULL,
  `setting_value` text,
  `setting_value_file` varchar(255) DEFAULT NULL,
  `setting_type` enum('text','image','json') DEFAULT 'text',
  `updated_at` timestamp NULL DEFAULT CURRENT_TIMESTAMP ON UPDATE CURRENT_TIMESTAMP,
  `image_source` enum('upload','url') DEFAULT 'url',
  PRIMARY KEY (`setting_key`)
) ENGINE=InnoDB DEFAULT CHARSET=utf8mb4 COLLATE=utf8mb4_0900_ai_ci;
/*!40101 SET character_set_client = @saved_cs_client */;

--
-- Dumping data for table `system_settings`
--

LOCK TABLES `system_settings` WRITE;
/*!40000 ALTER TABLE `system_settings` DISABLE KEYS */;
INSERT INTO `system_settings` VALUES ('admin_bank_account','05012004',NULL,'text','2026-02-03 16:54:47','url'),('admin_bank_bin',NULL,NULL,'text','2026-02-03 16:54:47','url'),('admin_bank_contact_info',NULL,NULL,'text','2026-02-03 16:54:47','url'),('admin_bank_holder','Admin',NULL,'text','2026-02-03 16:54:47','url'),('admin_bank_name','Eximbank',NULL,'text','2026-02-03 16:54:47','url'),('app_background_url',NULL,NULL,'image','2026-05-26 06:54:13','url');
/*!40000 ALTER TABLE `system_settings` ENABLE KEYS */;
UNLOCK TABLES;

--
-- Table structure for table `user_active_sessions`
--

DROP TABLE IF EXISTS `user_active_sessions`;
/*!40101 SET @saved_cs_client     = @@character_set_client */;
/*!50503 SET character_set_client = utf8mb4 */;
CREATE TABLE `user_active_sessions` (
  `user_id` int NOT NULL,
  `session_id` varchar(64) NOT NULL,
  `created_at` datetime DEFAULT CURRENT_TIMESTAMP,
  `updated_at` datetime DEFAULT CURRENT_TIMESTAMP ON UPDATE CURRENT_TIMESTAMP,
  PRIMARY KEY (`user_id`)
) ENGINE=InnoDB DEFAULT CHARSET=utf8mb4 COLLATE=utf8mb4_0900_ai_ci;
/*!40101 SET character_set_client = @saved_cs_client */;

--
-- Dumping data for table `user_active_sessions`
--

LOCK TABLES `user_active_sessions` WRITE;
/*!40000 ALTER TABLE `user_active_sessions` DISABLE KEYS */;
INSERT INTO `user_active_sessions` VALUES (1,'d55b46d7-51b3-46d7-a895-4d3b403d35c9','2026-05-13 16:51:14','2026-06-01 21:50:53'),(4,'93cc03f9-0be9-4ebe-84e4-e78d44d4348b','2026-05-13 16:50:29','2026-06-01 22:18:18'),(8,'648a3a08-64ae-49d5-9fb1-f864e00565df','2026-05-13 16:50:05','2026-06-01 21:18:06'),(14,'f22fd5ea-5cf7-43c2-b3b0-90eafbe2cdcd','2026-05-30 10:48:02','2026-05-30 10:48:02'),(30,'1e2dccdf-871e-43bc-aa8c-4630c33b8a43','2026-05-20 16:10:44','2026-05-20 16:10:44');
/*!40000 ALTER TABLE `user_active_sessions` ENABLE KEYS */;
UNLOCK TABLES;

--
-- Table structure for table `user_diary`
--

DROP TABLE IF EXISTS `user_diary`;
/*!40101 SET @saved_cs_client     = @@character_set_client */;
/*!50503 SET character_set_client = utf8mb4 */;
CREATE TABLE `user_diary` (
  `diary_id` int NOT NULL AUTO_INCREMENT,
  `user_id` int NOT NULL,
  `location_id` int DEFAULT NULL,
  `images` json DEFAULT NULL,
  `mood` enum('happy','excited','neutral','sad','angry','tired') DEFAULT 'happy',
  `notes` text,
  `created_at` timestamp NULL DEFAULT CURRENT_TIMESTAMP,
  PRIMARY KEY (`diary_id`),
  KEY `user_diary_ibfk_1` (`user_id`),
  KEY `user_diary_ibfk_2` (`location_id`),
  CONSTRAINT `user_diary_ibfk_1` FOREIGN KEY (`user_id`) REFERENCES `users` (`user_id`) ON DELETE CASCADE,
  CONSTRAINT `user_diary_ibfk_2` FOREIGN KEY (`location_id`) REFERENCES `locations` (`location_id`) ON DELETE SET NULL
) ENGINE=InnoDB DEFAULT CHARSET=utf8mb4 COLLATE=utf8mb4_0900_ai_ci;
/*!40101 SET character_set_client = @saved_cs_client */;

--
-- Dumping data for table `user_diary`
--

LOCK TABLES `user_diary` WRITE;
/*!40000 ALTER TABLE `user_diary` DISABLE KEYS */;
/*!40000 ALTER TABLE `user_diary` ENABLE KEYS */;
UNLOCK TABLES;

--
-- Table structure for table `user_notification_dismissed`
--

DROP TABLE IF EXISTS `user_notification_dismissed`;
/*!40101 SET @saved_cs_client     = @@character_set_client */;
/*!50503 SET character_set_client = utf8mb4 */;
CREATE TABLE `user_notification_dismissed` (
  `notification_id` int NOT NULL,
  `user_id` int NOT NULL,
  `dismissed_at` datetime NOT NULL DEFAULT CURRENT_TIMESTAMP,
  PRIMARY KEY (`notification_id`,`user_id`),
  KEY `idx_user_notification_dismissed_user` (`user_id`),
  CONSTRAINT `fk_user_notification_dismissed_notification` FOREIGN KEY (`notification_id`) REFERENCES `push_notifications` (`notification_id`) ON DELETE CASCADE,
  CONSTRAINT `fk_user_notification_dismissed_user` FOREIGN KEY (`user_id`) REFERENCES `users` (`user_id`) ON DELETE CASCADE
) ENGINE=InnoDB DEFAULT CHARSET=utf8mb4 COLLATE=utf8mb4_0900_ai_ci;
/*!40101 SET character_set_client = @saved_cs_client */;

--
-- Dumping data for table `user_notification_dismissed`
--

LOCK TABLES `user_notification_dismissed` WRITE;
/*!40000 ALTER TABLE `user_notification_dismissed` DISABLE KEYS */;
INSERT INTO `user_notification_dismissed` VALUES (1,8,'2026-05-26 08:13:25'),(7,8,'2026-05-26 08:13:25'),(8,8,'2026-05-26 08:13:25'),(9,8,'2026-05-26 08:13:25'),(10,8,'2026-05-31 13:49:12'),(11,8,'2026-05-31 13:49:12'),(12,8,'2026-05-31 13:49:12'),(13,8,'2026-05-31 13:49:12'),(14,8,'2026-05-31 13:49:12'),(15,8,'2026-05-31 13:49:12'),(16,8,'2026-05-31 13:49:12'),(17,8,'2026-05-31 13:49:12'),(18,8,'2026-05-31 13:49:12'),(20,8,'2026-06-01 21:18:11'),(21,8,'2026-06-01 21:18:11'),(22,8,'2026-06-01 21:27:27'),(23,8,'2026-06-01 21:27:27'),(24,8,'2026-06-01 21:27:27'),(25,8,'2026-06-01 21:27:27'),(26,8,'2026-06-01 21:27:27'),(27,8,'2026-06-01 21:27:27');
/*!40000 ALTER TABLE `user_notification_dismissed` ENABLE KEYS */;
UNLOCK TABLES;

--
-- Table structure for table `user_notification_reads`
--

DROP TABLE IF EXISTS `user_notification_reads`;
/*!40101 SET @saved_cs_client     = @@character_set_client */;
/*!50503 SET character_set_client = utf8mb4 */;
CREATE TABLE `user_notification_reads` (
  `notification_id` int NOT NULL,
  `user_id` int NOT NULL,
  `read_at` datetime NOT NULL DEFAULT CURRENT_TIMESTAMP,
  PRIMARY KEY (`notification_id`,`user_id`),
  KEY `idx_user_notification_reads_user` (`user_id`),
  CONSTRAINT `fk_user_notification_reads_notification` FOREIGN KEY (`notification_id`) REFERENCES `push_notifications` (`notification_id`) ON DELETE CASCADE,
  CONSTRAINT `fk_user_notification_reads_user` FOREIGN KEY (`user_id`) REFERENCES `users` (`user_id`) ON DELETE CASCADE
) ENGINE=InnoDB DEFAULT CHARSET=utf8mb4 COLLATE=utf8mb4_0900_ai_ci;
/*!40101 SET character_set_client = @saved_cs_client */;

--
-- Dumping data for table `user_notification_reads`
--

LOCK TABLES `user_notification_reads` WRITE;
/*!40000 ALTER TABLE `user_notification_reads` DISABLE KEYS */;
/*!40000 ALTER TABLE `user_notification_reads` ENABLE KEYS */;
UNLOCK TABLES;

--
-- Table structure for table `user_preferences`
--

DROP TABLE IF EXISTS `user_preferences`;
/*!40101 SET @saved_cs_client     = @@character_set_client */;
/*!50503 SET character_set_client = utf8mb4 */;
CREATE TABLE `user_preferences` (
  `user_id` int NOT NULL,
  `personality` varchar(50) DEFAULT 'friendly',
  `travel_style` json DEFAULT NULL COMMENT '["foodie","adventure","relax","culture"]',
  `budget_range` varchar(50) DEFAULT NULL,
  `preferred_locations` json DEFAULT NULL,
  `dislikes` json DEFAULT NULL,
  `chat_preference` varchar(50) DEFAULT 'casual',
  `ai_profile` json DEFAULT NULL,
  `updated_at` timestamp NULL DEFAULT CURRENT_TIMESTAMP ON UPDATE CURRENT_TIMESTAMP,
  `ai_model` varchar(50) DEFAULT 'gpt-4o-mini',
  `ai_profile_version` int DEFAULT '1',
  `ai_last_updated` timestamp NULL DEFAULT NULL,
  PRIMARY KEY (`user_id`),
  CONSTRAINT `user_preferences_ibfk_1` FOREIGN KEY (`user_id`) REFERENCES `users` (`user_id`) ON DELETE CASCADE
) ENGINE=InnoDB DEFAULT CHARSET=utf8mb4 COLLATE=utf8mb4_0900_ai_ci;
/*!40101 SET character_set_client = @saved_cs_client */;

--
-- Dumping data for table `user_preferences`
--

LOCK TABLES `user_preferences` WRITE;
/*!40000 ALTER TABLE `user_preferences` DISABLE KEYS */;
/*!40000 ALTER TABLE `user_preferences` ENABLE KEYS */;
UNLOCK TABLES;

--
-- Table structure for table `user_voucher_wallet`
--

DROP TABLE IF EXISTS `user_voucher_wallet`;
/*!40101 SET @saved_cs_client     = @@character_set_client */;
/*!50503 SET character_set_client = utf8mb4 */;
CREATE TABLE `user_voucher_wallet` (
  `wallet_id` bigint NOT NULL AUTO_INCREMENT,
  `user_id` int NOT NULL,
  `voucher_id` int NOT NULL,
  `claimed_at` timestamp NULL DEFAULT CURRENT_TIMESTAMP,
  PRIMARY KEY (`wallet_id`),
  UNIQUE KEY `uniq_user_voucher` (`user_id`,`voucher_id`),
  KEY `idx_uvw_user` (`user_id`),
  KEY `idx_uvw_voucher` (`voucher_id`),
  CONSTRAINT `fk_uvw_user` FOREIGN KEY (`user_id`) REFERENCES `users` (`user_id`) ON DELETE CASCADE,
  CONSTRAINT `fk_uvw_voucher` FOREIGN KEY (`voucher_id`) REFERENCES `vouchers` (`voucher_id`) ON DELETE CASCADE
) ENGINE=InnoDB AUTO_INCREMENT=26 DEFAULT CHARSET=utf8mb4 COLLATE=utf8mb4_0900_ai_ci;
/*!40101 SET character_set_client = @saved_cs_client */;

--
-- Dumping data for table `user_voucher_wallet`
--

LOCK TABLES `user_voucher_wallet` WRITE;
/*!40000 ALTER TABLE `user_voucher_wallet` DISABLE KEYS */;
INSERT INTO `user_voucher_wallet` VALUES (1,8,2,'2026-06-01 01:20:26'),(2,8,1,'2026-06-01 01:20:27'),(3,8,3,'2026-06-01 02:49:22'),(4,8,4,'2026-06-01 07:38:00'),(7,8,6,'2026-06-01 09:21:23');
/*!40000 ALTER TABLE `user_voucher_wallet` ENABLE KEYS */;
UNLOCK TABLES;

--
-- Table structure for table `users`
--

DROP TABLE IF EXISTS `users`;
/*!40101 SET @saved_cs_client     = @@character_set_client */;
/*!50503 SET character_set_client = utf8mb4 */;
CREATE TABLE `users` (
  `user_id` int NOT NULL AUTO_INCREMENT,
  `email` varchar(255) CHARACTER SET utf8mb4 COLLATE utf8mb4_general_ci DEFAULT NULL,
  `phone` varchar(15) DEFAULT NULL,
  `password_hash` varchar(255) DEFAULT NULL,
  `full_name` varchar(255) NOT NULL,
  `avatar_url` text,
  `avatar_path` varchar(255) DEFAULT NULL,
  `avatar_source` enum('upload','url') DEFAULT 'url',
  `role` enum('user','owner','employee','admin') DEFAULT 'user',
  `admin_type` enum('system','support') DEFAULT NULL,
  `status` enum('active','pending','locked') DEFAULT 'active',
  `is_verified` tinyint(1) DEFAULT '0',
  `google_id` varchar(255) DEFAULT NULL,
  `facebook_id` varchar(255) DEFAULT NULL,
  `refresh_token` text,
  `verified_at` timestamp NULL DEFAULT NULL,
  `created_at` timestamp NULL DEFAULT CURRENT_TIMESTAMP,
  `updated_at` timestamp NULL DEFAULT CURRENT_TIMESTAMP ON UPDATE CURRENT_TIMESTAMP,
  `deleted_at` timestamp NULL DEFAULT NULL,
  `avatar_updated_at` timestamp NULL DEFAULT NULL,
  PRIMARY KEY (`user_id`),
  UNIQUE KEY `email` (`email`),
  KEY `idx_email` (`email`),
  KEY `idx_phone` (`phone`),
  KEY `idx_role` (`role`),
  KEY `idx_users_deleted_at` (`deleted_at`)
) ENGINE=InnoDB AUTO_INCREMENT=44 DEFAULT CHARSET=utf8mb4 COLLATE=utf8mb4_0900_ai_ci;
/*!40101 SET character_set_client = @saved_cs_client */;

--
-- Dumping data for table `users`
--

LOCK TABLES `users` WRITE;
/*!40000 ALTER TABLE `users` DISABLE KEYS */;
INSERT INTO `users` VALUES (1,'minhmap3367@gmail.com','0869378427',NULL,'Mai Nhựt Minh',NULL,'/uploads/avatars/avatar-1-1770136267845-28dd48cff1d2.jpg','upload','admin',NULL,'active',1,'110437839771793851495',NULL,'eyJhbGciOiJIUzI1NiIsInR5cCI6IkpXVCJ9.eyJ1c2VySWQiOjEsImlhdCI6MTc4MDMyNTQ1MywiZXhwIjoxNzgyOTE3NDUzfQ.0mMMKa9vh9NFNGWiE2U7yGzBorf-HeTAZLP2NJPb33g',NULL,'2026-01-20 12:35:54','2026-06-01 14:50:53',NULL,NULL),(4,'memory3367@gmail.com','0869378422',NULL,'Minh','https://cdn-media.sforum.vn/storage/app/media/ctvseo_maihue/hinh-nen-1920-1080/hinh-nen-1920-1080-thumbnail.jpg','/uploads/avatars/avatar-4-1769754088268-dd70a7a58220.png','upload','owner',NULL,'active',1,'115224012803629970659',NULL,'eyJhbGciOiJIUzI1NiIsInR5cCI6IkpXVCJ9.eyJ1c2VySWQiOjQsImlhdCI6MTc4MDMyNzA5OCwiZXhwIjoxNzgyOTE5MDk4fQ.9NOStLMLtl_qxRLKfNxjbKWJS6GI0d1cAmV7-luQSHM',NULL,'2026-01-20 14:50:12','2026-06-01 15:18:18',NULL,'2026-01-30 06:21:28'),(8,'sathuonline0788746659@gmail.com','0869378427',NULL,'Nhựt Minh',NULL,'/uploads/avatars/avatar-8-1770052786105-37137d1b5ced.png','upload','user',NULL,'active',1,'118417830643697148166',NULL,'eyJhbGciOiJIUzI1NiIsInR5cCI6IkpXVCJ9.eyJ1c2VySWQiOjgsImlhdCI6MTc4MDMyMzQ4NiwiZXhwIjoxNzgyOTE1NDg2fQ.XurniPXSirb5ilOtRcnooqHOpAb65QPAjVsHy2T6ck4',NULL,'2026-02-02 16:54:52','2026-06-01 14:18:06',NULL,'2026-02-02 17:19:46'),(9,'NVA@gmail.com','0123456789','$2b$10$.Laf.Nz1kJy2hKJPG87qleXLs1.V0aqmsxeTWIs0ZH7zWMjVwbYSe','Nguyễn Văn A',NULL,NULL,'url','employee',NULL,'active',1,NULL,NULL,NULL,NULL,'2026-02-04 06:19:33','2026-05-30 03:46:54',NULL,NULL),(10,'NVB@gmail.com','0123456788','$2b$10$.Laf.Nz1kJy2hKJPG87qleXLs1.V0aqmsxeTWIs0ZH7zWMjVwbYSe','Nguyễn Văn B',NULL,NULL,'url','employee',NULL,'active',1,NULL,NULL,NULL,NULL,'2026-02-04 06:20:08','2026-05-30 03:46:54',NULL,NULL),(11,'NVC@gmail.com','0123456787','$2b$10$.Laf.Nz1kJy2hKJPG87qleXLs1.V0aqmsxeTWIs0ZH7zWMjVwbYSe','Nguyễn Văn BC',NULL,NULL,'url','employee',NULL,'active',1,NULL,NULL,NULL,NULL,'2026-02-04 06:20:54','2026-05-30 03:46:54',NULL,NULL),(12,'NVD@gmail.com','0123456776','$2b$10$.Laf.Nz1kJy2hKJPG87qleXLs1.V0aqmsxeTWIs0ZH7zWMjVwbYSe','Nguyễn Văn D',NULL,NULL,'url','employee',NULL,'active',1,NULL,NULL,NULL,NULL,'2026-02-04 06:21:34','2026-05-30 03:46:54',NULL,NULL),(13,'NVE@gmail.com','0123456775','$2b$10$.Laf.Nz1kJy2hKJPG87qleXLs1.V0aqmsxeTWIs0ZH7zWMjVwbYSe','Nguyễn Văn E',NULL,NULL,'url','employee',NULL,'active',1,NULL,NULL,NULL,NULL,'2026-02-04 06:22:13','2026-05-30 03:46:54',NULL,NULL),(14,'NVF@gmail.com','0123456774','$2b$10$.Laf.Nz1kJy2hKJPG87qleXLs1.V0aqmsxeTWIs0ZH7zWMjVwbYSe','Nguyễn Văn F',NULL,NULL,'url','employee',NULL,'active',1,NULL,NULL,'eyJhbGciOiJIUzI1NiIsInR5cCI6IkpXVCJ9.eyJ1c2VySWQiOjE0LCJpYXQiOjE3ODAxMTI4ODIsImV4cCI6MTc4MjcwNDg4Mn0.qV_W9U_JbJw0DNHW5Fg9HGMCca5dfQM70wGE_LrB150',NULL,'2026-02-04 06:22:36','2026-05-30 03:48:02',NULL,NULL),(15,NULL,'k',NULL,'k',NULL,NULL,'url','user',NULL,'active',0,NULL,NULL,NULL,NULL,'2026-02-25 06:53:59','2026-02-25 06:53:59',NULL,NULL),(16,NULL,'01234567789',NULL,'minh',NULL,NULL,'url','user',NULL,'active',0,NULL,NULL,NULL,NULL,'2026-02-25 11:53:06','2026-02-25 11:53:06',NULL,NULL),(17,NULL,'0123456789',NULL,'Văn B',NULL,NULL,'url','user',NULL,'active',0,NULL,NULL,NULL,NULL,'2026-02-25 11:55:14','2026-02-25 11:55:14',NULL,NULL),(18,NULL,'0123456789',NULL,'Văn B',NULL,NULL,'url','user',NULL,'active',0,NULL,NULL,NULL,NULL,'2026-02-25 11:56:24','2026-02-25 11:56:24',NULL,NULL),(19,NULL,'0123456789',NULL,'Văn B',NULL,NULL,'url','user',NULL,'active',0,NULL,NULL,NULL,NULL,'2026-02-25 11:59:13','2026-02-25 11:59:13',NULL,NULL),(20,NULL,'0123456789',NULL,'Văn B',NULL,NULL,'url','user',NULL,'active',0,NULL,NULL,NULL,NULL,'2026-02-25 11:59:36','2026-02-25 11:59:36',NULL,NULL),(21,NULL,'0123456789',NULL,'Văn B',NULL,NULL,'url','user',NULL,'active',0,NULL,NULL,NULL,NULL,'2026-02-25 11:59:44','2026-02-25 11:59:44',NULL,NULL),(22,NULL,'0123456789',NULL,'Văn B',NULL,NULL,'url','user',NULL,'active',0,NULL,NULL,NULL,NULL,'2026-02-25 12:00:02','2026-02-25 12:00:02',NULL,NULL),(23,NULL,'0987654321',NULL,'La Hoàn',NULL,NULL,'url','user',NULL,'active',0,NULL,NULL,NULL,NULL,'2026-02-25 12:15:01','2026-02-25 12:15:01',NULL,NULL),(24,NULL,'0987654333',NULL,'Hoàn',NULL,NULL,'url','user',NULL,'active',0,NULL,NULL,NULL,NULL,'2026-02-25 12:15:29','2026-02-25 12:15:29',NULL,NULL),(25,NULL,'0971265389',NULL,'Văn A',NULL,NULL,'url','user',NULL,'active',0,NULL,NULL,NULL,NULL,'2026-02-25 12:17:04','2026-02-25 12:17:04',NULL,NULL),(26,NULL,'0123456787',NULL,'anh an',NULL,NULL,'url','user',NULL,'active',0,NULL,NULL,NULL,NULL,'2026-02-27 02:32:54','2026-02-27 02:32:54',NULL,NULL),(27,NULL,'0123456789',NULL,'Văn An',NULL,NULL,'url','user',NULL,'active',0,NULL,NULL,NULL,NULL,'2026-02-27 03:40:51','2026-02-27 03:40:51',NULL,NULL),(28,NULL,'0123456789',NULL,'Văn An',NULL,NULL,'url','user',NULL,'active',0,NULL,NULL,NULL,NULL,'2026-02-27 03:41:35','2026-02-27 03:41:35',NULL,NULL),(29,NULL,'0123456565',NULL,'Văn An',NULL,NULL,'url','user',NULL,'active',0,NULL,NULL,NULL,NULL,'2026-02-27 03:42:00','2026-02-27 03:42:00',NULL,NULL),(30,NULL,NULL,NULL,'Mai Nhựt Minh','https://platform-lookaside.fbsbx.com/platform/profilepic/?asid=844236858219458&height=50&width=50&ext=1781860293&hash=Afu3OueMD7KY8bGvqlxO3SaK',NULL,'url','user',NULL,'active',1,NULL,'844236858219458','eyJhbGciOiJIUzI1NiIsInR5cCI6IkpXVCJ9.eyJ1c2VySWQiOjMwLCJpYXQiOjE3NzkyNjgyNDQsImV4cCI6MTc4MTg2MDI0NH0.6aU1y2HDHvvdEauPYAfjMhiIaC2SikkB6PkyF619Z_Q',NULL,'2026-05-20 09:10:44','2026-05-20 09:10:44',NULL,NULL),(31,NULL,'0321654798',NULL,'văn A',NULL,NULL,'url','user',NULL,'active',0,NULL,NULL,NULL,NULL,'2026-05-24 16:56:39','2026-05-24 16:56:39',NULL,NULL),(32,NULL,'0321654987',NULL,'văn an',NULL,NULL,'url','user',NULL,'active',0,NULL,NULL,NULL,NULL,'2026-05-24 16:57:08','2026-05-24 16:57:08',NULL,NULL),(33,NULL,'0987654123',NULL,'Nguyễn Văn A',NULL,NULL,'url','user',NULL,'active',0,NULL,NULL,NULL,NULL,'2026-05-25 07:44:14','2026-05-25 07:44:14',NULL,NULL),(34,NULL,'0369852147',NULL,'Nguyễn Văn A',NULL,NULL,'url','user',NULL,'active',0,NULL,NULL,NULL,NULL,'2026-05-25 07:44:29','2026-05-25 07:44:29',NULL,NULL),(35,NULL,'0321654789',NULL,'Văn Lang',NULL,NULL,'url','user',NULL,'active',0,NULL,NULL,NULL,NULL,'2026-05-29 01:29:57','2026-05-29 01:29:57',NULL,NULL),(36,NULL,'0321654789',NULL,'Văn Lang',NULL,NULL,'url','user',NULL,'active',0,NULL,NULL,NULL,NULL,'2026-05-29 01:30:04','2026-05-29 01:30:04',NULL,NULL),(37,NULL,'0321654789',NULL,'Văn Lang',NULL,NULL,'url','user',NULL,'active',0,NULL,NULL,NULL,NULL,'2026-05-29 02:15:32','2026-05-29 02:15:32',NULL,NULL),(38,NULL,'0321654789',NULL,'Văn Lang',NULL,NULL,'url','user',NULL,'active',0,NULL,NULL,NULL,NULL,'2026-05-29 02:15:39','2026-05-29 02:15:39',NULL,NULL),(39,NULL,'0987654321',NULL,'Nhân',NULL,NULL,'url','user',NULL,'active',0,NULL,NULL,NULL,NULL,'2026-05-31 16:25:57','2026-05-31 16:25:57',NULL,NULL),(40,NULL,'0123456789',NULL,'Văn A',NULL,NULL,'url','user',NULL,'active',0,NULL,NULL,NULL,NULL,'2026-06-01 08:18:25','2026-06-01 08:18:25',NULL,NULL),(41,NULL,'0123965748',NULL,'Văn B',NULL,NULL,'url','user',NULL,'active',0,NULL,NULL,NULL,NULL,'2026-06-01 08:18:37','2026-06-01 08:18:37',NULL,NULL),(42,NULL,'0987654321',NULL,'Nguyễn A',NULL,NULL,'url','user',NULL,'active',0,NULL,NULL,NULL,NULL,'2026-06-01 14:25:39','2026-06-01 14:25:39',NULL,NULL),(43,NULL,'0987654321',NULL,'Nguyễn A',NULL,NULL,'url','user',NULL,'active',0,NULL,NULL,NULL,NULL,'2026-06-01 14:25:51','2026-06-01 14:25:51',NULL,NULL);
/*!40000 ALTER TABLE `users` ENABLE KEYS */;
UNLOCK TABLES;

--
-- Table structure for table `voucher_locations`
--

DROP TABLE IF EXISTS `voucher_locations`;
/*!40101 SET @saved_cs_client     = @@character_set_client */;
/*!50503 SET character_set_client = utf8mb4 */;
CREATE TABLE `voucher_locations` (
  `voucher_id` int NOT NULL,
  `location_id` int NOT NULL,
  `created_at` timestamp NULL DEFAULT CURRENT_TIMESTAMP,
  PRIMARY KEY (`voucher_id`,`location_id`),
  KEY `idx_vl_location` (`location_id`),
  CONSTRAINT `voucher_locations_fk_location` FOREIGN KEY (`location_id`) REFERENCES `locations` (`location_id`) ON DELETE CASCADE,
  CONSTRAINT `voucher_locations_fk_voucher` FOREIGN KEY (`voucher_id`) REFERENCES `vouchers` (`voucher_id`) ON DELETE CASCADE
) ENGINE=InnoDB DEFAULT CHARSET=utf8mb4 COLLATE=utf8mb4_0900_ai_ci;
/*!40101 SET character_set_client = @saved_cs_client */;

--
-- Dumping data for table `voucher_locations`
--

LOCK TABLES `voucher_locations` WRITE;
/*!40000 ALTER TABLE `voucher_locations` DISABLE KEYS */;
INSERT INTO `voucher_locations` VALUES (1,1,'2026-05-31 16:23:40'),(2,2,'2026-05-31 16:59:26'),(2,3,'2026-05-31 16:59:26'),(5,2,'2026-06-01 03:06:57'),(6,1,'2026-06-01 09:20:52'),(6,2,'2026-06-01 09:20:52'),(6,3,'2026-06-01 09:20:52');
/*!40000 ALTER TABLE `voucher_locations` ENABLE KEYS */;
UNLOCK TABLES;

--
-- Table structure for table `voucher_reviews`
--

DROP TABLE IF EXISTS `voucher_reviews`;
/*!40101 SET @saved_cs_client     = @@character_set_client */;
/*!50503 SET character_set_client = utf8mb4 */;
CREATE TABLE `voucher_reviews` (
  `voucher_id` int NOT NULL,
  `approval_status` enum('pending','approved','rejected') NOT NULL DEFAULT 'pending',
  `rejection_reason` text,
  `reviewed_by` int DEFAULT NULL,
  `reviewed_at` timestamp NULL DEFAULT NULL,
  `created_at` timestamp NULL DEFAULT CURRENT_TIMESTAMP,
  `updated_at` timestamp NULL DEFAULT CURRENT_TIMESTAMP ON UPDATE CURRENT_TIMESTAMP,
  PRIMARY KEY (`voucher_id`),
  KEY `idx_vr_status` (`approval_status`),
  KEY `idx_vr_reviewed_by` (`reviewed_by`),
  CONSTRAINT `voucher_reviews_fk_reviewed_by` FOREIGN KEY (`reviewed_by`) REFERENCES `users` (`user_id`) ON DELETE SET NULL,
  CONSTRAINT `voucher_reviews_fk_voucher` FOREIGN KEY (`voucher_id`) REFERENCES `vouchers` (`voucher_id`) ON DELETE CASCADE
) ENGINE=InnoDB DEFAULT CHARSET=utf8mb4 COLLATE=utf8mb4_0900_ai_ci;
/*!40101 SET character_set_client = @saved_cs_client */;

--
-- Dumping data for table `voucher_reviews`
--

LOCK TABLES `voucher_reviews` WRITE;
/*!40000 ALTER TABLE `voucher_reviews` DISABLE KEYS */;
INSERT INTO `voucher_reviews` VALUES (4,'approved',NULL,1,'2026-06-01 02:52:03','2026-06-01 02:45:23','2026-06-01 02:52:03');
/*!40000 ALTER TABLE `voucher_reviews` ENABLE KEYS */;
UNLOCK TABLES;

--
-- Table structure for table `voucher_usage_history`
--

DROP TABLE IF EXISTS `voucher_usage_history`;
/*!40101 SET @saved_cs_client     = @@character_set_client */;
/*!50503 SET character_set_client = utf8mb4 */;
CREATE TABLE `voucher_usage_history` (
  `usage_id` bigint NOT NULL AUTO_INCREMENT,
  `voucher_id` int NOT NULL,
  `voucher_code` varchar(50) NOT NULL,
  `user_id` int NOT NULL,
  `user_full_name` varchar(255) NOT NULL,
  `user_email` varchar(255) NOT NULL,
  `used_at` timestamp NULL DEFAULT CURRENT_TIMESTAMP,
  `booking_id` int DEFAULT NULL,
  `location_id` int DEFAULT NULL,
  `total_amount` decimal(10,2) DEFAULT NULL,
  `discount_amount` decimal(10,2) DEFAULT NULL,
  `final_amount` decimal(10,2) DEFAULT NULL,
  `source` enum('booking','pos','other') NOT NULL DEFAULT 'booking',
  PRIMARY KEY (`usage_id`),
  KEY `idx_vuh_voucher_used_at` (`voucher_id`,`used_at`),
  KEY `idx_vuh_user_used_at` (`user_id`,`used_at`),
  KEY `idx_vuh_booking_id` (`booking_id`),
  KEY `idx_vuh_location_id` (`location_id`),
  KEY `idx_vuh_voucher_code` (`voucher_code`),
  CONSTRAINT `vuh_fk_booking` FOREIGN KEY (`booking_id`) REFERENCES `bookings` (`booking_id`) ON DELETE SET NULL,
  CONSTRAINT `vuh_fk_location` FOREIGN KEY (`location_id`) REFERENCES `locations` (`location_id`) ON DELETE SET NULL,
  CONSTRAINT `vuh_fk_user` FOREIGN KEY (`user_id`) REFERENCES `users` (`user_id`) ON DELETE CASCADE,
  CONSTRAINT `vuh_fk_voucher` FOREIGN KEY (`voucher_id`) REFERENCES `vouchers` (`voucher_id`) ON DELETE CASCADE
) ENGINE=InnoDB AUTO_INCREMENT=8 DEFAULT CHARSET=utf8mb4 COLLATE=utf8mb4_0900_ai_ci;
/*!40101 SET character_set_client = @saved_cs_client */;

--
-- Dumping data for table `voucher_usage_history`
--

LOCK TABLES `voucher_usage_history` WRITE;
/*!40000 ALTER TABLE `voucher_usage_history` DISABLE KEYS */;
INSERT INTO `voucher_usage_history` VALUES (1,2,'VC-LT3HUV',8,'Nhựt Minh','sathuonline0788746659@gmail.com','2026-06-01 03:11:33',44,3,450000.00,90000.00,360000.00,'booking'),(2,1,'VC-XV4BY6',8,'Nhựt Minh','sathuonline0788746659@gmail.com','2026-06-01 07:07:52',45,1,105000.00,20000.00,85000.00,'booking'),(3,4,'VC-6E7BXA',8,'Nhựt Minh','sathuonline0788746659@gmail.com','2026-06-01 07:59:31',53,1,300000.00,100000.00,200000.00,'booking'),(4,4,'VC-6E7BXA',8,'Nhựt Minh','sathuonline0788746659@gmail.com','2026-06-01 08:16:12',54,1,204000.00,100000.00,104000.00,'booking'),(5,3,'VC-AQBCMB',8,'Nhựt Minh','sathuonline0788746659@gmail.com','2026-06-01 08:56:11',61,3,100000.00,10000.00,90000.00,'booking'),(6,6,'VC-TCBXQJ',8,'Nhựt Minh','sathuonline0788746659@gmail.com','2026-06-01 09:21:33',65,3,750000.00,500000.00,250000.00,'booking'),(7,4,'VC-6E7BXA',8,'Nhựt Minh','sathuonline0788746659@gmail.com','2026-06-01 14:21:17',73,1,200000.00,100000.00,100000.00,'booking');
/*!40000 ALTER TABLE `voucher_usage_history` ENABLE KEYS */;
UNLOCK TABLES;

--
-- Table structure for table `vouchers`
--

DROP TABLE IF EXISTS `vouchers`;
/*!40101 SET @saved_cs_client     = @@character_set_client */;
/*!50503 SET character_set_client = utf8mb4 */;
CREATE TABLE `vouchers` (
  `voucher_id` int NOT NULL AUTO_INCREMENT,
  `owner_id` int DEFAULT NULL,
  `location_id` int DEFAULT NULL,
  `code` varchar(50) NOT NULL,
  `campaign_name` varchar(255) DEFAULT NULL,
  `campaign_description` text,
  `discount_type` enum('percent','amount') NOT NULL,
  `discount_value` decimal(10,2) NOT NULL,
  `apply_to_service_type` enum('all','room','food','ticket','other') DEFAULT 'all',
  `apply_to_location_type` enum('all','hotel','restaurant','tourist','cafe','resort','other') DEFAULT 'all',
  `min_order_value` decimal(10,2) DEFAULT '0.00',
  `max_discount_amount` decimal(10,2) DEFAULT NULL,
  `start_date` datetime NOT NULL,
  `end_date` datetime NOT NULL,
  `usage_limit` int DEFAULT '100',
  `max_uses_per_user` int DEFAULT '1',
  `target_group` enum('all','loyal') NOT NULL DEFAULT 'all',
  `loyalty_min_spend` decimal(12,2) DEFAULT NULL,
  `used_count` int DEFAULT '0',
  `status` enum('active','inactive','expired') DEFAULT 'active',
  `created_at` timestamp NULL DEFAULT CURRENT_TIMESTAMP,
  `owner_deleted_at` datetime DEFAULT NULL,
  PRIMARY KEY (`voucher_id`),
  UNIQUE KEY `unique_code_owner` (`code`,`owner_id`),
  KEY `vouchers_owner_fk` (`owner_id`),
  KEY `vouchers_location_fk` (`location_id`),
  CONSTRAINT `vouchers_location_fk` FOREIGN KEY (`location_id`) REFERENCES `locations` (`location_id`) ON DELETE CASCADE,
  CONSTRAINT `vouchers_owner_fk` FOREIGN KEY (`owner_id`) REFERENCES `users` (`user_id`) ON DELETE CASCADE
) ENGINE=InnoDB AUTO_INCREMENT=8 DEFAULT CHARSET=utf8mb4 COLLATE=utf8mb4_0900_ai_ci;
/*!40101 SET character_set_client = @saved_cs_client */;

--
-- Dumping data for table `vouchers`
--

LOCK TABLES `vouchers` WRITE;
/*!40000 ALTER TABLE `vouchers` DISABLE KEYS */;
INSERT INTO `vouchers` VALUES (1,1,NULL,'VC-XV4BY6','Mừng ngày 1/6','','amount',20000.00,'all','all',100000.00,NULL,'2026-05-31 00:00:00','2026-06-06 00:00:00',100,1,'all',NULL,1,'active','2026-05-31 16:23:40',NULL),(2,1,NULL,'VC-LT3HUV','Mừng ngày 1/6','','percent',20.00,'all','all',200000.00,100000.00,'2026-06-01 00:00:00','2026-06-04 00:00:00',100,2,'all',NULL,2,'active','2026-05-31 16:59:26',NULL),(3,4,NULL,'VC-AQBCMB','Mừng ngày 1/6',NULL,'percent',10.00,'ticket','all',0.00,20000.00,'2026-06-01 00:00:00','2026-06-02 00:00:00',100,1,'all',NULL,1,'active','2026-06-01 01:27:55',NULL),(4,4,1,'VC-6E7BXA','Chào MỪNG ',NULL,'amount',100000.00,'all','all',200000.00,NULL,'2026-06-01 00:00:00','2026-06-04 00:00:00',30,2,'all',NULL,3,'active','2026-06-01 02:45:23',NULL),(5,4,NULL,'VC-5P4CVR','Chào MỪNG ',NULL,'percent',50.00,'room','all',2000000.00,200000.00,'2026-06-02 00:00:00','2026-06-04 00:00:00',10,2,'all',NULL,0,'active','2026-06-01 03:06:57',NULL),(6,1,NULL,'VC-TCBXQJ','Mừng ngày giảm giá','','amount',500000.00,'all','all',500000.00,NULL,'2026-06-01 00:00:00','2026-06-04 00:00:00',10,1,'all',NULL,1,'active','2026-06-01 09:20:52',NULL),(7,4,3,'musuc','Chào MỪNG ',NULL,'percent',2000.00,'ticket','all',100000.00,10.00,'2026-06-01 00:00:00','2026-06-03 00:00:00',100,1,'all',NULL,0,'active','2026-06-01 15:22:30',NULL);
/*!40000 ALTER TABLE `vouchers` ENABLE KEYS */;
UNLOCK TABLES;
/*!40103 SET TIME_ZONE=@OLD_TIME_ZONE */;

/*!40101 SET SQL_MODE=@OLD_SQL_MODE */;
/*!40014 SET FOREIGN_KEY_CHECKS=@OLD_FOREIGN_KEY_CHECKS */;
/*!40014 SET UNIQUE_CHECKS=@OLD_UNIQUE_CHECKS */;
/*!40101 SET CHARACTER_SET_CLIENT=@OLD_CHARACTER_SET_CLIENT */;
/*!40101 SET CHARACTER_SET_RESULTS=@OLD_CHARACTER_SET_RESULTS */;
/*!40101 SET COLLATION_CONNECTION=@OLD_COLLATION_CONNECTION */;
/*!40111 SET SQL_NOTES=@OLD_SQL_NOTES */;

-- Dump completed on 2026-06-01 22:30:16
